[0.255s] DEBUG:colcon:Command line arguments: ['/usr/bin/colcon', 'build']
[0.255s] DEBUG:colcon:Parsed command line arguments: Namespace(log_base=None, log_level=None, verb_name='build', build_base='build', install_base='install', merge_install=False, symlink_install=False, test_result_base=None, continue_on_error=False, executor='parallel', parallel_workers=12, event_handlers=None, ignore_user_meta=False, metas=['./colcon.meta'], base_paths=['.'], packages_ignore=None, packages_ignore_regex=None, paths=None, packages_up_to=None, packages_up_to_regex=None, packages_above=None, packages_above_and_dependencies=None, packages_above_depth=None, packages_select_by_dep=None, packages_skip_by_dep=None, packages_skip_up_to=None, packages_select_build_failed=False, packages_skip_build_finished=False, packages_select_test_failures=False, packages_skip_test_passed=False, packages_select=None, packages_skip=None, packages_select_regex=None, packages_skip_regex=None, packages_start=None, packages_end=None, allow_overriding=[], cmake_args=None, cmake_target=None, cmake_target_skip_unavailable=False, cmake_clean_cache=False, cmake_clean_first=False, cmake_force_configure=False, ament_cmake_args=None, catkin_cmake_args=None, catkin_skip_building_tests=False, mixin_files=None, mixin=None, verb_parser=<colcon_mixin.mixin.mixin_argument.MixinArgumentDecorator object at 0x72811fc5b490>, verb_extension=<colcon_core.verb.build.BuildVerb object at 0x72811fc5add0>, main=<bound method BuildVerb.main of <colcon_core.verb.build.BuildVerb object at 0x72811fc5add0>>, mixin_verb=('build',))
[0.466s] Level 1:colcon.colcon_core.package_discovery:discover_packages(colcon_meta) check parameters
[0.466s] Level 1:colcon.colcon_core.package_discovery:discover_packages(recursive) check parameters
[0.466s] Level 1:colcon.colcon_core.package_discovery:discover_packages(ignore) check parameters
[0.466s] Level 1:colcon.colcon_core.package_discovery:discover_packages(path) check parameters
[0.466s] Level 1:colcon.colcon_core.package_discovery:discover_packages(colcon_meta) discover
[0.466s] Level 1:colcon.colcon_core.package_discovery:discover_packages(recursive) discover
[0.466s] INFO:colcon.colcon_core.package_discovery:Crawling recursively for packages in '/home/dammr/Desktop/magister_ws/UC_SmartFarmRadar'
[0.466s] Level 1:colcon.colcon_core.package_identification:_identify(.) by extensions ['ignore', 'ignore_ament_install']
[0.466s] Level 1:colcon.colcon_core.package_identification:_identify(.) by extension 'ignore'
[0.466s] Level 1:colcon.colcon_core.package_identification:_identify(.) by extension 'ignore_ament_install'
[0.467s] Level 1:colcon.colcon_core.package_identification:_identify(.) by extensions ['colcon_pkg']
[0.467s] Level 1:colcon.colcon_core.package_identification:_identify(.) by extension 'colcon_pkg'
[0.467s] Level 1:colcon.colcon_core.package_identification:_identify(.) by extensions ['colcon_meta']
[0.467s] Level 1:colcon.colcon_core.package_identification:_identify(.) by extension 'colcon_meta'
[0.467s] Level 1:colcon.colcon_core.package_identification:_identify(.) by extensions ['ros']
[0.467s] Level 1:colcon.colcon_core.package_identification:_identify(.) by extension 'ros'
[0.475s] Level 1:colcon.colcon_core.package_identification:_identify(.) by extensions ['cmake', 'python']
[0.476s] Level 1:colcon.colcon_core.package_identification:_identify(.) by extension 'cmake'
[0.476s] Level 1:colcon.colcon_core.package_identification:_identify(.) by extension 'python'
[0.476s] Level 1:colcon.colcon_core.package_identification:_identify(.) by extensions ['python_setup_py']
[0.476s] Level 1:colcon.colcon_core.package_identification:_identify(.) by extension 'python_setup_py'
[0.476s] Level 1:colcon.colcon_core.package_identification:_identify(build) by extensions ['ignore', 'ignore_ament_install']
[0.476s] Level 1:colcon.colcon_core.package_identification:_identify(build) by extension 'ignore'
[0.476s] Level 1:colcon.colcon_core.package_identification:_identify(build) ignored
[0.476s] Level 1:colcon.colcon_core.package_identification:_identify(datos) by extensions ['ignore', 'ignore_ament_install']
[0.476s] Level 1:colcon.colcon_core.package_identification:_identify(datos) by extension 'ignore'
[0.476s] Level 1:colcon.colcon_core.package_identification:_identify(datos) by extension 'ignore_ament_install'
[0.476s] Level 1:colcon.colcon_core.package_identification:_identify(datos) by extensions ['colcon_pkg']
[0.476s] Level 1:colcon.colcon_core.package_identification:_identify(datos) by extension 'colcon_pkg'
[0.476s] Level 1:colcon.colcon_core.package_identification:_identify(datos) by extensions ['colcon_meta']
[0.476s] Level 1:colcon.colcon_core.package_identification:_identify(datos) by extension 'colcon_meta'
[0.476s] Level 1:colcon.colcon_core.package_identification:_identify(datos) by extensions ['ros']
[0.476s] Level 1:colcon.colcon_core.package_identification:_identify(datos) by extension 'ros'
[0.476s] Level 1:colcon.colcon_core.package_identification:_identify(datos) by extensions ['cmake', 'python']
[0.476s] Level 1:colcon.colcon_core.package_identification:_identify(datos) by extension 'cmake'
[0.476s] Level 1:colcon.colcon_core.package_identification:_identify(datos) by extension 'python'
[0.476s] Level 1:colcon.colcon_core.package_identification:_identify(datos) by extensions ['python_setup_py']
[0.476s] Level 1:colcon.colcon_core.package_identification:_identify(datos) by extension 'python_setup_py'
[0.476s] Level 1:colcon.colcon_core.package_identification:_identify(datos/arbol) by extensions ['ignore', 'ignore_ament_install']
[0.476s] Level 1:colcon.colcon_core.package_identification:_identify(datos/arbol) by extension 'ignore'
[0.476s] Level 1:colcon.colcon_core.package_identification:_identify(datos/arbol) by extension 'ignore_ament_install'
[0.476s] Level 1:colcon.colcon_core.package_identification:_identify(datos/arbol) by extensions ['colcon_pkg']
[0.476s] Level 1:colcon.colcon_core.package_identification:_identify(datos/arbol) by extension 'colcon_pkg'
[0.476s] Level 1:colcon.colcon_core.package_identification:_identify(datos/arbol) by extensions ['colcon_meta']
[0.477s] Level 1:colcon.colcon_core.package_identification:_identify(datos/arbol) by extension 'colcon_meta'
[0.477s] Level 1:colcon.colcon_core.package_identification:_identify(datos/arbol) by extensions ['ros']
[0.477s] Level 1:colcon.colcon_core.package_identification:_identify(datos/arbol) by extension 'ros'
[0.477s] Level 1:colcon.colcon_core.package_identification:_identify(datos/arbol) by extensions ['cmake', 'python']
[0.477s] Level 1:colcon.colcon_core.package_identification:_identify(datos/arbol) by extension 'cmake'
[0.477s] Level 1:colcon.colcon_core.package_identification:_identify(datos/arbol) by extension 'python'
[0.477s] Level 1:colcon.colcon_core.package_identification:_identify(datos/arbol) by extensions ['python_setup_py']
[0.477s] Level 1:colcon.colcon_core.package_identification:_identify(datos/arbol) by extension 'python_setup_py'
[0.477s] Level 1:colcon.colcon_core.package_identification:_identify(datos/capturas_radar_npy) by extensions ['ignore', 'ignore_ament_install']
[0.477s] Level 1:colcon.colcon_core.package_identification:_identify(datos/capturas_radar_npy) by extension 'ignore'
[0.477s] Level 1:colcon.colcon_core.package_identification:_identify(datos/capturas_radar_npy) by extension 'ignore_ament_install'
[0.477s] Level 1:colcon.colcon_core.package_identification:_identify(datos/capturas_radar_npy) by extensions ['colcon_pkg']
[0.477s] Level 1:colcon.colcon_core.package_identification:_identify(datos/capturas_radar_npy) by extension 'colcon_pkg'
[0.477s] Level 1:colcon.colcon_core.package_identification:_identify(datos/capturas_radar_npy) by extensions ['colcon_meta']
[0.477s] Level 1:colcon.colcon_core.package_identification:_identify(datos/capturas_radar_npy) by extension 'colcon_meta'
[0.477s] Level 1:colcon.colcon_core.package_identification:_identify(datos/capturas_radar_npy) by extensions ['ros']
[0.477s] Level 1:colcon.colcon_core.package_identification:_identify(datos/capturas_radar_npy) by extension 'ros'
[0.477s] Level 1:colcon.colcon_core.package_identification:_identify(datos/capturas_radar_npy) by extensions ['cmake', 'python']
[0.477s] Level 1:colcon.colcon_core.package_identification:_identify(datos/capturas_radar_npy) by extension 'cmake'
[0.477s] Level 1:colcon.colcon_core.package_identification:_identify(datos/capturas_radar_npy) by extension 'python'
[0.477s] Level 1:colcon.colcon_core.package_identification:_identify(datos/capturas_radar_npy) by extensions ['python_setup_py']
[0.477s] Level 1:colcon.colcon_core.package_identification:_identify(datos/capturas_radar_npy) by extension 'python_setup_py'
[0.477s] Level 1:colcon.colcon_core.package_identification:_identify(datos/experimento_radar_ultimo4) by extensions ['ignore', 'ignore_ament_install']
[0.477s] Level 1:colcon.colcon_core.package_identification:_identify(datos/experimento_radar_ultimo4) by extension 'ignore'
[0.477s] Level 1:colcon.colcon_core.package_identification:_identify(datos/experimento_radar_ultimo4) by extension 'ignore_ament_install'
[0.477s] Level 1:colcon.colcon_core.package_identification:_identify(datos/experimento_radar_ultimo4) by extensions ['colcon_pkg']
[0.477s] Level 1:colcon.colcon_core.package_identification:_identify(datos/experimento_radar_ultimo4) by extension 'colcon_pkg'
[0.477s] Level 1:colcon.colcon_core.package_identification:_identify(datos/experimento_radar_ultimo4) by extensions ['colcon_meta']
[0.477s] Level 1:colcon.colcon_core.package_identification:_identify(datos/experimento_radar_ultimo4) by extension 'colcon_meta'
[0.477s] Level 1:colcon.colcon_core.package_identification:_identify(datos/experimento_radar_ultimo4) by extensions ['ros']
[0.477s] Level 1:colcon.colcon_core.package_identification:_identify(datos/experimento_radar_ultimo4) by extension 'ros'
[0.478s] Level 1:colcon.colcon_core.package_identification:_identify(datos/experimento_radar_ultimo4) by extensions ['cmake', 'python']
[0.478s] Level 1:colcon.colcon_core.package_identification:_identify(datos/experimento_radar_ultimo4) by extension 'cmake'
[0.478s] Level 1:colcon.colcon_core.package_identification:_identify(datos/experimento_radar_ultimo4) by extension 'python'
[0.478s] Level 1:colcon.colcon_core.package_identification:_identify(datos/experimento_radar_ultimo4) by extensions ['python_setup_py']
[0.478s] Level 1:colcon.colcon_core.package_identification:_identify(datos/experimento_radar_ultimo4) by extension 'python_setup_py'
[0.478s] Level 1:colcon.colcon_core.package_identification:_identify(datos/experimetos_pao) by extensions ['ignore', 'ignore_ament_install']
[0.478s] Level 1:colcon.colcon_core.package_identification:_identify(datos/experimetos_pao) by extension 'ignore'
[0.478s] Level 1:colcon.colcon_core.package_identification:_identify(datos/experimetos_pao) by extension 'ignore_ament_install'
[0.478s] Level 1:colcon.colcon_core.package_identification:_identify(datos/experimetos_pao) by extensions ['colcon_pkg']
[0.478s] Level 1:colcon.colcon_core.package_identification:_identify(datos/experimetos_pao) by extension 'colcon_pkg'
[0.478s] Level 1:colcon.colcon_core.package_identification:_identify(datos/experimetos_pao) by extensions ['colcon_meta']
[0.478s] Level 1:colcon.colcon_core.package_identification:_identify(datos/experimetos_pao) by extension 'colcon_meta'
[0.478s] Level 1:colcon.colcon_core.package_identification:_identify(datos/experimetos_pao) by extensions ['ros']
[0.478s] Level 1:colcon.colcon_core.package_identification:_identify(datos/experimetos_pao) by extension 'ros'
[0.478s] Level 1:colcon.colcon_core.package_identification:_identify(datos/experimetos_pao) by extensions ['cmake', 'python']
[0.478s] Level 1:colcon.colcon_core.package_identification:_identify(datos/experimetos_pao) by extension 'cmake'
[0.478s] Level 1:colcon.colcon_core.package_identification:_identify(datos/experimetos_pao) by extension 'python'
[0.478s] Level 1:colcon.colcon_core.package_identification:_identify(datos/experimetos_pao) by extensions ['python_setup_py']
[0.478s] Level 1:colcon.colcon_core.package_identification:_identify(datos/experimetos_pao) by extension 'python_setup_py'
[0.478s] Level 1:colcon.colcon_core.package_identification:_identify(datos/experimetos_pao/arbol) by extensions ['ignore', 'ignore_ament_install']
[0.478s] Level 1:colcon.colcon_core.package_identification:_identify(datos/experimetos_pao/arbol) by extension 'ignore'
[0.478s] Level 1:colcon.colcon_core.package_identification:_identify(datos/experimetos_pao/arbol) by extension 'ignore_ament_install'
[0.478s] Level 1:colcon.colcon_core.package_identification:_identify(datos/experimetos_pao/arbol) by extensions ['colcon_pkg']
[0.478s] Level 1:colcon.colcon_core.package_identification:_identify(datos/experimetos_pao/arbol) by extension 'colcon_pkg'
[0.478s] Level 1:colcon.colcon_core.package_identification:_identify(datos/experimetos_pao/arbol) by extensions ['colcon_meta']
[0.478s] Level 1:colcon.colcon_core.package_identification:_identify(datos/experimetos_pao/arbol) by extension 'colcon_meta'
[0.478s] Level 1:colcon.colcon_core.package_identification:_identify(datos/experimetos_pao/arbol) by extensions ['ros']
[0.478s] Level 1:colcon.colcon_core.package_identification:_identify(datos/experimetos_pao/arbol) by extension 'ros'
[0.478s] Level 1:colcon.colcon_core.package_identification:_identify(datos/experimetos_pao/arbol) by extensions ['cmake', 'python']
[0.478s] Level 1:colcon.colcon_core.package_identification:_identify(datos/experimetos_pao/arbol) by extension 'cmake'
[0.478s] Level 1:colcon.colcon_core.package_identification:_identify(datos/experimetos_pao/arbol) by extension 'python'
[0.478s] Level 1:colcon.colcon_core.package_identification:_identify(datos/experimetos_pao/arbol) by extensions ['python_setup_py']
[0.478s] Level 1:colcon.colcon_core.package_identification:_identify(datos/experimetos_pao/arbol) by extension 'python_setup_py'
[0.479s] Level 1:colcon.colcon_core.package_identification:_identify(datos/experimetos_pao/conos) by extensions ['ignore', 'ignore_ament_install']
[0.479s] Level 1:colcon.colcon_core.package_identification:_identify(datos/experimetos_pao/conos) by extension 'ignore'
[0.479s] Level 1:colcon.colcon_core.package_identification:_identify(datos/experimetos_pao/conos) by extension 'ignore_ament_install'
[0.479s] Level 1:colcon.colcon_core.package_identification:_identify(datos/experimetos_pao/conos) by extensions ['colcon_pkg']
[0.479s] Level 1:colcon.colcon_core.package_identification:_identify(datos/experimetos_pao/conos) by extension 'colcon_pkg'
[0.479s] Level 1:colcon.colcon_core.package_identification:_identify(datos/experimetos_pao/conos) by extensions ['colcon_meta']
[0.479s] Level 1:colcon.colcon_core.package_identification:_identify(datos/experimetos_pao/conos) by extension 'colcon_meta'
[0.479s] Level 1:colcon.colcon_core.package_identification:_identify(datos/experimetos_pao/conos) by extensions ['ros']
[0.479s] Level 1:colcon.colcon_core.package_identification:_identify(datos/experimetos_pao/conos) by extension 'ros'
[0.479s] Level 1:colcon.colcon_core.package_identification:_identify(datos/experimetos_pao/conos) by extensions ['cmake', 'python']
[0.479s] Level 1:colcon.colcon_core.package_identification:_identify(datos/experimetos_pao/conos) by extension 'cmake'
[0.479s] Level 1:colcon.colcon_core.package_identification:_identify(datos/experimetos_pao/conos) by extension 'python'
[0.479s] Level 1:colcon.colcon_core.package_identification:_identify(datos/experimetos_pao/conos) by extensions ['python_setup_py']
[0.479s] Level 1:colcon.colcon_core.package_identification:_identify(datos/experimetos_pao/conos) by extension 'python_setup_py'
[0.479s] Level 1:colcon.colcon_core.package_identification:_identify(datos/medicion_fondo_centro) by extensions ['ignore', 'ignore_ament_install']
[0.479s] Level 1:colcon.colcon_core.package_identification:_identify(datos/medicion_fondo_centro) by extension 'ignore'
[0.479s] Level 1:colcon.colcon_core.package_identification:_identify(datos/medicion_fondo_centro) by extension 'ignore_ament_install'
[0.479s] Level 1:colcon.colcon_core.package_identification:_identify(datos/medicion_fondo_centro) by extensions ['colcon_pkg']
[0.479s] Level 1:colcon.colcon_core.package_identification:_identify(datos/medicion_fondo_centro) by extension 'colcon_pkg'
[0.479s] Level 1:colcon.colcon_core.package_identification:_identify(datos/medicion_fondo_centro) by extensions ['colcon_meta']
[0.479s] Level 1:colcon.colcon_core.package_identification:_identify(datos/medicion_fondo_centro) by extension 'colcon_meta'
[0.479s] Level 1:colcon.colcon_core.package_identification:_identify(datos/medicion_fondo_centro) by extensions ['ros']
[0.479s] Level 1:colcon.colcon_core.package_identification:_identify(datos/medicion_fondo_centro) by extension 'ros'
[0.479s] Level 1:colcon.colcon_core.package_identification:_identify(datos/medicion_fondo_centro) by extensions ['cmake', 'python']
[0.479s] Level 1:colcon.colcon_core.package_identification:_identify(datos/medicion_fondo_centro) by extension 'cmake'
[0.479s] Level 1:colcon.colcon_core.package_identification:_identify(datos/medicion_fondo_centro) by extension 'python'
[0.479s] Level 1:colcon.colcon_core.package_identification:_identify(datos/medicion_fondo_centro) by extensions ['python_setup_py']
[0.479s] Level 1:colcon.colcon_core.package_identification:_identify(datos/medicion_fondo_centro) by extension 'python_setup_py'
[0.479s] Level 1:colcon.colcon_core.package_identification:_identify(datos/medicion_fondo_centro2) by extensions ['ignore', 'ignore_ament_install']
[0.480s] Level 1:colcon.colcon_core.package_identification:_identify(datos/medicion_fondo_centro2) by extension 'ignore'
[0.480s] Level 1:colcon.colcon_core.package_identification:_identify(datos/medicion_fondo_centro2) by extension 'ignore_ament_install'
[0.480s] Level 1:colcon.colcon_core.package_identification:_identify(datos/medicion_fondo_centro2) by extensions ['colcon_pkg']
[0.480s] Level 1:colcon.colcon_core.package_identification:_identify(datos/medicion_fondo_centro2) by extension 'colcon_pkg'
[0.480s] Level 1:colcon.colcon_core.package_identification:_identify(datos/medicion_fondo_centro2) by extensions ['colcon_meta']
[0.480s] Level 1:colcon.colcon_core.package_identification:_identify(datos/medicion_fondo_centro2) by extension 'colcon_meta'
[0.480s] Level 1:colcon.colcon_core.package_identification:_identify(datos/medicion_fondo_centro2) by extensions ['ros']
[0.480s] Level 1:colcon.colcon_core.package_identification:_identify(datos/medicion_fondo_centro2) by extension 'ros'
[0.480s] Level 1:colcon.colcon_core.package_identification:_identify(datos/medicion_fondo_centro2) by extensions ['cmake', 'python']
[0.480s] Level 1:colcon.colcon_core.package_identification:_identify(datos/medicion_fondo_centro2) by extension 'cmake'
[0.480s] Level 1:colcon.colcon_core.package_identification:_identify(datos/medicion_fondo_centro2) by extension 'python'
[0.480s] Level 1:colcon.colcon_core.package_identification:_identify(datos/medicion_fondo_centro2) by extensions ['python_setup_py']
[0.480s] Level 1:colcon.colcon_core.package_identification:_identify(datos/medicion_fondo_centro2) by extension 'python_setup_py'
[0.480s] Level 1:colcon.colcon_core.package_identification:_identify(datos/medicion_fondo_cielo2) by extensions ['ignore', 'ignore_ament_install']
[0.480s] Level 1:colcon.colcon_core.package_identification:_identify(datos/medicion_fondo_cielo2) by extension 'ignore'
[0.480s] Level 1:colcon.colcon_core.package_identification:_identify(datos/medicion_fondo_cielo2) by extension 'ignore_ament_install'
[0.480s] Level 1:colcon.colcon_core.package_identification:_identify(datos/medicion_fondo_cielo2) by extensions ['colcon_pkg']
[0.480s] Level 1:colcon.colcon_core.package_identification:_identify(datos/medicion_fondo_cielo2) by extension 'colcon_pkg'
[0.480s] Level 1:colcon.colcon_core.package_identification:_identify(datos/medicion_fondo_cielo2) by extensions ['colcon_meta']
[0.480s] Level 1:colcon.colcon_core.package_identification:_identify(datos/medicion_fondo_cielo2) by extension 'colcon_meta'
[0.480s] Level 1:colcon.colcon_core.package_identification:_identify(datos/medicion_fondo_cielo2) by extensions ['ros']
[0.480s] Level 1:colcon.colcon_core.package_identification:_identify(datos/medicion_fondo_cielo2) by extension 'ros'
[0.480s] Level 1:colcon.colcon_core.package_identification:_identify(datos/medicion_fondo_cielo2) by extensions ['cmake', 'python']
[0.480s] Level 1:colcon.colcon_core.package_identification:_identify(datos/medicion_fondo_cielo2) by extension 'cmake'
[0.480s] Level 1:colcon.colcon_core.package_identification:_identify(datos/medicion_fondo_cielo2) by extension 'python'
[0.480s] Level 1:colcon.colcon_core.package_identification:_identify(datos/medicion_fondo_cielo2) by extensions ['python_setup_py']
[0.480s] Level 1:colcon.colcon_core.package_identification:_identify(datos/medicion_fondo_cielo2) by extension 'python_setup_py'
[0.480s] Level 1:colcon.colcon_core.package_identification:_identify(install) by extensions ['ignore', 'ignore_ament_install']
[0.480s] Level 1:colcon.colcon_core.package_identification:_identify(install) by extension 'ignore'
[0.480s] Level 1:colcon.colcon_core.package_identification:_identify(install) ignored
[0.481s] Level 1:colcon.colcon_core.package_identification:_identify(log) by extensions ['ignore', 'ignore_ament_install']
[0.481s] Level 1:colcon.colcon_core.package_identification:_identify(log) by extension 'ignore'
[0.481s] Level 1:colcon.colcon_core.package_identification:_identify(log) ignored
[0.481s] Level 1:colcon.colcon_core.package_identification:_identify(ptu_driver) by extensions ['ignore', 'ignore_ament_install']
[0.481s] Level 1:colcon.colcon_core.package_identification:_identify(ptu_driver) by extension 'ignore'
[0.481s] Level 1:colcon.colcon_core.package_identification:_identify(ptu_driver) by extension 'ignore_ament_install'
[0.481s] Level 1:colcon.colcon_core.package_identification:_identify(ptu_driver) by extensions ['colcon_pkg']
[0.481s] Level 1:colcon.colcon_core.package_identification:_identify(ptu_driver) by extension 'colcon_pkg'
[0.481s] Level 1:colcon.colcon_core.package_identification:_identify(ptu_driver) by extensions ['colcon_meta']
[0.481s] Level 1:colcon.colcon_core.package_identification:_identify(ptu_driver) by extension 'colcon_meta'
[0.481s] Level 1:colcon.colcon_core.package_identification:_identify(ptu_driver) by extensions ['ros']
[0.481s] Level 1:colcon.colcon_core.package_identification:_identify(ptu_driver) by extension 'ros'
[0.482s] DEBUG:colcon.colcon_core.package_identification:Package 'ptu_driver' with type 'ros.ament_cmake' and name 'ptu_driver'
[0.483s] Level 1:colcon.colcon_core.package_identification:_identify(ptu_package) by extensions ['ignore', 'ignore_ament_install']
[0.483s] Level 1:colcon.colcon_core.package_identification:_identify(ptu_package) by extension 'ignore'
[0.483s] Level 1:colcon.colcon_core.package_identification:_identify(ptu_package) by extension 'ignore_ament_install'
[0.483s] Level 1:colcon.colcon_core.package_identification:_identify(ptu_package) by extensions ['colcon_pkg']
[0.483s] Level 1:colcon.colcon_core.package_identification:_identify(ptu_package) by extension 'colcon_pkg'
[0.483s] Level 1:colcon.colcon_core.package_identification:_identify(ptu_package) by extensions ['colcon_meta']
[0.483s] Level 1:colcon.colcon_core.package_identification:_identify(ptu_package) by extension 'colcon_meta'
[0.483s] Level 1:colcon.colcon_core.package_identification:_identify(ptu_package) by extensions ['ros']
[0.483s] Level 1:colcon.colcon_core.package_identification:_identify(ptu_package) by extension 'ros'
[0.483s] DEBUG:colcon.colcon_core.package_identification:Package 'ptu_package' with type 'ros.ament_python' and name 'ptu_package'
[0.483s] Level 1:colcon.colcon_core.package_identification:_identify(radar_msg) by extensions ['ignore', 'ignore_ament_install']
[0.483s] Level 1:colcon.colcon_core.package_identification:_identify(radar_msg) by extension 'ignore'
[0.483s] Level 1:colcon.colcon_core.package_identification:_identify(radar_msg) by extension 'ignore_ament_install'
[0.483s] Level 1:colcon.colcon_core.package_identification:_identify(radar_msg) by extensions ['colcon_pkg']
[0.483s] Level 1:colcon.colcon_core.package_identification:_identify(radar_msg) by extension 'colcon_pkg'
[0.483s] Level 1:colcon.colcon_core.package_identification:_identify(radar_msg) by extensions ['colcon_meta']
[0.483s] Level 1:colcon.colcon_core.package_identification:_identify(radar_msg) by extension 'colcon_meta'
[0.483s] Level 1:colcon.colcon_core.package_identification:_identify(radar_msg) by extensions ['ros']
[0.483s] Level 1:colcon.colcon_core.package_identification:_identify(radar_msg) by extension 'ros'
[0.484s] DEBUG:colcon.colcon_core.package_identification:Package 'radar_msg' with type 'ros.ament_cmake' and name 'radar_msg'
[0.484s] Level 1:colcon.colcon_core.package_identification:_identify(radar_package) by extensions ['ignore', 'ignore_ament_install']
[0.484s] Level 1:colcon.colcon_core.package_identification:_identify(radar_package) by extension 'ignore'
[0.484s] Level 1:colcon.colcon_core.package_identification:_identify(radar_package) by extension 'ignore_ament_install'
[0.484s] Level 1:colcon.colcon_core.package_identification:_identify(radar_package) by extensions ['colcon_pkg']
[0.484s] Level 1:colcon.colcon_core.package_identification:_identify(radar_package) by extension 'colcon_pkg'
[0.484s] Level 1:colcon.colcon_core.package_identification:_identify(radar_package) by extensions ['colcon_meta']
[0.484s] Level 1:colcon.colcon_core.package_identification:_identify(radar_package) by extension 'colcon_meta'
[0.484s] Level 1:colcon.colcon_core.package_identification:_identify(radar_package) by extensions ['ros']
[0.484s] Level 1:colcon.colcon_core.package_identification:_identify(radar_package) by extension 'ros'
[0.485s] DEBUG:colcon.colcon_core.package_identification:Package 'radar_package' with type 'ros.ament_python' and name 'radar_package'
[0.485s] Level 1:colcon.colcon_core.package_identification:_identify(review_case) by extensions ['ignore', 'ignore_ament_install']
[0.485s] Level 1:colcon.colcon_core.package_identification:_identify(review_case) by extension 'ignore'
[0.485s] Level 1:colcon.colcon_core.package_identification:_identify(review_case) by extension 'ignore_ament_install'
[0.485s] Level 1:colcon.colcon_core.package_identification:_identify(review_case) by extensions ['colcon_pkg']
[0.485s] Level 1:colcon.colcon_core.package_identification:_identify(review_case) by extension 'colcon_pkg'
[0.485s] Level 1:colcon.colcon_core.package_identification:_identify(review_case) by extensions ['colcon_meta']
[0.485s] Level 1:colcon.colcon_core.package_identification:_identify(review_case) by extension 'colcon_meta'
[0.485s] Level 1:colcon.colcon_core.package_identification:_identify(review_case) by extensions ['ros']
[0.485s] Level 1:colcon.colcon_core.package_identification:_identify(review_case) by extension 'ros'
[0.485s] Level 1:colcon.colcon_core.package_identification:_identify(review_case) by extensions ['cmake', 'python']
[0.485s] Level 1:colcon.colcon_core.package_identification:_identify(review_case) by extension 'cmake'
[0.485s] Level 1:colcon.colcon_core.package_identification:_identify(review_case) by extension 'python'
[0.485s] Level 1:colcon.colcon_core.package_identification:_identify(review_case) by extensions ['python_setup_py']
[0.485s] Level 1:colcon.colcon_core.package_identification:_identify(review_case) by extension 'python_setup_py'
[0.485s] Level 1:colcon.colcon_core.package_identification:_identify(robot_description) by extensions ['ignore', 'ignore_ament_install']
[0.485s] Level 1:colcon.colcon_core.package_identification:_identify(robot_description) by extension 'ignore'
[0.485s] Level 1:colcon.colcon_core.package_identification:_identify(robot_description) by extension 'ignore_ament_install'
[0.485s] Level 1:colcon.colcon_core.package_identification:_identify(robot_description) by extensions ['colcon_pkg']
[0.485s] Level 1:colcon.colcon_core.package_identification:_identify(robot_description) by extension 'colcon_pkg'
[0.485s] Level 1:colcon.colcon_core.package_identification:_identify(robot_description) by extensions ['colcon_meta']
[0.485s] Level 1:colcon.colcon_core.package_identification:_identify(robot_description) by extension 'colcon_meta'
[0.485s] Level 1:colcon.colcon_core.package_identification:_identify(robot_description) by extensions ['ros']
[0.485s] Level 1:colcon.colcon_core.package_identification:_identify(robot_description) by extension 'ros'
[0.486s] DEBUG:colcon.colcon_core.package_identification:Package 'robot_description' with type 'ros.ament_cmake' and name 'robot_description'
[0.486s] Level 1:colcon.colcon_core.package_identification:_identify(state_machine) by extensions ['ignore', 'ignore_ament_install']
[0.486s] Level 1:colcon.colcon_core.package_identification:_identify(state_machine) by extension 'ignore'
[0.486s] Level 1:colcon.colcon_core.package_identification:_identify(state_machine) by extension 'ignore_ament_install'
[0.486s] Level 1:colcon.colcon_core.package_identification:_identify(state_machine) by extensions ['colcon_pkg']
[0.486s] Level 1:colcon.colcon_core.package_identification:_identify(state_machine) by extension 'colcon_pkg'
[0.486s] Level 1:colcon.colcon_core.package_identification:_identify(state_machine) by extensions ['colcon_meta']
[0.486s] Level 1:colcon.colcon_core.package_identification:_identify(state_machine) by extension 'colcon_meta'
[0.486s] Level 1:colcon.colcon_core.package_identification:_identify(state_machine) by extensions ['ros']
[0.486s] Level 1:colcon.colcon_core.package_identification:_identify(state_machine) by extension 'ros'
[0.486s] DEBUG:colcon.colcon_core.package_identification:Package 'state_machine' with type 'ros.ament_python' and name 'state_machine'
[0.486s] Level 1:colcon.colcon_core.package_discovery:discover_packages(recursive) using defaults
[0.486s] Level 1:colcon.colcon_core.package_discovery:discover_packages(ignore) discover
[0.487s] Level 1:colcon.colcon_core.package_discovery:discover_packages(ignore) using defaults
[0.487s] Level 1:colcon.colcon_core.package_discovery:discover_packages(path) discover
[0.487s] Level 1:colcon.colcon_core.package_discovery:discover_packages(path) using defaults
[0.518s] Level 1:colcon.colcon_core.package_discovery:discover_packages(prefix_path) check parameters
[0.518s] Level 1:colcon.colcon_core.package_discovery:discover_packages(prefix_path) discover
[0.519s] WARNING:colcon.colcon_ros.prefix_path.ament:The path '/home/dammr/Desktop/magister_ws/UC_SmartFarmRadar/install/state_machine' in the environment variable AMENT_PREFIX_PATH doesn't exist
[0.519s] WARNING:colcon.colcon_ros.prefix_path.ament:The path '/home/dammr/Desktop/magister_ws/UC_SmartFarmRadar/install/robot_description' in the environment variable AMENT_PREFIX_PATH doesn't exist
[0.519s] WARNING:colcon.colcon_ros.prefix_path.ament:The path '/home/dammr/Desktop/magister_ws/UC_SmartFarmRadar/install/radar_package' in the environment variable AMENT_PREFIX_PATH doesn't exist
[0.519s] WARNING:colcon.colcon_ros.prefix_path.ament:The path '/home/dammr/Desktop/magister_ws/UC_SmartFarmRadar/install/ptu_package' in the environment variable AMENT_PREFIX_PATH doesn't exist
[0.519s] WARNING:colcon.colcon_ros.prefix_path.ament:The path '/home/dammr/Desktop/magister_ws/UC_SmartFarmRadar/install/radar_msg' in the environment variable AMENT_PREFIX_PATH doesn't exist
[0.519s] WARNING:colcon.colcon_ros.prefix_path.ament:The path '/home/dammr/Desktop/magister_ws/UC_SmartFarmRadar/install/ptu_driver' in the environment variable AMENT_PREFIX_PATH doesn't exist
[0.527s] WARNING:colcon.colcon_ros.prefix_path.catkin:The path '/home/dammr/Desktop/magister_ws/UC_SmartFarmRadar/install/robot_description' in the environment variable CMAKE_PREFIX_PATH doesn't exist
[0.527s] WARNING:colcon.colcon_ros.prefix_path.catkin:The path '/home/dammr/Desktop/magister_ws/UC_SmartFarmRadar/install/radar_msg' in the environment variable CMAKE_PREFIX_PATH doesn't exist
[0.527s] WARNING:colcon.colcon_ros.prefix_path.catkin:The path '/home/dammr/Desktop/magister_ws/UC_SmartFarmRadar/install/ptu_driver' in the environment variable CMAKE_PREFIX_PATH doesn't exist
[0.528s] DEBUG:colcon.colcon_installed_package_information.package_discovery:Found 0 installed packages in /home/dammr/Desktop/magister_ws/UC_SmartFarmRadar/install
[0.534s] DEBUG:colcon.colcon_installed_package_information.package_discovery:Found 346 installed packages in /home/dammr/ros2_humble/install
[0.536s] DEBUG:colcon.colcon_installed_package_information.package_discovery:Found 128 installed packages in /opt/ros/humble
[0.540s] Level 1:colcon.colcon_core.package_discovery:discover_packages(prefix_path) using defaults
[0.570s] Level 5:colcon.colcon_core.verb:set package 'ptu_driver' build argument 'cmake_args' from command line to 'None'
[0.570s] Level 5:colcon.colcon_core.verb:set package 'ptu_driver' build argument 'cmake_target' from command line to 'None'
[0.570s] Level 5:colcon.colcon_core.verb:set package 'ptu_driver' build argument 'cmake_target_skip_unavailable' from command line to 'False'
[0.570s] Level 5:colcon.colcon_core.verb:set package 'ptu_driver' build argument 'cmake_clean_cache' from command line to 'False'
[0.570s] Level 5:colcon.colcon_core.verb:set package 'ptu_driver' build argument 'cmake_clean_first' from command line to 'False'
[0.570s] Level 5:colcon.colcon_core.verb:set package 'ptu_driver' build argument 'cmake_force_configure' from command line to 'False'
[0.570s] Level 5:colcon.colcon_core.verb:set package 'ptu_driver' build argument 'ament_cmake_args' from command line to 'None'
[0.570s] Level 5:colcon.colcon_core.verb:set package 'ptu_driver' build argument 'catkin_cmake_args' from command line to 'None'
[0.570s] Level 5:colcon.colcon_core.verb:set package 'ptu_driver' build argument 'catkin_skip_building_tests' from command line to 'False'
[0.570s] DEBUG:colcon.colcon_core.verb:Building package 'ptu_driver' with the following arguments: {'ament_cmake_args': None, 'build_base': '/home/dammr/Desktop/magister_ws/UC_SmartFarmRadar/build/ptu_driver', 'catkin_cmake_args': None, 'catkin_skip_building_tests': False, 'cmake_args': None, 'cmake_clean_cache': False, 'cmake_clean_first': False, 'cmake_force_configure': False, 'cmake_target': None, 'cmake_target_skip_unavailable': False, 'install_base': '/home/dammr/Desktop/magister_ws/UC_SmartFarmRadar/install/ptu_driver', 'merge_install': False, 'path': '/home/dammr/Desktop/magister_ws/UC_SmartFarmRadar/ptu_driver', 'symlink_install': False, 'test_result_base': None}
[0.570s] Level 5:colcon.colcon_core.verb:set package 'radar_msg' build argument 'cmake_args' from command line to 'None'
[0.570s] Level 5:colcon.colcon_core.verb:set package 'radar_msg' build argument 'cmake_target' from command line to 'None'
[0.570s] Level 5:colcon.colcon_core.verb:set package 'radar_msg' build argument 'cmake_target_skip_unavailable' from command line to 'False'
[0.570s] Level 5:colcon.colcon_core.verb:set package 'radar_msg' build argument 'cmake_clean_cache' from command line to 'False'
[0.570s] Level 5:colcon.colcon_core.verb:set package 'radar_msg' build argument 'cmake_clean_first' from command line to 'False'
[0.570s] Level 5:colcon.colcon_core.verb:set package 'radar_msg' build argument 'cmake_force_configure' from command line to 'False'
[0.570s] Level 5:colcon.colcon_core.verb:set package 'radar_msg' build argument 'ament_cmake_args' from command line to 'None'
[0.570s] Level 5:colcon.colcon_core.verb:set package 'radar_msg' build argument 'catkin_cmake_args' from command line to 'None'
[0.570s] Level 5:colcon.colcon_core.verb:set package 'radar_msg' build argument 'catkin_skip_building_tests' from command line to 'False'
[0.570s] DEBUG:colcon.colcon_core.verb:Building package 'radar_msg' with the following arguments: {'ament_cmake_args': None, 'build_base': '/home/dammr/Desktop/magister_ws/UC_SmartFarmRadar/build/radar_msg', 'catkin_cmake_args': None, 'catkin_skip_building_tests': False, 'cmake_args': None, 'cmake_clean_cache': False, 'cmake_clean_first': False, 'cmake_force_configure': False, 'cmake_target': None, 'cmake_target_skip_unavailable': False, 'install_base': '/home/dammr/Desktop/magister_ws/UC_SmartFarmRadar/install/radar_msg', 'merge_install': False, 'path': '/home/dammr/Desktop/magister_ws/UC_SmartFarmRadar/radar_msg', 'symlink_install': False, 'test_result_base': None}
[0.571s] Level 5:colcon.colcon_core.verb:set package 'robot_description' build argument 'cmake_args' from command line to 'None'
[0.571s] Level 5:colcon.colcon_core.verb:set package 'robot_description' build argument 'cmake_target' from command line to 'None'
[0.571s] Level 5:colcon.colcon_core.verb:set package 'robot_description' build argument 'cmake_target_skip_unavailable' from command line to 'False'
[0.571s] Level 5:colcon.colcon_core.verb:set package 'robot_description' build argument 'cmake_clean_cache' from command line to 'False'
[0.571s] Level 5:colcon.colcon_core.verb:set package 'robot_description' build argument 'cmake_clean_first' from command line to 'False'
[0.571s] Level 5:colcon.colcon_core.verb:set package 'robot_description' build argument 'cmake_force_configure' from command line to 'False'
[0.571s] Level 5:colcon.colcon_core.verb:set package 'robot_description' build argument 'ament_cmake_args' from command line to 'None'
[0.571s] Level 5:colcon.colcon_core.verb:set package 'robot_description' build argument 'catkin_cmake_args' from command line to 'None'
[0.571s] Level 5:colcon.colcon_core.verb:set package 'robot_description' build argument 'catkin_skip_building_tests' from command line to 'False'
[0.571s] DEBUG:colcon.colcon_core.verb:Building package 'robot_description' with the following arguments: {'ament_cmake_args': None, 'build_base': '/home/dammr/Desktop/magister_ws/UC_SmartFarmRadar/build/robot_description', 'catkin_cmake_args': None, 'catkin_skip_building_tests': False, 'cmake_args': None, 'cmake_clean_cache': False, 'cmake_clean_first': False, 'cmake_force_configure': False, 'cmake_target': None, 'cmake_target_skip_unavailable': False, 'install_base': '/home/dammr/Desktop/magister_ws/UC_SmartFarmRadar/install/robot_description', 'merge_install': False, 'path': '/home/dammr/Desktop/magister_ws/UC_SmartFarmRadar/robot_description', 'symlink_install': False, 'test_result_base': None}
[0.571s] Level 5:colcon.colcon_core.verb:set package 'ptu_package' build argument 'cmake_args' from command line to 'None'
[0.571s] Level 5:colcon.colcon_core.verb:set package 'ptu_package' build argument 'cmake_target' from command line to 'None'
[0.571s] Level 5:colcon.colcon_core.verb:set package 'ptu_package' build argument 'cmake_target_skip_unavailable' from command line to 'False'
[0.571s] Level 5:colcon.colcon_core.verb:set package 'ptu_package' build argument 'cmake_clean_cache' from command line to 'False'
[0.571s] Level 5:colcon.colcon_core.verb:set package 'ptu_package' build argument 'cmake_clean_first' from command line to 'False'
[0.571s] Level 5:colcon.colcon_core.verb:set package 'ptu_package' build argument 'cmake_force_configure' from command line to 'False'
[0.571s] Level 5:colcon.colcon_core.verb:set package 'ptu_package' build argument 'ament_cmake_args' from command line to 'None'
[0.571s] Level 5:colcon.colcon_core.verb:set package 'ptu_package' build argument 'catkin_cmake_args' from command line to 'None'
[0.571s] Level 5:colcon.colcon_core.verb:set package 'ptu_package' build argument 'catkin_skip_building_tests' from command line to 'False'
[0.571s] DEBUG:colcon.colcon_core.verb:Building package 'ptu_package' with the following arguments: {'ament_cmake_args': None, 'build_base': '/home/dammr/Desktop/magister_ws/UC_SmartFarmRadar/build/ptu_package', 'catkin_cmake_args': None, 'catkin_skip_building_tests': False, 'cmake_args': None, 'cmake_clean_cache': False, 'cmake_clean_first': False, 'cmake_force_configure': False, 'cmake_target': None, 'cmake_target_skip_unavailable': False, 'install_base': '/home/dammr/Desktop/magister_ws/UC_SmartFarmRadar/install/ptu_package', 'merge_install': False, 'path': '/home/dammr/Desktop/magister_ws/UC_SmartFarmRadar/ptu_package', 'symlink_install': False, 'test_result_base': None}
[0.571s] Level 5:colcon.colcon_core.verb:set package 'radar_package' build argument 'cmake_args' from command line to 'None'
[0.571s] Level 5:colcon.colcon_core.verb:set package 'radar_package' build argument 'cmake_target' from command line to 'None'
[0.571s] Level 5:colcon.colcon_core.verb:set package 'radar_package' build argument 'cmake_target_skip_unavailable' from command line to 'False'
[0.571s] Level 5:colcon.colcon_core.verb:set package 'radar_package' build argument 'cmake_clean_cache' from command line to 'False'
[0.571s] Level 5:colcon.colcon_core.verb:set package 'radar_package' build argument 'cmake_clean_first' from command line to 'False'
[0.571s] Level 5:colcon.colcon_core.verb:set package 'radar_package' build argument 'cmake_force_configure' from command line to 'False'
[0.571s] Level 5:colcon.colcon_core.verb:set package 'radar_package' build argument 'ament_cmake_args' from command line to 'None'
[0.571s] Level 5:colcon.colcon_core.verb:set package 'radar_package' build argument 'catkin_cmake_args' from command line to 'None'
[0.571s] Level 5:colcon.colcon_core.verb:set package 'radar_package' build argument 'catkin_skip_building_tests' from command line to 'False'
[0.571s] DEBUG:colcon.colcon_core.verb:Building package 'radar_package' with the following arguments: {'ament_cmake_args': None, 'build_base': '/home/dammr/Desktop/magister_ws/UC_SmartFarmRadar/build/radar_package', 'catkin_cmake_args': None, 'catkin_skip_building_tests': False, 'cmake_args': None, 'cmake_clean_cache': False, 'cmake_clean_first': False, 'cmake_force_configure': False, 'cmake_target': None, 'cmake_target_skip_unavailable': False, 'install_base': '/home/dammr/Desktop/magister_ws/UC_SmartFarmRadar/install/radar_package', 'merge_install': False, 'path': '/home/dammr/Desktop/magister_ws/UC_SmartFarmRadar/radar_package', 'symlink_install': False, 'test_result_base': None}
[0.572s] Level 5:colcon.colcon_core.verb:set package 'state_machine' build argument 'cmake_args' from command line to 'None'
[0.572s] Level 5:colcon.colcon_core.verb:set package 'state_machine' build argument 'cmake_target' from command line to 'None'
[0.572s] Level 5:colcon.colcon_core.verb:set package 'state_machine' build argument 'cmake_target_skip_unavailable' from command line to 'False'
[0.572s] Level 5:colcon.colcon_core.verb:set package 'state_machine' build argument 'cmake_clean_cache' from command line to 'False'
[0.572s] Level 5:colcon.colcon_core.verb:set package 'state_machine' build argument 'cmake_clean_first' from command line to 'False'
[0.572s] Level 5:colcon.colcon_core.verb:set package 'state_machine' build argument 'cmake_force_configure' from command line to 'False'
[0.572s] Level 5:colcon.colcon_core.verb:set package 'state_machine' build argument 'ament_cmake_args' from command line to 'None'
[0.572s] Level 5:colcon.colcon_core.verb:set package 'state_machine' build argument 'catkin_cmake_args' from command line to 'None'
[0.572s] Level 5:colcon.colcon_core.verb:set package 'state_machine' build argument 'catkin_skip_building_tests' from command line to 'False'
[0.572s] DEBUG:colcon.colcon_core.verb:Building package 'state_machine' with the following arguments: {'ament_cmake_args': None, 'build_base': '/home/dammr/Desktop/magister_ws/UC_SmartFarmRadar/build/state_machine', 'catkin_cmake_args': None, 'catkin_skip_building_tests': False, 'cmake_args': None, 'cmake_clean_cache': False, 'cmake_clean_first': False, 'cmake_force_configure': False, 'cmake_target': None, 'cmake_target_skip_unavailable': False, 'install_base': '/home/dammr/Desktop/magister_ws/UC_SmartFarmRadar/install/state_machine', 'merge_install': False, 'path': '/home/dammr/Desktop/magister_ws/UC_SmartFarmRadar/state_machine', 'symlink_install': False, 'test_result_base': None}
[0.572s] INFO:colcon.colcon_core.executor:Executing jobs using 'parallel' executor
[0.573s] DEBUG:colcon.colcon_parallel_executor.executor.parallel:run_until_complete
[0.573s] INFO:colcon.colcon_ros.task.ament_cmake.build:Building ROS package in '/home/dammr/Desktop/magister_ws/UC_SmartFarmRadar/radar_msg' with build type 'ament_cmake'
[0.573s] INFO:colcon.colcon_cmake.task.cmake.build:Building CMake package in '/home/dammr/Desktop/magister_ws/UC_SmartFarmRadar/radar_msg'
[0.577s] INFO:colcon.colcon_core.plugin_system:Skipping extension 'colcon_core.shell.bat': Not used on non-Windows systems
[0.577s] INFO:colcon.colcon_core.shell:Skip shell extension 'powershell' for command environment: Not usable outside of PowerShell
[0.577s] DEBUG:colcon.colcon_core.shell:Skip shell extension 'dsv' for command environment
[0.595s] INFO:colcon.colcon_ros.task.ament_cmake.build:Building ROS package in '/home/dammr/Desktop/magister_ws/UC_SmartFarmRadar/ptu_driver' with build type 'ament_cmake'
[0.595s] INFO:colcon.colcon_cmake.task.cmake.build:Building CMake package in '/home/dammr/Desktop/magister_ws/UC_SmartFarmRadar/ptu_driver'
[0.595s] INFO:colcon.colcon_core.shell:Skip shell extension 'powershell' for command environment: Not usable outside of PowerShell
[0.595s] DEBUG:colcon.colcon_core.shell:Skip shell extension 'dsv' for command environment
[0.612s] INFO:colcon.colcon_ros.task.ament_cmake.build:Building ROS package in '/home/dammr/Desktop/magister_ws/UC_SmartFarmRadar/robot_description' with build type 'ament_cmake'
[0.612s] INFO:colcon.colcon_cmake.task.cmake.build:Building CMake package in '/home/dammr/Desktop/magister_ws/UC_SmartFarmRadar/robot_description'
[0.613s] INFO:colcon.colcon_core.shell:Skip shell extension 'powershell' for command environment: Not usable outside of PowerShell
[0.613s] DEBUG:colcon.colcon_core.shell:Skip shell extension 'dsv' for command environment
[0.633s] DEBUG:colcon.colcon_core.event_handler.log_command:Invoking command in '/home/dammr/Desktop/magister_ws/UC_SmartFarmRadar/build/radar_msg': CMAKE_PREFIX_PATH=${CMAKE_PREFIX_PATH}:/home/dammr/Desktop/magister_ws/UC_SmartFarmRadar/install/state_machine:/home/dammr/Desktop/magister_ws/UC_SmartFarmRadar/install/radar_package:/home/dammr/Desktop/magister_ws/UC_SmartFarmRadar/install/ptu_package:/opt/ros/humble:/home/dammr/ros2_humble/install/rqt_bag_plugins:/home/dammr/ros2_humble/install/rqt_bag:/home/dammr/ros2_humble/install/launch_testing_examples:/home/dammr/ros2_humble/install/ros2bag:/home/dammr/ros2_humble/install/tracetools_test:/home/dammr/ros2_humble/install/tracetools_launch:/home/dammr/ros2_humble/install/topic_monitor:/home/dammr/ros2_humble/install/tf2_tools:/home/dammr/ros2_humble/install/examples_tf2_py:/home/dammr/ros2_humble/install/tf2_ros_py:/home/dammr/ros2_humble/install/sros2:/home/dammr/ros2_humble/install/rqt_topic:/home/dammr/ros2_humble/install/rqt_srv:/home/dammr/ros2_humble/install/rqt_shell:/home/dammr/ros2_humble/install/rqt_service_caller:/home/dammr/ros2_humble/install/rqt_reconfigure:/home/dammr/ros2_humble/install/rqt_py_console:/home/dammr/ros2_humble/install/rqt_publisher:/home/dammr/ros2_humble/install/rqt_plot:/home/dammr/ros2_humble/install/rqt_action:/home/dammr/ros2_humble/install/rqt_msg:/home/dammr/ros2_humble/install/rqt_console:/home/dammr/ros2_humble/install/rqt:/home/dammr/ros2_humble/install/rqt_graph:/home/dammr/ros2_humble/install/rqt_gui_py:/home/dammr/ros2_humble/install/rqt_gui:/home/dammr/ros2_humble/install/ros2trace:/home/dammr/ros2_humble/install/ros2topic:/home/dammr/ros2_humble/install/ros2test:/home/dammr/ros2_humble/install/ros2component:/home/dammr/ros2_humble/install/ros2param:/home/dammr/ros2_humble/install/ros2lifecycle:/home/dammr/ros2_humble/install/ros2service:/home/dammr/ros2_humble/install/ros2run:/home/dammr/ros2_humble/install/ros2launch:/home/dammr/ros2_humble/install/ros2pkg:/home/dammr/ros2_humble/install/ros2node:/home/dammr/ros2_humble/install/ros2multicast:/home/dammr/ros2_humble/install/ros2interface:/home/dammr/ros2_humble/install/ros2doctor:/home/dammr/ros2_humble/install/ros2action:/home/dammr/ros2_humble/install/ros2cli:/home/dammr/ros2_humble/install/quality_of_service_demo_py:/home/dammr/ros2_humble/install/lifecycle_py:/home/dammr/ros2_humble/install/launch_testing_ros:/home/dammr/ros2_humble/install/launch_ros:/home/dammr/ros2_humble/install/examples_rclpy_pointcloud_publisher:/home/dammr/ros2_humble/install/examples_rclpy_minimal_subscriber:/home/dammr/ros2_humble/install/examples_rclpy_minimal_service:/home/dammr/ros2_humble/install/examples_rclpy_minimal_publisher:/home/dammr/ros2_humble/install/examples_rclpy_minimal_client:/home/dammr/ros2_humble/install/examples_rclpy_minimal_action_server:/home/dammr/ros2_humble/install/examples_rclpy_minimal_action_client:/home/dammr/ros2_humble/install/examples_rclpy_guard_conditions:/home/dammr/ros2_humble/install/examples_rclpy_executors:/home/dammr/ros2_humble/install/demo_nodes_py:/home/dammr/ros2_humble/install/camera_info_manager_py:/home/dammr/ros2_humble/install/action_tutorials_py:/home/dammr/ros2_humble/install/ament_uncrustify:/home/dammr/ros2_humble/install/tracetools_trace:/home/dammr/ros2_humble/install/tracetools_read:/home/dammr/ros2_humble/install/test_tracetools_launch:/home/dammr/ros2_humble/install/test_launch_ros:/home/dammr/ros2_humble/install/sensor_msgs_py:/home/dammr/ros2_humble/install/rpyutils:/home/dammr/ros2_humble/install/rosidl_runtime_py:/home/dammr/ros2_humble/install/rosidl_cli:/home/dammr/ros2_humble/install/launch_pytest:/home/dammr/ros2_humble/install/launch_testing:/home/dammr/ros2_humble/install/launch_yaml:/home/dammr/ros2_humble/install/launch_xml:/home/dammr/ros2_humble/install/launch:/home/dammr/ros2_humble/install/osrf_pycommon:/home/dammr/ros2_humble/install/domain_coordinator:/home/dammr/ros2_humble/install/ament_xmllint:/home/dammr/ros2_humble/install/ament_pyflakes:/home/dammr/ros2_humble/install/ament_pycodestyle:/home/dammr/ros2_humble/install/ament_pep257:/home/dammr/ros2_humble/install/ament_pclint:/home/dammr/ros2_humble/install/ament_package:/home/dammr/ros2_humble/install/ament_mypy:/home/dammr/ros2_humble/install/ament_lint_cmake:/home/dammr/ros2_humble/install/ament_flake8:/home/dammr/ros2_humble/install/ament_copyright:/home/dammr/ros2_humble/install/ament_lint:/home/dammr/ros2_humble/install/ament_index_python:/home/dammr/ros2_humble/install/ament_cpplint:/home/dammr/ros2_humble/install/ament_cppcheck:/home/dammr/ros2_humble/install/ament_clang_tidy:/home/dammr/ros2_humble/install/ament_clang_format /usr/bin/cmake /home/dammr/Desktop/magister_ws/UC_SmartFarmRadar/radar_msg -DCMAKE_INSTALL_PREFIX=/home/dammr/Desktop/magister_ws/UC_SmartFarmRadar/install/radar_msg
[0.643s] DEBUG:colcon.colcon_core.event_handler.log_command:Invoking command in '/home/dammr/Desktop/magister_ws/UC_SmartFarmRadar/build/ptu_driver': CMAKE_PREFIX_PATH=${CMAKE_PREFIX_PATH}:/home/dammr/Desktop/magister_ws/UC_SmartFarmRadar/install/state_machine:/home/dammr/Desktop/magister_ws/UC_SmartFarmRadar/install/radar_package:/home/dammr/Desktop/magister_ws/UC_SmartFarmRadar/install/ptu_package:/opt/ros/humble:/home/dammr/ros2_humble/install/rqt_bag_plugins:/home/dammr/ros2_humble/install/rqt_bag:/home/dammr/ros2_humble/install/launch_testing_examples:/home/dammr/ros2_humble/install/ros2bag:/home/dammr/ros2_humble/install/tracetools_test:/home/dammr/ros2_humble/install/tracetools_launch:/home/dammr/ros2_humble/install/topic_monitor:/home/dammr/ros2_humble/install/tf2_tools:/home/dammr/ros2_humble/install/examples_tf2_py:/home/dammr/ros2_humble/install/tf2_ros_py:/home/dammr/ros2_humble/install/sros2:/home/dammr/ros2_humble/install/rqt_topic:/home/dammr/ros2_humble/install/rqt_srv:/home/dammr/ros2_humble/install/rqt_shell:/home/dammr/ros2_humble/install/rqt_service_caller:/home/dammr/ros2_humble/install/rqt_reconfigure:/home/dammr/ros2_humble/install/rqt_py_console:/home/dammr/ros2_humble/install/rqt_publisher:/home/dammr/ros2_humble/install/rqt_plot:/home/dammr/ros2_humble/install/rqt_action:/home/dammr/ros2_humble/install/rqt_msg:/home/dammr/ros2_humble/install/rqt_console:/home/dammr/ros2_humble/install/rqt:/home/dammr/ros2_humble/install/rqt_graph:/home/dammr/ros2_humble/install/rqt_gui_py:/home/dammr/ros2_humble/install/rqt_gui:/home/dammr/ros2_humble/install/ros2trace:/home/dammr/ros2_humble/install/ros2topic:/home/dammr/ros2_humble/install/ros2test:/home/dammr/ros2_humble/install/ros2component:/home/dammr/ros2_humble/install/ros2param:/home/dammr/ros2_humble/install/ros2lifecycle:/home/dammr/ros2_humble/install/ros2service:/home/dammr/ros2_humble/install/ros2run:/home/dammr/ros2_humble/install/ros2launch:/home/dammr/ros2_humble/install/ros2pkg:/home/dammr/ros2_humble/install/ros2node:/home/dammr/ros2_humble/install/ros2multicast:/home/dammr/ros2_humble/install/ros2interface:/home/dammr/ros2_humble/install/ros2doctor:/home/dammr/ros2_humble/install/ros2action:/home/dammr/ros2_humble/install/ros2cli:/home/dammr/ros2_humble/install/quality_of_service_demo_py:/home/dammr/ros2_humble/install/lifecycle_py:/home/dammr/ros2_humble/install/launch_testing_ros:/home/dammr/ros2_humble/install/launch_ros:/home/dammr/ros2_humble/install/examples_rclpy_pointcloud_publisher:/home/dammr/ros2_humble/install/examples_rclpy_minimal_subscriber:/home/dammr/ros2_humble/install/examples_rclpy_minimal_service:/home/dammr/ros2_humble/install/examples_rclpy_minimal_publisher:/home/dammr/ros2_humble/install/examples_rclpy_minimal_client:/home/dammr/ros2_humble/install/examples_rclpy_minimal_action_server:/home/dammr/ros2_humble/install/examples_rclpy_minimal_action_client:/home/dammr/ros2_humble/install/examples_rclpy_guard_conditions:/home/dammr/ros2_humble/install/examples_rclpy_executors:/home/dammr/ros2_humble/install/demo_nodes_py:/home/dammr/ros2_humble/install/camera_info_manager_py:/home/dammr/ros2_humble/install/action_tutorials_py:/home/dammr/ros2_humble/install/ament_uncrustify:/home/dammr/ros2_humble/install/tracetools_trace:/home/dammr/ros2_humble/install/tracetools_read:/home/dammr/ros2_humble/install/test_tracetools_launch:/home/dammr/ros2_humble/install/test_launch_ros:/home/dammr/ros2_humble/install/sensor_msgs_py:/home/dammr/ros2_humble/install/rpyutils:/home/dammr/ros2_humble/install/rosidl_runtime_py:/home/dammr/ros2_humble/install/rosidl_cli:/home/dammr/ros2_humble/install/launch_pytest:/home/dammr/ros2_humble/install/launch_testing:/home/dammr/ros2_humble/install/launch_yaml:/home/dammr/ros2_humble/install/launch_xml:/home/dammr/ros2_humble/install/launch:/home/dammr/ros2_humble/install/osrf_pycommon:/home/dammr/ros2_humble/install/domain_coordinator:/home/dammr/ros2_humble/install/ament_xmllint:/home/dammr/ros2_humble/install/ament_pyflakes:/home/dammr/ros2_humble/install/ament_pycodestyle:/home/dammr/ros2_humble/install/ament_pep257:/home/dammr/ros2_humble/install/ament_pclint:/home/dammr/ros2_humble/install/ament_package:/home/dammr/ros2_humble/install/ament_mypy:/home/dammr/ros2_humble/install/ament_lint_cmake:/home/dammr/ros2_humble/install/ament_flake8:/home/dammr/ros2_humble/install/ament_copyright:/home/dammr/ros2_humble/install/ament_lint:/home/dammr/ros2_humble/install/ament_index_python:/home/dammr/ros2_humble/install/ament_cpplint:/home/dammr/ros2_humble/install/ament_cppcheck:/home/dammr/ros2_humble/install/ament_clang_tidy:/home/dammr/ros2_humble/install/ament_clang_format /usr/bin/cmake /home/dammr/Desktop/magister_ws/UC_SmartFarmRadar/ptu_driver -DCMAKE_INSTALL_PREFIX=/home/dammr/Desktop/magister_ws/UC_SmartFarmRadar/install/ptu_driver
[0.646s] DEBUG:colcon.colcon_core.event_handler.log_command:Invoking command in '/home/dammr/Desktop/magister_ws/UC_SmartFarmRadar/build/robot_description': CMAKE_PREFIX_PATH=${CMAKE_PREFIX_PATH}:/home/dammr/Desktop/magister_ws/UC_SmartFarmRadar/install/state_machine:/home/dammr/Desktop/magister_ws/UC_SmartFarmRadar/install/radar_package:/home/dammr/Desktop/magister_ws/UC_SmartFarmRadar/install/ptu_package:/opt/ros/humble:/home/dammr/ros2_humble/install/rqt_bag_plugins:/home/dammr/ros2_humble/install/rqt_bag:/home/dammr/ros2_humble/install/launch_testing_examples:/home/dammr/ros2_humble/install/ros2bag:/home/dammr/ros2_humble/install/tracetools_test:/home/dammr/ros2_humble/install/tracetools_launch:/home/dammr/ros2_humble/install/topic_monitor:/home/dammr/ros2_humble/install/tf2_tools:/home/dammr/ros2_humble/install/examples_tf2_py:/home/dammr/ros2_humble/install/tf2_ros_py:/home/dammr/ros2_humble/install/sros2:/home/dammr/ros2_humble/install/rqt_topic:/home/dammr/ros2_humble/install/rqt_srv:/home/dammr/ros2_humble/install/rqt_shell:/home/dammr/ros2_humble/install/rqt_service_caller:/home/dammr/ros2_humble/install/rqt_reconfigure:/home/dammr/ros2_humble/install/rqt_py_console:/home/dammr/ros2_humble/install/rqt_publisher:/home/dammr/ros2_humble/install/rqt_plot:/home/dammr/ros2_humble/install/rqt_action:/home/dammr/ros2_humble/install/rqt_msg:/home/dammr/ros2_humble/install/rqt_console:/home/dammr/ros2_humble/install/rqt:/home/dammr/ros2_humble/install/rqt_graph:/home/dammr/ros2_humble/install/rqt_gui_py:/home/dammr/ros2_humble/install/rqt_gui:/home/dammr/ros2_humble/install/ros2trace:/home/dammr/ros2_humble/install/ros2topic:/home/dammr/ros2_humble/install/ros2test:/home/dammr/ros2_humble/install/ros2component:/home/dammr/ros2_humble/install/ros2param:/home/dammr/ros2_humble/install/ros2lifecycle:/home/dammr/ros2_humble/install/ros2service:/home/dammr/ros2_humble/install/ros2run:/home/dammr/ros2_humble/install/ros2launch:/home/dammr/ros2_humble/install/ros2pkg:/home/dammr/ros2_humble/install/ros2node:/home/dammr/ros2_humble/install/ros2multicast:/home/dammr/ros2_humble/install/ros2interface:/home/dammr/ros2_humble/install/ros2doctor:/home/dammr/ros2_humble/install/ros2action:/home/dammr/ros2_humble/install/ros2cli:/home/dammr/ros2_humble/install/quality_of_service_demo_py:/home/dammr/ros2_humble/install/lifecycle_py:/home/dammr/ros2_humble/install/launch_testing_ros:/home/dammr/ros2_humble/install/launch_ros:/home/dammr/ros2_humble/install/examples_rclpy_pointcloud_publisher:/home/dammr/ros2_humble/install/examples_rclpy_minimal_subscriber:/home/dammr/ros2_humble/install/examples_rclpy_minimal_service:/home/dammr/ros2_humble/install/examples_rclpy_minimal_publisher:/home/dammr/ros2_humble/install/examples_rclpy_minimal_client:/home/dammr/ros2_humble/install/examples_rclpy_minimal_action_server:/home/dammr/ros2_humble/install/examples_rclpy_minimal_action_client:/home/dammr/ros2_humble/install/examples_rclpy_guard_conditions:/home/dammr/ros2_humble/install/examples_rclpy_executors:/home/dammr/ros2_humble/install/demo_nodes_py:/home/dammr/ros2_humble/install/camera_info_manager_py:/home/dammr/ros2_humble/install/action_tutorials_py:/home/dammr/ros2_humble/install/ament_uncrustify:/home/dammr/ros2_humble/install/tracetools_trace:/home/dammr/ros2_humble/install/tracetools_read:/home/dammr/ros2_humble/install/test_tracetools_launch:/home/dammr/ros2_humble/install/test_launch_ros:/home/dammr/ros2_humble/install/sensor_msgs_py:/home/dammr/ros2_humble/install/rpyutils:/home/dammr/ros2_humble/install/rosidl_runtime_py:/home/dammr/ros2_humble/install/rosidl_cli:/home/dammr/ros2_humble/install/launch_pytest:/home/dammr/ros2_humble/install/launch_testing:/home/dammr/ros2_humble/install/launch_yaml:/home/dammr/ros2_humble/install/launch_xml:/home/dammr/ros2_humble/install/launch:/home/dammr/ros2_humble/install/osrf_pycommon:/home/dammr/ros2_humble/install/domain_coordinator:/home/dammr/ros2_humble/install/ament_xmllint:/home/dammr/ros2_humble/install/ament_pyflakes:/home/dammr/ros2_humble/install/ament_pycodestyle:/home/dammr/ros2_humble/install/ament_pep257:/home/dammr/ros2_humble/install/ament_pclint:/home/dammr/ros2_humble/install/ament_package:/home/dammr/ros2_humble/install/ament_mypy:/home/dammr/ros2_humble/install/ament_lint_cmake:/home/dammr/ros2_humble/install/ament_flake8:/home/dammr/ros2_humble/install/ament_copyright:/home/dammr/ros2_humble/install/ament_lint:/home/dammr/ros2_humble/install/ament_index_python:/home/dammr/ros2_humble/install/ament_cpplint:/home/dammr/ros2_humble/install/ament_cppcheck:/home/dammr/ros2_humble/install/ament_clang_tidy:/home/dammr/ros2_humble/install/ament_clang_format /usr/bin/cmake /home/dammr/Desktop/magister_ws/UC_SmartFarmRadar/robot_description -DCMAKE_INSTALL_PREFIX=/home/dammr/Desktop/magister_ws/UC_SmartFarmRadar/install/robot_description
[2.273s] DEBUG:colcon.colcon_core.event_handler.log_command:Invoked command in '/home/dammr/Desktop/magister_ws/UC_SmartFarmRadar/build/robot_description' returned '0': CMAKE_PREFIX_PATH=${CMAKE_PREFIX_PATH}:/home/dammr/Desktop/magister_ws/UC_SmartFarmRadar/install/state_machine:/home/dammr/Desktop/magister_ws/UC_SmartFarmRadar/install/radar_package:/home/dammr/Desktop/magister_ws/UC_SmartFarmRadar/install/ptu_package:/opt/ros/humble:/home/dammr/ros2_humble/install/rqt_bag_plugins:/home/dammr/ros2_humble/install/rqt_bag:/home/dammr/ros2_humble/install/launch_testing_examples:/home/dammr/ros2_humble/install/ros2bag:/home/dammr/ros2_humble/install/tracetools_test:/home/dammr/ros2_humble/install/tracetools_launch:/home/dammr/ros2_humble/install/topic_monitor:/home/dammr/ros2_humble/install/tf2_tools:/home/dammr/ros2_humble/install/examples_tf2_py:/home/dammr/ros2_humble/install/tf2_ros_py:/home/dammr/ros2_humble/install/sros2:/home/dammr/ros2_humble/install/rqt_topic:/home/dammr/ros2_humble/install/rqt_srv:/home/dammr/ros2_humble/install/rqt_shell:/home/dammr/ros2_humble/install/rqt_service_caller:/home/dammr/ros2_humble/install/rqt_reconfigure:/home/dammr/ros2_humble/install/rqt_py_console:/home/dammr/ros2_humble/install/rqt_publisher:/home/dammr/ros2_humble/install/rqt_plot:/home/dammr/ros2_humble/install/rqt_action:/home/dammr/ros2_humble/install/rqt_msg:/home/dammr/ros2_humble/install/rqt_console:/home/dammr/ros2_humble/install/rqt:/home/dammr/ros2_humble/install/rqt_graph:/home/dammr/ros2_humble/install/rqt_gui_py:/home/dammr/ros2_humble/install/rqt_gui:/home/dammr/ros2_humble/install/ros2trace:/home/dammr/ros2_humble/install/ros2topic:/home/dammr/ros2_humble/install/ros2test:/home/dammr/ros2_humble/install/ros2component:/home/dammr/ros2_humble/install/ros2param:/home/dammr/ros2_humble/install/ros2lifecycle:/home/dammr/ros2_humble/install/ros2service:/home/dammr/ros2_humble/install/ros2run:/home/dammr/ros2_humble/install/ros2launch:/home/dammr/ros2_humble/install/ros2pkg:/home/dammr/ros2_humble/install/ros2node:/home/dammr/ros2_humble/install/ros2multicast:/home/dammr/ros2_humble/install/ros2interface:/home/dammr/ros2_humble/install/ros2doctor:/home/dammr/ros2_humble/install/ros2action:/home/dammr/ros2_humble/install/ros2cli:/home/dammr/ros2_humble/install/quality_of_service_demo_py:/home/dammr/ros2_humble/install/lifecycle_py:/home/dammr/ros2_humble/install/launch_testing_ros:/home/dammr/ros2_humble/install/launch_ros:/home/dammr/ros2_humble/install/examples_rclpy_pointcloud_publisher:/home/dammr/ros2_humble/install/examples_rclpy_minimal_subscriber:/home/dammr/ros2_humble/install/examples_rclpy_minimal_service:/home/dammr/ros2_humble/install/examples_rclpy_minimal_publisher:/home/dammr/ros2_humble/install/examples_rclpy_minimal_client:/home/dammr/ros2_humble/install/examples_rclpy_minimal_action_server:/home/dammr/ros2_humble/install/examples_rclpy_minimal_action_client:/home/dammr/ros2_humble/install/examples_rclpy_guard_conditions:/home/dammr/ros2_humble/install/examples_rclpy_executors:/home/dammr/ros2_humble/install/demo_nodes_py:/home/dammr/ros2_humble/install/camera_info_manager_py:/home/dammr/ros2_humble/install/action_tutorials_py:/home/dammr/ros2_humble/install/ament_uncrustify:/home/dammr/ros2_humble/install/tracetools_trace:/home/dammr/ros2_humble/install/tracetools_read:/home/dammr/ros2_humble/install/test_tracetools_launch:/home/dammr/ros2_humble/install/test_launch_ros:/home/dammr/ros2_humble/install/sensor_msgs_py:/home/dammr/ros2_humble/install/rpyutils:/home/dammr/ros2_humble/install/rosidl_runtime_py:/home/dammr/ros2_humble/install/rosidl_cli:/home/dammr/ros2_humble/install/launch_pytest:/home/dammr/ros2_humble/install/launch_testing:/home/dammr/ros2_humble/install/launch_yaml:/home/dammr/ros2_humble/install/launch_xml:/home/dammr/ros2_humble/install/launch:/home/dammr/ros2_humble/install/osrf_pycommon:/home/dammr/ros2_humble/install/domain_coordinator:/home/dammr/ros2_humble/install/ament_xmllint:/home/dammr/ros2_humble/install/ament_pyflakes:/home/dammr/ros2_humble/install/ament_pycodestyle:/home/dammr/ros2_humble/install/ament_pep257:/home/dammr/ros2_humble/install/ament_pclint:/home/dammr/ros2_humble/install/ament_package:/home/dammr/ros2_humble/install/ament_mypy:/home/dammr/ros2_humble/install/ament_lint_cmake:/home/dammr/ros2_humble/install/ament_flake8:/home/dammr/ros2_humble/install/ament_copyright:/home/dammr/ros2_humble/install/ament_lint:/home/dammr/ros2_humble/install/ament_index_python:/home/dammr/ros2_humble/install/ament_cpplint:/home/dammr/ros2_humble/install/ament_cppcheck:/home/dammr/ros2_humble/install/ament_clang_tidy:/home/dammr/ros2_humble/install/ament_clang_format /usr/bin/cmake /home/dammr/Desktop/magister_ws/UC_SmartFarmRadar/robot_description -DCMAKE_INSTALL_PREFIX=/home/dammr/Desktop/magister_ws/UC_SmartFarmRadar/install/robot_description
[2.274s] DEBUG:colcon.colcon_core.event_handler.log_command:Invoking command in '/home/dammr/Desktop/magister_ws/UC_SmartFarmRadar/build/robot_description': CMAKE_PREFIX_PATH=${CMAKE_PREFIX_PATH}:/home/dammr/Desktop/magister_ws/UC_SmartFarmRadar/install/state_machine:/home/dammr/Desktop/magister_ws/UC_SmartFarmRadar/install/radar_package:/home/dammr/Desktop/magister_ws/UC_SmartFarmRadar/install/ptu_package:/opt/ros/humble:/home/dammr/ros2_humble/install/rqt_bag_plugins:/home/dammr/ros2_humble/install/rqt_bag:/home/dammr/ros2_humble/install/launch_testing_examples:/home/dammr/ros2_humble/install/ros2bag:/home/dammr/ros2_humble/install/tracetools_test:/home/dammr/ros2_humble/install/tracetools_launch:/home/dammr/ros2_humble/install/topic_monitor:/home/dammr/ros2_humble/install/tf2_tools:/home/dammr/ros2_humble/install/examples_tf2_py:/home/dammr/ros2_humble/install/tf2_ros_py:/home/dammr/ros2_humble/install/sros2:/home/dammr/ros2_humble/install/rqt_topic:/home/dammr/ros2_humble/install/rqt_srv:/home/dammr/ros2_humble/install/rqt_shell:/home/dammr/ros2_humble/install/rqt_service_caller:/home/dammr/ros2_humble/install/rqt_reconfigure:/home/dammr/ros2_humble/install/rqt_py_console:/home/dammr/ros2_humble/install/rqt_publisher:/home/dammr/ros2_humble/install/rqt_plot:/home/dammr/ros2_humble/install/rqt_action:/home/dammr/ros2_humble/install/rqt_msg:/home/dammr/ros2_humble/install/rqt_console:/home/dammr/ros2_humble/install/rqt:/home/dammr/ros2_humble/install/rqt_graph:/home/dammr/ros2_humble/install/rqt_gui_py:/home/dammr/ros2_humble/install/rqt_gui:/home/dammr/ros2_humble/install/ros2trace:/home/dammr/ros2_humble/install/ros2topic:/home/dammr/ros2_humble/install/ros2test:/home/dammr/ros2_humble/install/ros2component:/home/dammr/ros2_humble/install/ros2param:/home/dammr/ros2_humble/install/ros2lifecycle:/home/dammr/ros2_humble/install/ros2service:/home/dammr/ros2_humble/install/ros2run:/home/dammr/ros2_humble/install/ros2launch:/home/dammr/ros2_humble/install/ros2pkg:/home/dammr/ros2_humble/install/ros2node:/home/dammr/ros2_humble/install/ros2multicast:/home/dammr/ros2_humble/install/ros2interface:/home/dammr/ros2_humble/install/ros2doctor:/home/dammr/ros2_humble/install/ros2action:/home/dammr/ros2_humble/install/ros2cli:/home/dammr/ros2_humble/install/quality_of_service_demo_py:/home/dammr/ros2_humble/install/lifecycle_py:/home/dammr/ros2_humble/install/launch_testing_ros:/home/dammr/ros2_humble/install/launch_ros:/home/dammr/ros2_humble/install/examples_rclpy_pointcloud_publisher:/home/dammr/ros2_humble/install/examples_rclpy_minimal_subscriber:/home/dammr/ros2_humble/install/examples_rclpy_minimal_service:/home/dammr/ros2_humble/install/examples_rclpy_minimal_publisher:/home/dammr/ros2_humble/install/examples_rclpy_minimal_client:/home/dammr/ros2_humble/install/examples_rclpy_minimal_action_server:/home/dammr/ros2_humble/install/examples_rclpy_minimal_action_client:/home/dammr/ros2_humble/install/examples_rclpy_guard_conditions:/home/dammr/ros2_humble/install/examples_rclpy_executors:/home/dammr/ros2_humble/install/demo_nodes_py:/home/dammr/ros2_humble/install/camera_info_manager_py:/home/dammr/ros2_humble/install/action_tutorials_py:/home/dammr/ros2_humble/install/ament_uncrustify:/home/dammr/ros2_humble/install/tracetools_trace:/home/dammr/ros2_humble/install/tracetools_read:/home/dammr/ros2_humble/install/test_tracetools_launch:/home/dammr/ros2_humble/install/test_launch_ros:/home/dammr/ros2_humble/install/sensor_msgs_py:/home/dammr/ros2_humble/install/rpyutils:/home/dammr/ros2_humble/install/rosidl_runtime_py:/home/dammr/ros2_humble/install/rosidl_cli:/home/dammr/ros2_humble/install/launch_pytest:/home/dammr/ros2_humble/install/launch_testing:/home/dammr/ros2_humble/install/launch_yaml:/home/dammr/ros2_humble/install/launch_xml:/home/dammr/ros2_humble/install/launch:/home/dammr/ros2_humble/install/osrf_pycommon:/home/dammr/ros2_humble/install/domain_coordinator:/home/dammr/ros2_humble/install/ament_xmllint:/home/dammr/ros2_humble/install/ament_pyflakes:/home/dammr/ros2_humble/install/ament_pycodestyle:/home/dammr/ros2_humble/install/ament_pep257:/home/dammr/ros2_humble/install/ament_pclint:/home/dammr/ros2_humble/install/ament_package:/home/dammr/ros2_humble/install/ament_mypy:/home/dammr/ros2_humble/install/ament_lint_cmake:/home/dammr/ros2_humble/install/ament_flake8:/home/dammr/ros2_humble/install/ament_copyright:/home/dammr/ros2_humble/install/ament_lint:/home/dammr/ros2_humble/install/ament_index_python:/home/dammr/ros2_humble/install/ament_cpplint:/home/dammr/ros2_humble/install/ament_cppcheck:/home/dammr/ros2_humble/install/ament_clang_tidy:/home/dammr/ros2_humble/install/ament_clang_format /usr/bin/cmake --build /home/dammr/Desktop/magister_ws/UC_SmartFarmRadar/build/robot_description -- -j12 -l12
[2.359s] DEBUG:colcon.colcon_core.event_handler.log_command:Invoked command in '/home/dammr/Desktop/magister_ws/UC_SmartFarmRadar/build/robot_description' returned '0': CMAKE_PREFIX_PATH=${CMAKE_PREFIX_PATH}:/home/dammr/Desktop/magister_ws/UC_SmartFarmRadar/install/state_machine:/home/dammr/Desktop/magister_ws/UC_SmartFarmRadar/install/radar_package:/home/dammr/Desktop/magister_ws/UC_SmartFarmRadar/install/ptu_package:/opt/ros/humble:/home/dammr/ros2_humble/install/rqt_bag_plugins:/home/dammr/ros2_humble/install/rqt_bag:/home/dammr/ros2_humble/install/launch_testing_examples:/home/dammr/ros2_humble/install/ros2bag:/home/dammr/ros2_humble/install/tracetools_test:/home/dammr/ros2_humble/install/tracetools_launch:/home/dammr/ros2_humble/install/topic_monitor:/home/dammr/ros2_humble/install/tf2_tools:/home/dammr/ros2_humble/install/examples_tf2_py:/home/dammr/ros2_humble/install/tf2_ros_py:/home/dammr/ros2_humble/install/sros2:/home/dammr/ros2_humble/install/rqt_topic:/home/dammr/ros2_humble/install/rqt_srv:/home/dammr/ros2_humble/install/rqt_shell:/home/dammr/ros2_humble/install/rqt_service_caller:/home/dammr/ros2_humble/install/rqt_reconfigure:/home/dammr/ros2_humble/install/rqt_py_console:/home/dammr/ros2_humble/install/rqt_publisher:/home/dammr/ros2_humble/install/rqt_plot:/home/dammr/ros2_humble/install/rqt_action:/home/dammr/ros2_humble/install/rqt_msg:/home/dammr/ros2_humble/install/rqt_console:/home/dammr/ros2_humble/install/rqt:/home/dammr/ros2_humble/install/rqt_graph:/home/dammr/ros2_humble/install/rqt_gui_py:/home/dammr/ros2_humble/install/rqt_gui:/home/dammr/ros2_humble/install/ros2trace:/home/dammr/ros2_humble/install/ros2topic:/home/dammr/ros2_humble/install/ros2test:/home/dammr/ros2_humble/install/ros2component:/home/dammr/ros2_humble/install/ros2param:/home/dammr/ros2_humble/install/ros2lifecycle:/home/dammr/ros2_humble/install/ros2service:/home/dammr/ros2_humble/install/ros2run:/home/dammr/ros2_humble/install/ros2launch:/home/dammr/ros2_humble/install/ros2pkg:/home/dammr/ros2_humble/install/ros2node:/home/dammr/ros2_humble/install/ros2multicast:/home/dammr/ros2_humble/install/ros2interface:/home/dammr/ros2_humble/install/ros2doctor:/home/dammr/ros2_humble/install/ros2action:/home/dammr/ros2_humble/install/ros2cli:/home/dammr/ros2_humble/install/quality_of_service_demo_py:/home/dammr/ros2_humble/install/lifecycle_py:/home/dammr/ros2_humble/install/launch_testing_ros:/home/dammr/ros2_humble/install/launch_ros:/home/dammr/ros2_humble/install/examples_rclpy_pointcloud_publisher:/home/dammr/ros2_humble/install/examples_rclpy_minimal_subscriber:/home/dammr/ros2_humble/install/examples_rclpy_minimal_service:/home/dammr/ros2_humble/install/examples_rclpy_minimal_publisher:/home/dammr/ros2_humble/install/examples_rclpy_minimal_client:/home/dammr/ros2_humble/install/examples_rclpy_minimal_action_server:/home/dammr/ros2_humble/install/examples_rclpy_minimal_action_client:/home/dammr/ros2_humble/install/examples_rclpy_guard_conditions:/home/dammr/ros2_humble/install/examples_rclpy_executors:/home/dammr/ros2_humble/install/demo_nodes_py:/home/dammr/ros2_humble/install/camera_info_manager_py:/home/dammr/ros2_humble/install/action_tutorials_py:/home/dammr/ros2_humble/install/ament_uncrustify:/home/dammr/ros2_humble/install/tracetools_trace:/home/dammr/ros2_humble/install/tracetools_read:/home/dammr/ros2_humble/install/test_tracetools_launch:/home/dammr/ros2_humble/install/test_launch_ros:/home/dammr/ros2_humble/install/sensor_msgs_py:/home/dammr/ros2_humble/install/rpyutils:/home/dammr/ros2_humble/install/rosidl_runtime_py:/home/dammr/ros2_humble/install/rosidl_cli:/home/dammr/ros2_humble/install/launch_pytest:/home/dammr/ros2_humble/install/launch_testing:/home/dammr/ros2_humble/install/launch_yaml:/home/dammr/ros2_humble/install/launch_xml:/home/dammr/ros2_humble/install/launch:/home/dammr/ros2_humble/install/osrf_pycommon:/home/dammr/ros2_humble/install/domain_coordinator:/home/dammr/ros2_humble/install/ament_xmllint:/home/dammr/ros2_humble/install/ament_pyflakes:/home/dammr/ros2_humble/install/ament_pycodestyle:/home/dammr/ros2_humble/install/ament_pep257:/home/dammr/ros2_humble/install/ament_pclint:/home/dammr/ros2_humble/install/ament_package:/home/dammr/ros2_humble/install/ament_mypy:/home/dammr/ros2_humble/install/ament_lint_cmake:/home/dammr/ros2_humble/install/ament_flake8:/home/dammr/ros2_humble/install/ament_copyright:/home/dammr/ros2_humble/install/ament_lint:/home/dammr/ros2_humble/install/ament_index_python:/home/dammr/ros2_humble/install/ament_cpplint:/home/dammr/ros2_humble/install/ament_cppcheck:/home/dammr/ros2_humble/install/ament_clang_tidy:/home/dammr/ros2_humble/install/ament_clang_format /usr/bin/cmake --build /home/dammr/Desktop/magister_ws/UC_SmartFarmRadar/build/robot_description -- -j12 -l12
[2.379s] DEBUG:colcon.colcon_core.event_handler.log_command:Invoking command in '/home/dammr/Desktop/magister_ws/UC_SmartFarmRadar/build/robot_description': CMAKE_PREFIX_PATH=${CMAKE_PREFIX_PATH}:/home/dammr/Desktop/magister_ws/UC_SmartFarmRadar/install/state_machine:/home/dammr/Desktop/magister_ws/UC_SmartFarmRadar/install/radar_package:/home/dammr/Desktop/magister_ws/UC_SmartFarmRadar/install/ptu_package:/opt/ros/humble:/home/dammr/ros2_humble/install/rqt_bag_plugins:/home/dammr/ros2_humble/install/rqt_bag:/home/dammr/ros2_humble/install/launch_testing_examples:/home/dammr/ros2_humble/install/ros2bag:/home/dammr/ros2_humble/install/tracetools_test:/home/dammr/ros2_humble/install/tracetools_launch:/home/dammr/ros2_humble/install/topic_monitor:/home/dammr/ros2_humble/install/tf2_tools:/home/dammr/ros2_humble/install/examples_tf2_py:/home/dammr/ros2_humble/install/tf2_ros_py:/home/dammr/ros2_humble/install/sros2:/home/dammr/ros2_humble/install/rqt_topic:/home/dammr/ros2_humble/install/rqt_srv:/home/dammr/ros2_humble/install/rqt_shell:/home/dammr/ros2_humble/install/rqt_service_caller:/home/dammr/ros2_humble/install/rqt_reconfigure:/home/dammr/ros2_humble/install/rqt_py_console:/home/dammr/ros2_humble/install/rqt_publisher:/home/dammr/ros2_humble/install/rqt_plot:/home/dammr/ros2_humble/install/rqt_action:/home/dammr/ros2_humble/install/rqt_msg:/home/dammr/ros2_humble/install/rqt_console:/home/dammr/ros2_humble/install/rqt:/home/dammr/ros2_humble/install/rqt_graph:/home/dammr/ros2_humble/install/rqt_gui_py:/home/dammr/ros2_humble/install/rqt_gui:/home/dammr/ros2_humble/install/ros2trace:/home/dammr/ros2_humble/install/ros2topic:/home/dammr/ros2_humble/install/ros2test:/home/dammr/ros2_humble/install/ros2component:/home/dammr/ros2_humble/install/ros2param:/home/dammr/ros2_humble/install/ros2lifecycle:/home/dammr/ros2_humble/install/ros2service:/home/dammr/ros2_humble/install/ros2run:/home/dammr/ros2_humble/install/ros2launch:/home/dammr/ros2_humble/install/ros2pkg:/home/dammr/ros2_humble/install/ros2node:/home/dammr/ros2_humble/install/ros2multicast:/home/dammr/ros2_humble/install/ros2interface:/home/dammr/ros2_humble/install/ros2doctor:/home/dammr/ros2_humble/install/ros2action:/home/dammr/ros2_humble/install/ros2cli:/home/dammr/ros2_humble/install/quality_of_service_demo_py:/home/dammr/ros2_humble/install/lifecycle_py:/home/dammr/ros2_humble/install/launch_testing_ros:/home/dammr/ros2_humble/install/launch_ros:/home/dammr/ros2_humble/install/examples_rclpy_pointcloud_publisher:/home/dammr/ros2_humble/install/examples_rclpy_minimal_subscriber:/home/dammr/ros2_humble/install/examples_rclpy_minimal_service:/home/dammr/ros2_humble/install/examples_rclpy_minimal_publisher:/home/dammr/ros2_humble/install/examples_rclpy_minimal_client:/home/dammr/ros2_humble/install/examples_rclpy_minimal_action_server:/home/dammr/ros2_humble/install/examples_rclpy_minimal_action_client:/home/dammr/ros2_humble/install/examples_rclpy_guard_conditions:/home/dammr/ros2_humble/install/examples_rclpy_executors:/home/dammr/ros2_humble/install/demo_nodes_py:/home/dammr/ros2_humble/install/camera_info_manager_py:/home/dammr/ros2_humble/install/action_tutorials_py:/home/dammr/ros2_humble/install/ament_uncrustify:/home/dammr/ros2_humble/install/tracetools_trace:/home/dammr/ros2_humble/install/tracetools_read:/home/dammr/ros2_humble/install/test_tracetools_launch:/home/dammr/ros2_humble/install/test_launch_ros:/home/dammr/ros2_humble/install/sensor_msgs_py:/home/dammr/ros2_humble/install/rpyutils:/home/dammr/ros2_humble/install/rosidl_runtime_py:/home/dammr/ros2_humble/install/rosidl_cli:/home/dammr/ros2_humble/install/launch_pytest:/home/dammr/ros2_humble/install/launch_testing:/home/dammr/ros2_humble/install/launch_yaml:/home/dammr/ros2_humble/install/launch_xml:/home/dammr/ros2_humble/install/launch:/home/dammr/ros2_humble/install/osrf_pycommon:/home/dammr/ros2_humble/install/domain_coordinator:/home/dammr/ros2_humble/install/ament_xmllint:/home/dammr/ros2_humble/install/ament_pyflakes:/home/dammr/ros2_humble/install/ament_pycodestyle:/home/dammr/ros2_humble/install/ament_pep257:/home/dammr/ros2_humble/install/ament_pclint:/home/dammr/ros2_humble/install/ament_package:/home/dammr/ros2_humble/install/ament_mypy:/home/dammr/ros2_humble/install/ament_lint_cmake:/home/dammr/ros2_humble/install/ament_flake8:/home/dammr/ros2_humble/install/ament_copyright:/home/dammr/ros2_humble/install/ament_lint:/home/dammr/ros2_humble/install/ament_index_python:/home/dammr/ros2_humble/install/ament_cpplint:/home/dammr/ros2_humble/install/ament_cppcheck:/home/dammr/ros2_humble/install/ament_clang_tidy:/home/dammr/ros2_humble/install/ament_clang_format /usr/bin/cmake --install /home/dammr/Desktop/magister_ws/UC_SmartFarmRadar/build/robot_description
[2.434s] Level 1:colcon.colcon_core.environment:create_environment_scripts_only(robot_description)
[2.434s] DEBUG:colcon.colcon_core.event_handler.log_command:Invoked command in '/home/dammr/Desktop/magister_ws/UC_SmartFarmRadar/build/robot_description' returned '0': CMAKE_PREFIX_PATH=${CMAKE_PREFIX_PATH}:/home/dammr/Desktop/magister_ws/UC_SmartFarmRadar/install/state_machine:/home/dammr/Desktop/magister_ws/UC_SmartFarmRadar/install/radar_package:/home/dammr/Desktop/magister_ws/UC_SmartFarmRadar/install/ptu_package:/opt/ros/humble:/home/dammr/ros2_humble/install/rqt_bag_plugins:/home/dammr/ros2_humble/install/rqt_bag:/home/dammr/ros2_humble/install/launch_testing_examples:/home/dammr/ros2_humble/install/ros2bag:/home/dammr/ros2_humble/install/tracetools_test:/home/dammr/ros2_humble/install/tracetools_launch:/home/dammr/ros2_humble/install/topic_monitor:/home/dammr/ros2_humble/install/tf2_tools:/home/dammr/ros2_humble/install/examples_tf2_py:/home/dammr/ros2_humble/install/tf2_ros_py:/home/dammr/ros2_humble/install/sros2:/home/dammr/ros2_humble/install/rqt_topic:/home/dammr/ros2_humble/install/rqt_srv:/home/dammr/ros2_humble/install/rqt_shell:/home/dammr/ros2_humble/install/rqt_service_caller:/home/dammr/ros2_humble/install/rqt_reconfigure:/home/dammr/ros2_humble/install/rqt_py_console:/home/dammr/ros2_humble/install/rqt_publisher:/home/dammr/ros2_humble/install/rqt_plot:/home/dammr/ros2_humble/install/rqt_action:/home/dammr/ros2_humble/install/rqt_msg:/home/dammr/ros2_humble/install/rqt_console:/home/dammr/ros2_humble/install/rqt:/home/dammr/ros2_humble/install/rqt_graph:/home/dammr/ros2_humble/install/rqt_gui_py:/home/dammr/ros2_humble/install/rqt_gui:/home/dammr/ros2_humble/install/ros2trace:/home/dammr/ros2_humble/install/ros2topic:/home/dammr/ros2_humble/install/ros2test:/home/dammr/ros2_humble/install/ros2component:/home/dammr/ros2_humble/install/ros2param:/home/dammr/ros2_humble/install/ros2lifecycle:/home/dammr/ros2_humble/install/ros2service:/home/dammr/ros2_humble/install/ros2run:/home/dammr/ros2_humble/install/ros2launch:/home/dammr/ros2_humble/install/ros2pkg:/home/dammr/ros2_humble/install/ros2node:/home/dammr/ros2_humble/install/ros2multicast:/home/dammr/ros2_humble/install/ros2interface:/home/dammr/ros2_humble/install/ros2doctor:/home/dammr/ros2_humble/install/ros2action:/home/dammr/ros2_humble/install/ros2cli:/home/dammr/ros2_humble/install/quality_of_service_demo_py:/home/dammr/ros2_humble/install/lifecycle_py:/home/dammr/ros2_humble/install/launch_testing_ros:/home/dammr/ros2_humble/install/launch_ros:/home/dammr/ros2_humble/install/examples_rclpy_pointcloud_publisher:/home/dammr/ros2_humble/install/examples_rclpy_minimal_subscriber:/home/dammr/ros2_humble/install/examples_rclpy_minimal_service:/home/dammr/ros2_humble/install/examples_rclpy_minimal_publisher:/home/dammr/ros2_humble/install/examples_rclpy_minimal_client:/home/dammr/ros2_humble/install/examples_rclpy_minimal_action_server:/home/dammr/ros2_humble/install/examples_rclpy_minimal_action_client:/home/dammr/ros2_humble/install/examples_rclpy_guard_conditions:/home/dammr/ros2_humble/install/examples_rclpy_executors:/home/dammr/ros2_humble/install/demo_nodes_py:/home/dammr/ros2_humble/install/camera_info_manager_py:/home/dammr/ros2_humble/install/action_tutorials_py:/home/dammr/ros2_humble/install/ament_uncrustify:/home/dammr/ros2_humble/install/tracetools_trace:/home/dammr/ros2_humble/install/tracetools_read:/home/dammr/ros2_humble/install/test_tracetools_launch:/home/dammr/ros2_humble/install/test_launch_ros:/home/dammr/ros2_humble/install/sensor_msgs_py:/home/dammr/ros2_humble/install/rpyutils:/home/dammr/ros2_humble/install/rosidl_runtime_py:/home/dammr/ros2_humble/install/rosidl_cli:/home/dammr/ros2_humble/install/launch_pytest:/home/dammr/ros2_humble/install/launch_testing:/home/dammr/ros2_humble/install/launch_yaml:/home/dammr/ros2_humble/install/launch_xml:/home/dammr/ros2_humble/install/launch:/home/dammr/ros2_humble/install/osrf_pycommon:/home/dammr/ros2_humble/install/domain_coordinator:/home/dammr/ros2_humble/install/ament_xmllint:/home/dammr/ros2_humble/install/ament_pyflakes:/home/dammr/ros2_humble/install/ament_pycodestyle:/home/dammr/ros2_humble/install/ament_pep257:/home/dammr/ros2_humble/install/ament_pclint:/home/dammr/ros2_humble/install/ament_package:/home/dammr/ros2_humble/install/ament_mypy:/home/dammr/ros2_humble/install/ament_lint_cmake:/home/dammr/ros2_humble/install/ament_flake8:/home/dammr/ros2_humble/install/ament_copyright:/home/dammr/ros2_humble/install/ament_lint:/home/dammr/ros2_humble/install/ament_index_python:/home/dammr/ros2_humble/install/ament_cpplint:/home/dammr/ros2_humble/install/ament_cppcheck:/home/dammr/ros2_humble/install/ament_clang_tidy:/home/dammr/ros2_humble/install/ament_clang_format /usr/bin/cmake --install /home/dammr/Desktop/magister_ws/UC_SmartFarmRadar/build/robot_description
[2.439s] Level 1:colcon.colcon_core.environment:checking '/home/dammr/Desktop/magister_ws/UC_SmartFarmRadar/install/robot_description' for CMake module files
[2.439s] Level 1:colcon.colcon_core.environment:checking '/home/dammr/Desktop/magister_ws/UC_SmartFarmRadar/install/robot_description' for CMake config files
[2.439s] Level 1:colcon.colcon_core.shell:create_environment_hook('robot_description', 'cmake_prefix_path')
[2.439s] INFO:colcon.colcon_core.shell:Creating environment hook '/home/dammr/Desktop/magister_ws/UC_SmartFarmRadar/install/robot_description/share/robot_description/hook/cmake_prefix_path.ps1'
[2.440s] INFO:colcon.colcon_core.shell:Creating environment descriptor '/home/dammr/Desktop/magister_ws/UC_SmartFarmRadar/install/robot_description/share/robot_description/hook/cmake_prefix_path.dsv'
[2.440s] INFO:colcon.colcon_core.shell:Creating environment hook '/home/dammr/Desktop/magister_ws/UC_SmartFarmRadar/install/robot_description/share/robot_description/hook/cmake_prefix_path.sh'
[2.441s] Level 1:colcon.colcon_core.environment:checking '/home/dammr/Desktop/magister_ws/UC_SmartFarmRadar/install/robot_description/bin'
[2.441s] Level 1:colcon.colcon_core.environment:checking '/home/dammr/Desktop/magister_ws/UC_SmartFarmRadar/install/robot_description/lib/pkgconfig/robot_description.pc'
[2.441s] Level 1:colcon.colcon_core.environment:checking '/home/dammr/Desktop/magister_ws/UC_SmartFarmRadar/install/robot_description/lib/python3.10/site-packages'
[2.441s] Level 1:colcon.colcon_core.environment:checking '/home/dammr/Desktop/magister_ws/UC_SmartFarmRadar/install/robot_description/bin'
[2.441s] INFO:colcon.colcon_core.shell:Creating package script '/home/dammr/Desktop/magister_ws/UC_SmartFarmRadar/install/robot_description/share/robot_description/package.ps1'
[2.442s] INFO:colcon.colcon_core.shell:Creating package descriptor '/home/dammr/Desktop/magister_ws/UC_SmartFarmRadar/install/robot_description/share/robot_description/package.dsv'
[2.442s] INFO:colcon.colcon_core.shell:Creating package script '/home/dammr/Desktop/magister_ws/UC_SmartFarmRadar/install/robot_description/share/robot_description/package.sh'
[2.442s] INFO:colcon.colcon_core.shell:Creating package script '/home/dammr/Desktop/magister_ws/UC_SmartFarmRadar/install/robot_description/share/robot_description/package.bash'
[2.443s] INFO:colcon.colcon_core.shell:Creating package script '/home/dammr/Desktop/magister_ws/UC_SmartFarmRadar/install/robot_description/share/robot_description/package.zsh'
[2.443s] Level 1:colcon.colcon_core.environment:create_file_with_runtime_dependencies(/home/dammr/Desktop/magister_ws/UC_SmartFarmRadar/install/robot_description/share/colcon-core/packages/robot_description)
[2.444s] Level 1:colcon.colcon_core.environment:create_environment_scripts_only(robot_description)
[2.444s] Level 1:colcon.colcon_core.environment:checking '/home/dammr/Desktop/magister_ws/UC_SmartFarmRadar/install/robot_description' for CMake module files
[2.444s] Level 1:colcon.colcon_core.environment:checking '/home/dammr/Desktop/magister_ws/UC_SmartFarmRadar/install/robot_description' for CMake config files
[2.444s] Level 1:colcon.colcon_core.shell:create_environment_hook('robot_description', 'cmake_prefix_path')
[2.444s] INFO:colcon.colcon_core.shell:Creating environment hook '/home/dammr/Desktop/magister_ws/UC_SmartFarmRadar/install/robot_description/share/robot_description/hook/cmake_prefix_path.ps1'
[2.444s] INFO:colcon.colcon_core.shell:Creating environment descriptor '/home/dammr/Desktop/magister_ws/UC_SmartFarmRadar/install/robot_description/share/robot_description/hook/cmake_prefix_path.dsv'
[2.445s] INFO:colcon.colcon_core.shell:Creating environment hook '/home/dammr/Desktop/magister_ws/UC_SmartFarmRadar/install/robot_description/share/robot_description/hook/cmake_prefix_path.sh'
[2.445s] Level 1:colcon.colcon_core.environment:checking '/home/dammr/Desktop/magister_ws/UC_SmartFarmRadar/install/robot_description/bin'
[2.445s] Level 1:colcon.colcon_core.environment:checking '/home/dammr/Desktop/magister_ws/UC_SmartFarmRadar/install/robot_description/lib/pkgconfig/robot_description.pc'
[2.445s] Level 1:colcon.colcon_core.environment:checking '/home/dammr/Desktop/magister_ws/UC_SmartFarmRadar/install/robot_description/lib/python3.10/site-packages'
[2.445s] Level 1:colcon.colcon_core.environment:checking '/home/dammr/Desktop/magister_ws/UC_SmartFarmRadar/install/robot_description/bin'
[2.445s] INFO:colcon.colcon_core.shell:Creating package script '/home/dammr/Desktop/magister_ws/UC_SmartFarmRadar/install/robot_description/share/robot_description/package.ps1'
[2.446s] INFO:colcon.colcon_core.shell:Creating package descriptor '/home/dammr/Desktop/magister_ws/UC_SmartFarmRadar/install/robot_description/share/robot_description/package.dsv'
[2.446s] INFO:colcon.colcon_core.shell:Creating package script '/home/dammr/Desktop/magister_ws/UC_SmartFarmRadar/install/robot_description/share/robot_description/package.sh'
[2.446s] INFO:colcon.colcon_core.shell:Creating package script '/home/dammr/Desktop/magister_ws/UC_SmartFarmRadar/install/robot_description/share/robot_description/package.bash'
[2.447s] INFO:colcon.colcon_core.shell:Creating package script '/home/dammr/Desktop/magister_ws/UC_SmartFarmRadar/install/robot_description/share/robot_description/package.zsh'
[2.447s] Level 1:colcon.colcon_core.environment:create_file_with_runtime_dependencies(/home/dammr/Desktop/magister_ws/UC_SmartFarmRadar/install/robot_description/share/colcon-core/packages/robot_description)
[3.823s] DEBUG:colcon.colcon_core.event_handler.log_command:Invoked command in '/home/dammr/Desktop/magister_ws/UC_SmartFarmRadar/build/ptu_driver' returned '0': CMAKE_PREFIX_PATH=${CMAKE_PREFIX_PATH}:/home/dammr/Desktop/magister_ws/UC_SmartFarmRadar/install/state_machine:/home/dammr/Desktop/magister_ws/UC_SmartFarmRadar/install/radar_package:/home/dammr/Desktop/magister_ws/UC_SmartFarmRadar/install/ptu_package:/opt/ros/humble:/home/dammr/ros2_humble/install/rqt_bag_plugins:/home/dammr/ros2_humble/install/rqt_bag:/home/dammr/ros2_humble/install/launch_testing_examples:/home/dammr/ros2_humble/install/ros2bag:/home/dammr/ros2_humble/install/tracetools_test:/home/dammr/ros2_humble/install/tracetools_launch:/home/dammr/ros2_humble/install/topic_monitor:/home/dammr/ros2_humble/install/tf2_tools:/home/dammr/ros2_humble/install/examples_tf2_py:/home/dammr/ros2_humble/install/tf2_ros_py:/home/dammr/ros2_humble/install/sros2:/home/dammr/ros2_humble/install/rqt_topic:/home/dammr/ros2_humble/install/rqt_srv:/home/dammr/ros2_humble/install/rqt_shell:/home/dammr/ros2_humble/install/rqt_service_caller:/home/dammr/ros2_humble/install/rqt_reconfigure:/home/dammr/ros2_humble/install/rqt_py_console:/home/dammr/ros2_humble/install/rqt_publisher:/home/dammr/ros2_humble/install/rqt_plot:/home/dammr/ros2_humble/install/rqt_action:/home/dammr/ros2_humble/install/rqt_msg:/home/dammr/ros2_humble/install/rqt_console:/home/dammr/ros2_humble/install/rqt:/home/dammr/ros2_humble/install/rqt_graph:/home/dammr/ros2_humble/install/rqt_gui_py:/home/dammr/ros2_humble/install/rqt_gui:/home/dammr/ros2_humble/install/ros2trace:/home/dammr/ros2_humble/install/ros2topic:/home/dammr/ros2_humble/install/ros2test:/home/dammr/ros2_humble/install/ros2component:/home/dammr/ros2_humble/install/ros2param:/home/dammr/ros2_humble/install/ros2lifecycle:/home/dammr/ros2_humble/install/ros2service:/home/dammr/ros2_humble/install/ros2run:/home/dammr/ros2_humble/install/ros2launch:/home/dammr/ros2_humble/install/ros2pkg:/home/dammr/ros2_humble/install/ros2node:/home/dammr/ros2_humble/install/ros2multicast:/home/dammr/ros2_humble/install/ros2interface:/home/dammr/ros2_humble/install/ros2doctor:/home/dammr/ros2_humble/install/ros2action:/home/dammr/ros2_humble/install/ros2cli:/home/dammr/ros2_humble/install/quality_of_service_demo_py:/home/dammr/ros2_humble/install/lifecycle_py:/home/dammr/ros2_humble/install/launch_testing_ros:/home/dammr/ros2_humble/install/launch_ros:/home/dammr/ros2_humble/install/examples_rclpy_pointcloud_publisher:/home/dammr/ros2_humble/install/examples_rclpy_minimal_subscriber:/home/dammr/ros2_humble/install/examples_rclpy_minimal_service:/home/dammr/ros2_humble/install/examples_rclpy_minimal_publisher:/home/dammr/ros2_humble/install/examples_rclpy_minimal_client:/home/dammr/ros2_humble/install/examples_rclpy_minimal_action_server:/home/dammr/ros2_humble/install/examples_rclpy_minimal_action_client:/home/dammr/ros2_humble/install/examples_rclpy_guard_conditions:/home/dammr/ros2_humble/install/examples_rclpy_executors:/home/dammr/ros2_humble/install/demo_nodes_py:/home/dammr/ros2_humble/install/camera_info_manager_py:/home/dammr/ros2_humble/install/action_tutorials_py:/home/dammr/ros2_humble/install/ament_uncrustify:/home/dammr/ros2_humble/install/tracetools_trace:/home/dammr/ros2_humble/install/tracetools_read:/home/dammr/ros2_humble/install/test_tracetools_launch:/home/dammr/ros2_humble/install/test_launch_ros:/home/dammr/ros2_humble/install/sensor_msgs_py:/home/dammr/ros2_humble/install/rpyutils:/home/dammr/ros2_humble/install/rosidl_runtime_py:/home/dammr/ros2_humble/install/rosidl_cli:/home/dammr/ros2_humble/install/launch_pytest:/home/dammr/ros2_humble/install/launch_testing:/home/dammr/ros2_humble/install/launch_yaml:/home/dammr/ros2_humble/install/launch_xml:/home/dammr/ros2_humble/install/launch:/home/dammr/ros2_humble/install/osrf_pycommon:/home/dammr/ros2_humble/install/domain_coordinator:/home/dammr/ros2_humble/install/ament_xmllint:/home/dammr/ros2_humble/install/ament_pyflakes:/home/dammr/ros2_humble/install/ament_pycodestyle:/home/dammr/ros2_humble/install/ament_pep257:/home/dammr/ros2_humble/install/ament_pclint:/home/dammr/ros2_humble/install/ament_package:/home/dammr/ros2_humble/install/ament_mypy:/home/dammr/ros2_humble/install/ament_lint_cmake:/home/dammr/ros2_humble/install/ament_flake8:/home/dammr/ros2_humble/install/ament_copyright:/home/dammr/ros2_humble/install/ament_lint:/home/dammr/ros2_humble/install/ament_index_python:/home/dammr/ros2_humble/install/ament_cpplint:/home/dammr/ros2_humble/install/ament_cppcheck:/home/dammr/ros2_humble/install/ament_clang_tidy:/home/dammr/ros2_humble/install/ament_clang_format /usr/bin/cmake /home/dammr/Desktop/magister_ws/UC_SmartFarmRadar/ptu_driver -DCMAKE_INSTALL_PREFIX=/home/dammr/Desktop/magister_ws/UC_SmartFarmRadar/install/ptu_driver
[3.824s] DEBUG:colcon.colcon_core.event_handler.log_command:Invoking command in '/home/dammr/Desktop/magister_ws/UC_SmartFarmRadar/build/ptu_driver': CMAKE_PREFIX_PATH=${CMAKE_PREFIX_PATH}:/home/dammr/Desktop/magister_ws/UC_SmartFarmRadar/install/state_machine:/home/dammr/Desktop/magister_ws/UC_SmartFarmRadar/install/radar_package:/home/dammr/Desktop/magister_ws/UC_SmartFarmRadar/install/ptu_package:/opt/ros/humble:/home/dammr/ros2_humble/install/rqt_bag_plugins:/home/dammr/ros2_humble/install/rqt_bag:/home/dammr/ros2_humble/install/launch_testing_examples:/home/dammr/ros2_humble/install/ros2bag:/home/dammr/ros2_humble/install/tracetools_test:/home/dammr/ros2_humble/install/tracetools_launch:/home/dammr/ros2_humble/install/topic_monitor:/home/dammr/ros2_humble/install/tf2_tools:/home/dammr/ros2_humble/install/examples_tf2_py:/home/dammr/ros2_humble/install/tf2_ros_py:/home/dammr/ros2_humble/install/sros2:/home/dammr/ros2_humble/install/rqt_topic:/home/dammr/ros2_humble/install/rqt_srv:/home/dammr/ros2_humble/install/rqt_shell:/home/dammr/ros2_humble/install/rqt_service_caller:/home/dammr/ros2_humble/install/rqt_reconfigure:/home/dammr/ros2_humble/install/rqt_py_console:/home/dammr/ros2_humble/install/rqt_publisher:/home/dammr/ros2_humble/install/rqt_plot:/home/dammr/ros2_humble/install/rqt_action:/home/dammr/ros2_humble/install/rqt_msg:/home/dammr/ros2_humble/install/rqt_console:/home/dammr/ros2_humble/install/rqt:/home/dammr/ros2_humble/install/rqt_graph:/home/dammr/ros2_humble/install/rqt_gui_py:/home/dammr/ros2_humble/install/rqt_gui:/home/dammr/ros2_humble/install/ros2trace:/home/dammr/ros2_humble/install/ros2topic:/home/dammr/ros2_humble/install/ros2test:/home/dammr/ros2_humble/install/ros2component:/home/dammr/ros2_humble/install/ros2param:/home/dammr/ros2_humble/install/ros2lifecycle:/home/dammr/ros2_humble/install/ros2service:/home/dammr/ros2_humble/install/ros2run:/home/dammr/ros2_humble/install/ros2launch:/home/dammr/ros2_humble/install/ros2pkg:/home/dammr/ros2_humble/install/ros2node:/home/dammr/ros2_humble/install/ros2multicast:/home/dammr/ros2_humble/install/ros2interface:/home/dammr/ros2_humble/install/ros2doctor:/home/dammr/ros2_humble/install/ros2action:/home/dammr/ros2_humble/install/ros2cli:/home/dammr/ros2_humble/install/quality_of_service_demo_py:/home/dammr/ros2_humble/install/lifecycle_py:/home/dammr/ros2_humble/install/launch_testing_ros:/home/dammr/ros2_humble/install/launch_ros:/home/dammr/ros2_humble/install/examples_rclpy_pointcloud_publisher:/home/dammr/ros2_humble/install/examples_rclpy_minimal_subscriber:/home/dammr/ros2_humble/install/examples_rclpy_minimal_service:/home/dammr/ros2_humble/install/examples_rclpy_minimal_publisher:/home/dammr/ros2_humble/install/examples_rclpy_minimal_client:/home/dammr/ros2_humble/install/examples_rclpy_minimal_action_server:/home/dammr/ros2_humble/install/examples_rclpy_minimal_action_client:/home/dammr/ros2_humble/install/examples_rclpy_guard_conditions:/home/dammr/ros2_humble/install/examples_rclpy_executors:/home/dammr/ros2_humble/install/demo_nodes_py:/home/dammr/ros2_humble/install/camera_info_manager_py:/home/dammr/ros2_humble/install/action_tutorials_py:/home/dammr/ros2_humble/install/ament_uncrustify:/home/dammr/ros2_humble/install/tracetools_trace:/home/dammr/ros2_humble/install/tracetools_read:/home/dammr/ros2_humble/install/test_tracetools_launch:/home/dammr/ros2_humble/install/test_launch_ros:/home/dammr/ros2_humble/install/sensor_msgs_py:/home/dammr/ros2_humble/install/rpyutils:/home/dammr/ros2_humble/install/rosidl_runtime_py:/home/dammr/ros2_humble/install/rosidl_cli:/home/dammr/ros2_humble/install/launch_pytest:/home/dammr/ros2_humble/install/launch_testing:/home/dammr/ros2_humble/install/launch_yaml:/home/dammr/ros2_humble/install/launch_xml:/home/dammr/ros2_humble/install/launch:/home/dammr/ros2_humble/install/osrf_pycommon:/home/dammr/ros2_humble/install/domain_coordinator:/home/dammr/ros2_humble/install/ament_xmllint:/home/dammr/ros2_humble/install/ament_pyflakes:/home/dammr/ros2_humble/install/ament_pycodestyle:/home/dammr/ros2_humble/install/ament_pep257:/home/dammr/ros2_humble/install/ament_pclint:/home/dammr/ros2_humble/install/ament_package:/home/dammr/ros2_humble/install/ament_mypy:/home/dammr/ros2_humble/install/ament_lint_cmake:/home/dammr/ros2_humble/install/ament_flake8:/home/dammr/ros2_humble/install/ament_copyright:/home/dammr/ros2_humble/install/ament_lint:/home/dammr/ros2_humble/install/ament_index_python:/home/dammr/ros2_humble/install/ament_cpplint:/home/dammr/ros2_humble/install/ament_cppcheck:/home/dammr/ros2_humble/install/ament_clang_tidy:/home/dammr/ros2_humble/install/ament_clang_format /usr/bin/cmake --build /home/dammr/Desktop/magister_ws/UC_SmartFarmRadar/build/ptu_driver -- -j12 -l12
[5.292s] DEBUG:colcon.colcon_core.event_handler.log_command:Invoked command in '/home/dammr/Desktop/magister_ws/UC_SmartFarmRadar/build/radar_msg' returned '0': CMAKE_PREFIX_PATH=${CMAKE_PREFIX_PATH}:/home/dammr/Desktop/magister_ws/UC_SmartFarmRadar/install/state_machine:/home/dammr/Desktop/magister_ws/UC_SmartFarmRadar/install/radar_package:/home/dammr/Desktop/magister_ws/UC_SmartFarmRadar/install/ptu_package:/opt/ros/humble:/home/dammr/ros2_humble/install/rqt_bag_plugins:/home/dammr/ros2_humble/install/rqt_bag:/home/dammr/ros2_humble/install/launch_testing_examples:/home/dammr/ros2_humble/install/ros2bag:/home/dammr/ros2_humble/install/tracetools_test:/home/dammr/ros2_humble/install/tracetools_launch:/home/dammr/ros2_humble/install/topic_monitor:/home/dammr/ros2_humble/install/tf2_tools:/home/dammr/ros2_humble/install/examples_tf2_py:/home/dammr/ros2_humble/install/tf2_ros_py:/home/dammr/ros2_humble/install/sros2:/home/dammr/ros2_humble/install/rqt_topic:/home/dammr/ros2_humble/install/rqt_srv:/home/dammr/ros2_humble/install/rqt_shell:/home/dammr/ros2_humble/install/rqt_service_caller:/home/dammr/ros2_humble/install/rqt_reconfigure:/home/dammr/ros2_humble/install/rqt_py_console:/home/dammr/ros2_humble/install/rqt_publisher:/home/dammr/ros2_humble/install/rqt_plot:/home/dammr/ros2_humble/install/rqt_action:/home/dammr/ros2_humble/install/rqt_msg:/home/dammr/ros2_humble/install/rqt_console:/home/dammr/ros2_humble/install/rqt:/home/dammr/ros2_humble/install/rqt_graph:/home/dammr/ros2_humble/install/rqt_gui_py:/home/dammr/ros2_humble/install/rqt_gui:/home/dammr/ros2_humble/install/ros2trace:/home/dammr/ros2_humble/install/ros2topic:/home/dammr/ros2_humble/install/ros2test:/home/dammr/ros2_humble/install/ros2component:/home/dammr/ros2_humble/install/ros2param:/home/dammr/ros2_humble/install/ros2lifecycle:/home/dammr/ros2_humble/install/ros2service:/home/dammr/ros2_humble/install/ros2run:/home/dammr/ros2_humble/install/ros2launch:/home/dammr/ros2_humble/install/ros2pkg:/home/dammr/ros2_humble/install/ros2node:/home/dammr/ros2_humble/install/ros2multicast:/home/dammr/ros2_humble/install/ros2interface:/home/dammr/ros2_humble/install/ros2doctor:/home/dammr/ros2_humble/install/ros2action:/home/dammr/ros2_humble/install/ros2cli:/home/dammr/ros2_humble/install/quality_of_service_demo_py:/home/dammr/ros2_humble/install/lifecycle_py:/home/dammr/ros2_humble/install/launch_testing_ros:/home/dammr/ros2_humble/install/launch_ros:/home/dammr/ros2_humble/install/examples_rclpy_pointcloud_publisher:/home/dammr/ros2_humble/install/examples_rclpy_minimal_subscriber:/home/dammr/ros2_humble/install/examples_rclpy_minimal_service:/home/dammr/ros2_humble/install/examples_rclpy_minimal_publisher:/home/dammr/ros2_humble/install/examples_rclpy_minimal_client:/home/dammr/ros2_humble/install/examples_rclpy_minimal_action_server:/home/dammr/ros2_humble/install/examples_rclpy_minimal_action_client:/home/dammr/ros2_humble/install/examples_rclpy_guard_conditions:/home/dammr/ros2_humble/install/examples_rclpy_executors:/home/dammr/ros2_humble/install/demo_nodes_py:/home/dammr/ros2_humble/install/camera_info_manager_py:/home/dammr/ros2_humble/install/action_tutorials_py:/home/dammr/ros2_humble/install/ament_uncrustify:/home/dammr/ros2_humble/install/tracetools_trace:/home/dammr/ros2_humble/install/tracetools_read:/home/dammr/ros2_humble/install/test_tracetools_launch:/home/dammr/ros2_humble/install/test_launch_ros:/home/dammr/ros2_humble/install/sensor_msgs_py:/home/dammr/ros2_humble/install/rpyutils:/home/dammr/ros2_humble/install/rosidl_runtime_py:/home/dammr/ros2_humble/install/rosidl_cli:/home/dammr/ros2_humble/install/launch_pytest:/home/dammr/ros2_humble/install/launch_testing:/home/dammr/ros2_humble/install/launch_yaml:/home/dammr/ros2_humble/install/launch_xml:/home/dammr/ros2_humble/install/launch:/home/dammr/ros2_humble/install/osrf_pycommon:/home/dammr/ros2_humble/install/domain_coordinator:/home/dammr/ros2_humble/install/ament_xmllint:/home/dammr/ros2_humble/install/ament_pyflakes:/home/dammr/ros2_humble/install/ament_pycodestyle:/home/dammr/ros2_humble/install/ament_pep257:/home/dammr/ros2_humble/install/ament_pclint:/home/dammr/ros2_humble/install/ament_package:/home/dammr/ros2_humble/install/ament_mypy:/home/dammr/ros2_humble/install/ament_lint_cmake:/home/dammr/ros2_humble/install/ament_flake8:/home/dammr/ros2_humble/install/ament_copyright:/home/dammr/ros2_humble/install/ament_lint:/home/dammr/ros2_humble/install/ament_index_python:/home/dammr/ros2_humble/install/ament_cpplint:/home/dammr/ros2_humble/install/ament_cppcheck:/home/dammr/ros2_humble/install/ament_clang_tidy:/home/dammr/ros2_humble/install/ament_clang_format /usr/bin/cmake /home/dammr/Desktop/magister_ws/UC_SmartFarmRadar/radar_msg -DCMAKE_INSTALL_PREFIX=/home/dammr/Desktop/magister_ws/UC_SmartFarmRadar/install/radar_msg
[5.294s] DEBUG:colcon.colcon_core.event_handler.log_command:Invoking command in '/home/dammr/Desktop/magister_ws/UC_SmartFarmRadar/build/radar_msg': CMAKE_PREFIX_PATH=${CMAKE_PREFIX_PATH}:/home/dammr/Desktop/magister_ws/UC_SmartFarmRadar/install/state_machine:/home/dammr/Desktop/magister_ws/UC_SmartFarmRadar/install/radar_package:/home/dammr/Desktop/magister_ws/UC_SmartFarmRadar/install/ptu_package:/opt/ros/humble:/home/dammr/ros2_humble/install/rqt_bag_plugins:/home/dammr/ros2_humble/install/rqt_bag:/home/dammr/ros2_humble/install/launch_testing_examples:/home/dammr/ros2_humble/install/ros2bag:/home/dammr/ros2_humble/install/tracetools_test:/home/dammr/ros2_humble/install/tracetools_launch:/home/dammr/ros2_humble/install/topic_monitor:/home/dammr/ros2_humble/install/tf2_tools:/home/dammr/ros2_humble/install/examples_tf2_py:/home/dammr/ros2_humble/install/tf2_ros_py:/home/dammr/ros2_humble/install/sros2:/home/dammr/ros2_humble/install/rqt_topic:/home/dammr/ros2_humble/install/rqt_srv:/home/dammr/ros2_humble/install/rqt_shell:/home/dammr/ros2_humble/install/rqt_service_caller:/home/dammr/ros2_humble/install/rqt_reconfigure:/home/dammr/ros2_humble/install/rqt_py_console:/home/dammr/ros2_humble/install/rqt_publisher:/home/dammr/ros2_humble/install/rqt_plot:/home/dammr/ros2_humble/install/rqt_action:/home/dammr/ros2_humble/install/rqt_msg:/home/dammr/ros2_humble/install/rqt_console:/home/dammr/ros2_humble/install/rqt:/home/dammr/ros2_humble/install/rqt_graph:/home/dammr/ros2_humble/install/rqt_gui_py:/home/dammr/ros2_humble/install/rqt_gui:/home/dammr/ros2_humble/install/ros2trace:/home/dammr/ros2_humble/install/ros2topic:/home/dammr/ros2_humble/install/ros2test:/home/dammr/ros2_humble/install/ros2component:/home/dammr/ros2_humble/install/ros2param:/home/dammr/ros2_humble/install/ros2lifecycle:/home/dammr/ros2_humble/install/ros2service:/home/dammr/ros2_humble/install/ros2run:/home/dammr/ros2_humble/install/ros2launch:/home/dammr/ros2_humble/install/ros2pkg:/home/dammr/ros2_humble/install/ros2node:/home/dammr/ros2_humble/install/ros2multicast:/home/dammr/ros2_humble/install/ros2interface:/home/dammr/ros2_humble/install/ros2doctor:/home/dammr/ros2_humble/install/ros2action:/home/dammr/ros2_humble/install/ros2cli:/home/dammr/ros2_humble/install/quality_of_service_demo_py:/home/dammr/ros2_humble/install/lifecycle_py:/home/dammr/ros2_humble/install/launch_testing_ros:/home/dammr/ros2_humble/install/launch_ros:/home/dammr/ros2_humble/install/examples_rclpy_pointcloud_publisher:/home/dammr/ros2_humble/install/examples_rclpy_minimal_subscriber:/home/dammr/ros2_humble/install/examples_rclpy_minimal_service:/home/dammr/ros2_humble/install/examples_rclpy_minimal_publisher:/home/dammr/ros2_humble/install/examples_rclpy_minimal_client:/home/dammr/ros2_humble/install/examples_rclpy_minimal_action_server:/home/dammr/ros2_humble/install/examples_rclpy_minimal_action_client:/home/dammr/ros2_humble/install/examples_rclpy_guard_conditions:/home/dammr/ros2_humble/install/examples_rclpy_executors:/home/dammr/ros2_humble/install/demo_nodes_py:/home/dammr/ros2_humble/install/camera_info_manager_py:/home/dammr/ros2_humble/install/action_tutorials_py:/home/dammr/ros2_humble/install/ament_uncrustify:/home/dammr/ros2_humble/install/tracetools_trace:/home/dammr/ros2_humble/install/tracetools_read:/home/dammr/ros2_humble/install/test_tracetools_launch:/home/dammr/ros2_humble/install/test_launch_ros:/home/dammr/ros2_humble/install/sensor_msgs_py:/home/dammr/ros2_humble/install/rpyutils:/home/dammr/ros2_humble/install/rosidl_runtime_py:/home/dammr/ros2_humble/install/rosidl_cli:/home/dammr/ros2_humble/install/launch_pytest:/home/dammr/ros2_humble/install/launch_testing:/home/dammr/ros2_humble/install/launch_yaml:/home/dammr/ros2_humble/install/launch_xml:/home/dammr/ros2_humble/install/launch:/home/dammr/ros2_humble/install/osrf_pycommon:/home/dammr/ros2_humble/install/domain_coordinator:/home/dammr/ros2_humble/install/ament_xmllint:/home/dammr/ros2_humble/install/ament_pyflakes:/home/dammr/ros2_humble/install/ament_pycodestyle:/home/dammr/ros2_humble/install/ament_pep257:/home/dammr/ros2_humble/install/ament_pclint:/home/dammr/ros2_humble/install/ament_package:/home/dammr/ros2_humble/install/ament_mypy:/home/dammr/ros2_humble/install/ament_lint_cmake:/home/dammr/ros2_humble/install/ament_flake8:/home/dammr/ros2_humble/install/ament_copyright:/home/dammr/ros2_humble/install/ament_lint:/home/dammr/ros2_humble/install/ament_index_python:/home/dammr/ros2_humble/install/ament_cpplint:/home/dammr/ros2_humble/install/ament_cppcheck:/home/dammr/ros2_humble/install/ament_clang_tidy:/home/dammr/ros2_humble/install/ament_clang_format /usr/bin/cmake --build /home/dammr/Desktop/magister_ws/UC_SmartFarmRadar/build/radar_msg -- -j12 -l12
[10.372s] DEBUG:colcon.colcon_core.event_handler.log_command:Invoked command in '/home/dammr/Desktop/magister_ws/UC_SmartFarmRadar/build/radar_msg' returned '0': CMAKE_PREFIX_PATH=${CMAKE_PREFIX_PATH}:/home/dammr/Desktop/magister_ws/UC_SmartFarmRadar/install/state_machine:/home/dammr/Desktop/magister_ws/UC_SmartFarmRadar/install/radar_package:/home/dammr/Desktop/magister_ws/UC_SmartFarmRadar/install/ptu_package:/opt/ros/humble:/home/dammr/ros2_humble/install/rqt_bag_plugins:/home/dammr/ros2_humble/install/rqt_bag:/home/dammr/ros2_humble/install/launch_testing_examples:/home/dammr/ros2_humble/install/ros2bag:/home/dammr/ros2_humble/install/tracetools_test:/home/dammr/ros2_humble/install/tracetools_launch:/home/dammr/ros2_humble/install/topic_monitor:/home/dammr/ros2_humble/install/tf2_tools:/home/dammr/ros2_humble/install/examples_tf2_py:/home/dammr/ros2_humble/install/tf2_ros_py:/home/dammr/ros2_humble/install/sros2:/home/dammr/ros2_humble/install/rqt_topic:/home/dammr/ros2_humble/install/rqt_srv:/home/dammr/ros2_humble/install/rqt_shell:/home/dammr/ros2_humble/install/rqt_service_caller:/home/dammr/ros2_humble/install/rqt_reconfigure:/home/dammr/ros2_humble/install/rqt_py_console:/home/dammr/ros2_humble/install/rqt_publisher:/home/dammr/ros2_humble/install/rqt_plot:/home/dammr/ros2_humble/install/rqt_action:/home/dammr/ros2_humble/install/rqt_msg:/home/dammr/ros2_humble/install/rqt_console:/home/dammr/ros2_humble/install/rqt:/home/dammr/ros2_humble/install/rqt_graph:/home/dammr/ros2_humble/install/rqt_gui_py:/home/dammr/ros2_humble/install/rqt_gui:/home/dammr/ros2_humble/install/ros2trace:/home/dammr/ros2_humble/install/ros2topic:/home/dammr/ros2_humble/install/ros2test:/home/dammr/ros2_humble/install/ros2component:/home/dammr/ros2_humble/install/ros2param:/home/dammr/ros2_humble/install/ros2lifecycle:/home/dammr/ros2_humble/install/ros2service:/home/dammr/ros2_humble/install/ros2run:/home/dammr/ros2_humble/install/ros2launch:/home/dammr/ros2_humble/install/ros2pkg:/home/dammr/ros2_humble/install/ros2node:/home/dammr/ros2_humble/install/ros2multicast:/home/dammr/ros2_humble/install/ros2interface:/home/dammr/ros2_humble/install/ros2doctor:/home/dammr/ros2_humble/install/ros2action:/home/dammr/ros2_humble/install/ros2cli:/home/dammr/ros2_humble/install/quality_of_service_demo_py:/home/dammr/ros2_humble/install/lifecycle_py:/home/dammr/ros2_humble/install/launch_testing_ros:/home/dammr/ros2_humble/install/launch_ros:/home/dammr/ros2_humble/install/examples_rclpy_pointcloud_publisher:/home/dammr/ros2_humble/install/examples_rclpy_minimal_subscriber:/home/dammr/ros2_humble/install/examples_rclpy_minimal_service:/home/dammr/ros2_humble/install/examples_rclpy_minimal_publisher:/home/dammr/ros2_humble/install/examples_rclpy_minimal_client:/home/dammr/ros2_humble/install/examples_rclpy_minimal_action_server:/home/dammr/ros2_humble/install/examples_rclpy_minimal_action_client:/home/dammr/ros2_humble/install/examples_rclpy_guard_conditions:/home/dammr/ros2_humble/install/examples_rclpy_executors:/home/dammr/ros2_humble/install/demo_nodes_py:/home/dammr/ros2_humble/install/camera_info_manager_py:/home/dammr/ros2_humble/install/action_tutorials_py:/home/dammr/ros2_humble/install/ament_uncrustify:/home/dammr/ros2_humble/install/tracetools_trace:/home/dammr/ros2_humble/install/tracetools_read:/home/dammr/ros2_humble/install/test_tracetools_launch:/home/dammr/ros2_humble/install/test_launch_ros:/home/dammr/ros2_humble/install/sensor_msgs_py:/home/dammr/ros2_humble/install/rpyutils:/home/dammr/ros2_humble/install/rosidl_runtime_py:/home/dammr/ros2_humble/install/rosidl_cli:/home/dammr/ros2_humble/install/launch_pytest:/home/dammr/ros2_humble/install/launch_testing:/home/dammr/ros2_humble/install/launch_yaml:/home/dammr/ros2_humble/install/launch_xml:/home/dammr/ros2_humble/install/launch:/home/dammr/ros2_humble/install/osrf_pycommon:/home/dammr/ros2_humble/install/domain_coordinator:/home/dammr/ros2_humble/install/ament_xmllint:/home/dammr/ros2_humble/install/ament_pyflakes:/home/dammr/ros2_humble/install/ament_pycodestyle:/home/dammr/ros2_humble/install/ament_pep257:/home/dammr/ros2_humble/install/ament_pclint:/home/dammr/ros2_humble/install/ament_package:/home/dammr/ros2_humble/install/ament_mypy:/home/dammr/ros2_humble/install/ament_lint_cmake:/home/dammr/ros2_humble/install/ament_flake8:/home/dammr/ros2_humble/install/ament_copyright:/home/dammr/ros2_humble/install/ament_lint:/home/dammr/ros2_humble/install/ament_index_python:/home/dammr/ros2_humble/install/ament_cpplint:/home/dammr/ros2_humble/install/ament_cppcheck:/home/dammr/ros2_humble/install/ament_clang_tidy:/home/dammr/ros2_humble/install/ament_clang_format /usr/bin/cmake --build /home/dammr/Desktop/magister_ws/UC_SmartFarmRadar/build/radar_msg -- -j12 -l12
[10.374s] DEBUG:colcon.colcon_core.event_handler.log_command:Invoking command in '/home/dammr/Desktop/magister_ws/UC_SmartFarmRadar/build/radar_msg': CMAKE_PREFIX_PATH=${CMAKE_PREFIX_PATH}:/home/dammr/Desktop/magister_ws/UC_SmartFarmRadar/install/state_machine:/home/dammr/Desktop/magister_ws/UC_SmartFarmRadar/install/radar_package:/home/dammr/Desktop/magister_ws/UC_SmartFarmRadar/install/ptu_package:/opt/ros/humble:/home/dammr/ros2_humble/install/rqt_bag_plugins:/home/dammr/ros2_humble/install/rqt_bag:/home/dammr/ros2_humble/install/launch_testing_examples:/home/dammr/ros2_humble/install/ros2bag:/home/dammr/ros2_humble/install/tracetools_test:/home/dammr/ros2_humble/install/tracetools_launch:/home/dammr/ros2_humble/install/topic_monitor:/home/dammr/ros2_humble/install/tf2_tools:/home/dammr/ros2_humble/install/examples_tf2_py:/home/dammr/ros2_humble/install/tf2_ros_py:/home/dammr/ros2_humble/install/sros2:/home/dammr/ros2_humble/install/rqt_topic:/home/dammr/ros2_humble/install/rqt_srv:/home/dammr/ros2_humble/install/rqt_shell:/home/dammr/ros2_humble/install/rqt_service_caller:/home/dammr/ros2_humble/install/rqt_reconfigure:/home/dammr/ros2_humble/install/rqt_py_console:/home/dammr/ros2_humble/install/rqt_publisher:/home/dammr/ros2_humble/install/rqt_plot:/home/dammr/ros2_humble/install/rqt_action:/home/dammr/ros2_humble/install/rqt_msg:/home/dammr/ros2_humble/install/rqt_console:/home/dammr/ros2_humble/install/rqt:/home/dammr/ros2_humble/install/rqt_graph:/home/dammr/ros2_humble/install/rqt_gui_py:/home/dammr/ros2_humble/install/rqt_gui:/home/dammr/ros2_humble/install/ros2trace:/home/dammr/ros2_humble/install/ros2topic:/home/dammr/ros2_humble/install/ros2test:/home/dammr/ros2_humble/install/ros2component:/home/dammr/ros2_humble/install/ros2param:/home/dammr/ros2_humble/install/ros2lifecycle:/home/dammr/ros2_humble/install/ros2service:/home/dammr/ros2_humble/install/ros2run:/home/dammr/ros2_humble/install/ros2launch:/home/dammr/ros2_humble/install/ros2pkg:/home/dammr/ros2_humble/install/ros2node:/home/dammr/ros2_humble/install/ros2multicast:/home/dammr/ros2_humble/install/ros2interface:/home/dammr/ros2_humble/install/ros2doctor:/home/dammr/ros2_humble/install/ros2action:/home/dammr/ros2_humble/install/ros2cli:/home/dammr/ros2_humble/install/quality_of_service_demo_py:/home/dammr/ros2_humble/install/lifecycle_py:/home/dammr/ros2_humble/install/launch_testing_ros:/home/dammr/ros2_humble/install/launch_ros:/home/dammr/ros2_humble/install/examples_rclpy_pointcloud_publisher:/home/dammr/ros2_humble/install/examples_rclpy_minimal_subscriber:/home/dammr/ros2_humble/install/examples_rclpy_minimal_service:/home/dammr/ros2_humble/install/examples_rclpy_minimal_publisher:/home/dammr/ros2_humble/install/examples_rclpy_minimal_client:/home/dammr/ros2_humble/install/examples_rclpy_minimal_action_server:/home/dammr/ros2_humble/install/examples_rclpy_minimal_action_client:/home/dammr/ros2_humble/install/examples_rclpy_guard_conditions:/home/dammr/ros2_humble/install/examples_rclpy_executors:/home/dammr/ros2_humble/install/demo_nodes_py:/home/dammr/ros2_humble/install/camera_info_manager_py:/home/dammr/ros2_humble/install/action_tutorials_py:/home/dammr/ros2_humble/install/ament_uncrustify:/home/dammr/ros2_humble/install/tracetools_trace:/home/dammr/ros2_humble/install/tracetools_read:/home/dammr/ros2_humble/install/test_tracetools_launch:/home/dammr/ros2_humble/install/test_launch_ros:/home/dammr/ros2_humble/install/sensor_msgs_py:/home/dammr/ros2_humble/install/rpyutils:/home/dammr/ros2_humble/install/rosidl_runtime_py:/home/dammr/ros2_humble/install/rosidl_cli:/home/dammr/ros2_humble/install/launch_pytest:/home/dammr/ros2_humble/install/launch_testing:/home/dammr/ros2_humble/install/launch_yaml:/home/dammr/ros2_humble/install/launch_xml:/home/dammr/ros2_humble/install/launch:/home/dammr/ros2_humble/install/osrf_pycommon:/home/dammr/ros2_humble/install/domain_coordinator:/home/dammr/ros2_humble/install/ament_xmllint:/home/dammr/ros2_humble/install/ament_pyflakes:/home/dammr/ros2_humble/install/ament_pycodestyle:/home/dammr/ros2_humble/install/ament_pep257:/home/dammr/ros2_humble/install/ament_pclint:/home/dammr/ros2_humble/install/ament_package:/home/dammr/ros2_humble/install/ament_mypy:/home/dammr/ros2_humble/install/ament_lint_cmake:/home/dammr/ros2_humble/install/ament_flake8:/home/dammr/ros2_humble/install/ament_copyright:/home/dammr/ros2_humble/install/ament_lint:/home/dammr/ros2_humble/install/ament_index_python:/home/dammr/ros2_humble/install/ament_cpplint:/home/dammr/ros2_humble/install/ament_cppcheck:/home/dammr/ros2_humble/install/ament_clang_tidy:/home/dammr/ros2_humble/install/ament_clang_format /usr/bin/cmake --install /home/dammr/Desktop/magister_ws/UC_SmartFarmRadar/build/radar_msg
[10.555s] Level 1:colcon.colcon_core.environment:create_environment_scripts_only(radar_msg)
[10.555s] Level 1:colcon.colcon_core.environment:checking '/home/dammr/Desktop/magister_ws/UC_SmartFarmRadar/install/radar_msg' for CMake module files
[10.556s] DEBUG:colcon.colcon_core.event_handler.log_command:Invoked command in '/home/dammr/Desktop/magister_ws/UC_SmartFarmRadar/build/radar_msg' returned '0': CMAKE_PREFIX_PATH=${CMAKE_PREFIX_PATH}:/home/dammr/Desktop/magister_ws/UC_SmartFarmRadar/install/state_machine:/home/dammr/Desktop/magister_ws/UC_SmartFarmRadar/install/radar_package:/home/dammr/Desktop/magister_ws/UC_SmartFarmRadar/install/ptu_package:/opt/ros/humble:/home/dammr/ros2_humble/install/rqt_bag_plugins:/home/dammr/ros2_humble/install/rqt_bag:/home/dammr/ros2_humble/install/launch_testing_examples:/home/dammr/ros2_humble/install/ros2bag:/home/dammr/ros2_humble/install/tracetools_test:/home/dammr/ros2_humble/install/tracetools_launch:/home/dammr/ros2_humble/install/topic_monitor:/home/dammr/ros2_humble/install/tf2_tools:/home/dammr/ros2_humble/install/examples_tf2_py:/home/dammr/ros2_humble/install/tf2_ros_py:/home/dammr/ros2_humble/install/sros2:/home/dammr/ros2_humble/install/rqt_topic:/home/dammr/ros2_humble/install/rqt_srv:/home/dammr/ros2_humble/install/rqt_shell:/home/dammr/ros2_humble/install/rqt_service_caller:/home/dammr/ros2_humble/install/rqt_reconfigure:/home/dammr/ros2_humble/install/rqt_py_console:/home/dammr/ros2_humble/install/rqt_publisher:/home/dammr/ros2_humble/install/rqt_plot:/home/dammr/ros2_humble/install/rqt_action:/home/dammr/ros2_humble/install/rqt_msg:/home/dammr/ros2_humble/install/rqt_console:/home/dammr/ros2_humble/install/rqt:/home/dammr/ros2_humble/install/rqt_graph:/home/dammr/ros2_humble/install/rqt_gui_py:/home/dammr/ros2_humble/install/rqt_gui:/home/dammr/ros2_humble/install/ros2trace:/home/dammr/ros2_humble/install/ros2topic:/home/dammr/ros2_humble/install/ros2test:/home/dammr/ros2_humble/install/ros2component:/home/dammr/ros2_humble/install/ros2param:/home/dammr/ros2_humble/install/ros2lifecycle:/home/dammr/ros2_humble/install/ros2service:/home/dammr/ros2_humble/install/ros2run:/home/dammr/ros2_humble/install/ros2launch:/home/dammr/ros2_humble/install/ros2pkg:/home/dammr/ros2_humble/install/ros2node:/home/dammr/ros2_humble/install/ros2multicast:/home/dammr/ros2_humble/install/ros2interface:/home/dammr/ros2_humble/install/ros2doctor:/home/dammr/ros2_humble/install/ros2action:/home/dammr/ros2_humble/install/ros2cli:/home/dammr/ros2_humble/install/quality_of_service_demo_py:/home/dammr/ros2_humble/install/lifecycle_py:/home/dammr/ros2_humble/install/launch_testing_ros:/home/dammr/ros2_humble/install/launch_ros:/home/dammr/ros2_humble/install/examples_rclpy_pointcloud_publisher:/home/dammr/ros2_humble/install/examples_rclpy_minimal_subscriber:/home/dammr/ros2_humble/install/examples_rclpy_minimal_service:/home/dammr/ros2_humble/install/examples_rclpy_minimal_publisher:/home/dammr/ros2_humble/install/examples_rclpy_minimal_client:/home/dammr/ros2_humble/install/examples_rclpy_minimal_action_server:/home/dammr/ros2_humble/install/examples_rclpy_minimal_action_client:/home/dammr/ros2_humble/install/examples_rclpy_guard_conditions:/home/dammr/ros2_humble/install/examples_rclpy_executors:/home/dammr/ros2_humble/install/demo_nodes_py:/home/dammr/ros2_humble/install/camera_info_manager_py:/home/dammr/ros2_humble/install/action_tutorials_py:/home/dammr/ros2_humble/install/ament_uncrustify:/home/dammr/ros2_humble/install/tracetools_trace:/home/dammr/ros2_humble/install/tracetools_read:/home/dammr/ros2_humble/install/test_tracetools_launch:/home/dammr/ros2_humble/install/test_launch_ros:/home/dammr/ros2_humble/install/sensor_msgs_py:/home/dammr/ros2_humble/install/rpyutils:/home/dammr/ros2_humble/install/rosidl_runtime_py:/home/dammr/ros2_humble/install/rosidl_cli:/home/dammr/ros2_humble/install/launch_pytest:/home/dammr/ros2_humble/install/launch_testing:/home/dammr/ros2_humble/install/launch_yaml:/home/dammr/ros2_humble/install/launch_xml:/home/dammr/ros2_humble/install/launch:/home/dammr/ros2_humble/install/osrf_pycommon:/home/dammr/ros2_humble/install/domain_coordinator:/home/dammr/ros2_humble/install/ament_xmllint:/home/dammr/ros2_humble/install/ament_pyflakes:/home/dammr/ros2_humble/install/ament_pycodestyle:/home/dammr/ros2_humble/install/ament_pep257:/home/dammr/ros2_humble/install/ament_pclint:/home/dammr/ros2_humble/install/ament_package:/home/dammr/ros2_humble/install/ament_mypy:/home/dammr/ros2_humble/install/ament_lint_cmake:/home/dammr/ros2_humble/install/ament_flake8:/home/dammr/ros2_humble/install/ament_copyright:/home/dammr/ros2_humble/install/ament_lint:/home/dammr/ros2_humble/install/ament_index_python:/home/dammr/ros2_humble/install/ament_cpplint:/home/dammr/ros2_humble/install/ament_cppcheck:/home/dammr/ros2_humble/install/ament_clang_tidy:/home/dammr/ros2_humble/install/ament_clang_format /usr/bin/cmake --install /home/dammr/Desktop/magister_ws/UC_SmartFarmRadar/build/radar_msg
[10.556s] Level 1:colcon.colcon_core.environment:checking '/home/dammr/Desktop/magister_ws/UC_SmartFarmRadar/install/radar_msg' for CMake config files
[10.556s] Level 1:colcon.colcon_core.shell:create_environment_hook('radar_msg', 'cmake_prefix_path')
[10.557s] INFO:colcon.colcon_core.shell:Creating environment hook '/home/dammr/Desktop/magister_ws/UC_SmartFarmRadar/install/radar_msg/share/radar_msg/hook/cmake_prefix_path.ps1'
[10.557s] INFO:colcon.colcon_core.shell:Creating environment descriptor '/home/dammr/Desktop/magister_ws/UC_SmartFarmRadar/install/radar_msg/share/radar_msg/hook/cmake_prefix_path.dsv'
[10.557s] INFO:colcon.colcon_core.shell:Creating environment hook '/home/dammr/Desktop/magister_ws/UC_SmartFarmRadar/install/radar_msg/share/radar_msg/hook/cmake_prefix_path.sh'
[10.558s] Level 1:colcon.colcon_core.environment:checking '/home/dammr/Desktop/magister_ws/UC_SmartFarmRadar/install/radar_msg/lib'
[10.558s] Level 1:colcon.colcon_core.shell:create_environment_hook('radar_msg', 'ld_library_path_lib')
[10.558s] INFO:colcon.colcon_core.shell:Creating environment hook '/home/dammr/Desktop/magister_ws/UC_SmartFarmRadar/install/radar_msg/share/radar_msg/hook/ld_library_path_lib.ps1'
[10.558s] INFO:colcon.colcon_core.shell:Creating environment descriptor '/home/dammr/Desktop/magister_ws/UC_SmartFarmRadar/install/radar_msg/share/radar_msg/hook/ld_library_path_lib.dsv'
[10.558s] INFO:colcon.colcon_core.shell:Creating environment hook '/home/dammr/Desktop/magister_ws/UC_SmartFarmRadar/install/radar_msg/share/radar_msg/hook/ld_library_path_lib.sh'
[10.558s] Level 1:colcon.colcon_core.environment:checking '/home/dammr/Desktop/magister_ws/UC_SmartFarmRadar/install/radar_msg/bin'
[10.558s] Level 1:colcon.colcon_core.environment:checking '/home/dammr/Desktop/magister_ws/UC_SmartFarmRadar/install/radar_msg/lib/pkgconfig/radar_msg.pc'
[10.559s] Level 1:colcon.colcon_core.environment:checking '/home/dammr/Desktop/magister_ws/UC_SmartFarmRadar/install/radar_msg/lib/python3.10/site-packages'
[10.559s] Level 1:colcon.colcon_core.environment:checking '/home/dammr/Desktop/magister_ws/UC_SmartFarmRadar/install/radar_msg/bin'
[10.559s] INFO:colcon.colcon_core.shell:Creating package script '/home/dammr/Desktop/magister_ws/UC_SmartFarmRadar/install/radar_msg/share/radar_msg/package.ps1'
[10.559s] INFO:colcon.colcon_core.shell:Creating package descriptor '/home/dammr/Desktop/magister_ws/UC_SmartFarmRadar/install/radar_msg/share/radar_msg/package.dsv'
[10.560s] INFO:colcon.colcon_core.shell:Creating package script '/home/dammr/Desktop/magister_ws/UC_SmartFarmRadar/install/radar_msg/share/radar_msg/package.sh'
[10.560s] INFO:colcon.colcon_core.shell:Creating package script '/home/dammr/Desktop/magister_ws/UC_SmartFarmRadar/install/radar_msg/share/radar_msg/package.bash'
[10.560s] INFO:colcon.colcon_core.shell:Creating package script '/home/dammr/Desktop/magister_ws/UC_SmartFarmRadar/install/radar_msg/share/radar_msg/package.zsh'
[10.560s] Level 1:colcon.colcon_core.environment:create_file_with_runtime_dependencies(/home/dammr/Desktop/magister_ws/UC_SmartFarmRadar/install/radar_msg/share/colcon-core/packages/radar_msg)
[10.561s] Level 1:colcon.colcon_core.environment:create_environment_scripts_only(radar_msg)
[10.561s] Level 1:colcon.colcon_core.environment:checking '/home/dammr/Desktop/magister_ws/UC_SmartFarmRadar/install/radar_msg' for CMake module files
[10.561s] Level 1:colcon.colcon_core.environment:checking '/home/dammr/Desktop/magister_ws/UC_SmartFarmRadar/install/radar_msg' for CMake config files
[10.562s] Level 1:colcon.colcon_core.shell:create_environment_hook('radar_msg', 'cmake_prefix_path')
[10.562s] INFO:colcon.colcon_core.shell:Creating environment hook '/home/dammr/Desktop/magister_ws/UC_SmartFarmRadar/install/radar_msg/share/radar_msg/hook/cmake_prefix_path.ps1'
[10.562s] INFO:colcon.colcon_core.shell:Creating environment descriptor '/home/dammr/Desktop/magister_ws/UC_SmartFarmRadar/install/radar_msg/share/radar_msg/hook/cmake_prefix_path.dsv'
[10.562s] INFO:colcon.colcon_core.shell:Creating environment hook '/home/dammr/Desktop/magister_ws/UC_SmartFarmRadar/install/radar_msg/share/radar_msg/hook/cmake_prefix_path.sh'
[10.563s] Level 1:colcon.colcon_core.environment:checking '/home/dammr/Desktop/magister_ws/UC_SmartFarmRadar/install/radar_msg/lib'
[10.563s] Level 1:colcon.colcon_core.shell:create_environment_hook('radar_msg', 'ld_library_path_lib')
[10.563s] INFO:colcon.colcon_core.shell:Creating environment hook '/home/dammr/Desktop/magister_ws/UC_SmartFarmRadar/install/radar_msg/share/radar_msg/hook/ld_library_path_lib.ps1'
[10.563s] INFO:colcon.colcon_core.shell:Creating environment descriptor '/home/dammr/Desktop/magister_ws/UC_SmartFarmRadar/install/radar_msg/share/radar_msg/hook/ld_library_path_lib.dsv'
[10.563s] INFO:colcon.colcon_core.shell:Creating environment hook '/home/dammr/Desktop/magister_ws/UC_SmartFarmRadar/install/radar_msg/share/radar_msg/hook/ld_library_path_lib.sh'
[10.564s] Level 1:colcon.colcon_core.environment:checking '/home/dammr/Desktop/magister_ws/UC_SmartFarmRadar/install/radar_msg/bin'
[10.564s] Level 1:colcon.colcon_core.environment:checking '/home/dammr/Desktop/magister_ws/UC_SmartFarmRadar/install/radar_msg/lib/pkgconfig/radar_msg.pc'
[10.564s] Level 1:colcon.colcon_core.environment:checking '/home/dammr/Desktop/magister_ws/UC_SmartFarmRadar/install/radar_msg/lib/python3.10/site-packages'
[10.564s] Level 1:colcon.colcon_core.environment:checking '/home/dammr/Desktop/magister_ws/UC_SmartFarmRadar/install/radar_msg/bin'
[10.564s] INFO:colcon.colcon_core.shell:Creating package script '/home/dammr/Desktop/magister_ws/UC_SmartFarmRadar/install/radar_msg/share/radar_msg/package.ps1'
[10.564s] INFO:colcon.colcon_core.shell:Creating package descriptor '/home/dammr/Desktop/magister_ws/UC_SmartFarmRadar/install/radar_msg/share/radar_msg/package.dsv'
[10.565s] INFO:colcon.colcon_core.shell:Creating package script '/home/dammr/Desktop/magister_ws/UC_SmartFarmRadar/install/radar_msg/share/radar_msg/package.sh'
[10.565s] INFO:colcon.colcon_core.shell:Creating package script '/home/dammr/Desktop/magister_ws/UC_SmartFarmRadar/install/radar_msg/share/radar_msg/package.bash'
[10.565s] INFO:colcon.colcon_core.shell:Creating package script '/home/dammr/Desktop/magister_ws/UC_SmartFarmRadar/install/radar_msg/share/radar_msg/package.zsh'
[10.566s] Level 1:colcon.colcon_core.environment:create_file_with_runtime_dependencies(/home/dammr/Desktop/magister_ws/UC_SmartFarmRadar/install/radar_msg/share/colcon-core/packages/radar_msg)
[10.566s] INFO:colcon.colcon_ros.task.ament_python.build:Building ROS package in '/home/dammr/Desktop/magister_ws/UC_SmartFarmRadar/ptu_package' with build type 'ament_python'
[10.566s] Level 1:colcon.colcon_core.shell:create_environment_hook('ptu_package', 'ament_prefix_path')
[10.566s] INFO:colcon.colcon_core.shell:Creating environment hook '/home/dammr/Desktop/magister_ws/UC_SmartFarmRadar/install/ptu_package/share/ptu_package/hook/ament_prefix_path.ps1'
[10.567s] INFO:colcon.colcon_core.shell:Creating environment descriptor '/home/dammr/Desktop/magister_ws/UC_SmartFarmRadar/install/ptu_package/share/ptu_package/hook/ament_prefix_path.dsv'
[10.567s] INFO:colcon.colcon_core.shell:Creating environment hook '/home/dammr/Desktop/magister_ws/UC_SmartFarmRadar/install/ptu_package/share/ptu_package/hook/ament_prefix_path.sh'
[10.567s] INFO:colcon.colcon_core.shell:Skip shell extension 'powershell' for command environment: Not usable outside of PowerShell
[10.567s] DEBUG:colcon.colcon_core.shell:Skip shell extension 'dsv' for command environment
[10.585s] INFO:colcon.colcon_ros.task.ament_python.build:Building ROS package in '/home/dammr/Desktop/magister_ws/UC_SmartFarmRadar/radar_package' with build type 'ament_python'
[10.585s] Level 1:colcon.colcon_core.shell:create_environment_hook('radar_package', 'ament_prefix_path')
[10.585s] INFO:colcon.colcon_core.shell:Creating environment hook '/home/dammr/Desktop/magister_ws/UC_SmartFarmRadar/install/radar_package/share/radar_package/hook/ament_prefix_path.ps1'
[10.586s] INFO:colcon.colcon_core.shell:Creating environment descriptor '/home/dammr/Desktop/magister_ws/UC_SmartFarmRadar/install/radar_package/share/radar_package/hook/ament_prefix_path.dsv'
[10.586s] INFO:colcon.colcon_core.shell:Creating environment hook '/home/dammr/Desktop/magister_ws/UC_SmartFarmRadar/install/radar_package/share/radar_package/hook/ament_prefix_path.sh'
[10.586s] INFO:colcon.colcon_core.shell:Skip shell extension 'powershell' for command environment: Not usable outside of PowerShell
[10.586s] DEBUG:colcon.colcon_core.shell:Skip shell extension 'dsv' for command environment
[10.605s] INFO:colcon.colcon_ros.task.ament_python.build:Building ROS package in '/home/dammr/Desktop/magister_ws/UC_SmartFarmRadar/state_machine' with build type 'ament_python'
[10.605s] Level 1:colcon.colcon_core.shell:create_environment_hook('state_machine', 'ament_prefix_path')
[10.606s] INFO:colcon.colcon_core.shell:Creating environment hook '/home/dammr/Desktop/magister_ws/UC_SmartFarmRadar/install/state_machine/share/state_machine/hook/ament_prefix_path.ps1'
[10.606s] INFO:colcon.colcon_core.shell:Creating environment descriptor '/home/dammr/Desktop/magister_ws/UC_SmartFarmRadar/install/state_machine/share/state_machine/hook/ament_prefix_path.dsv'
[10.606s] INFO:colcon.colcon_core.shell:Creating environment hook '/home/dammr/Desktop/magister_ws/UC_SmartFarmRadar/install/state_machine/share/state_machine/hook/ament_prefix_path.sh'
[10.607s] INFO:colcon.colcon_core.shell:Skip shell extension 'powershell' for command environment: Not usable outside of PowerShell
[10.607s] DEBUG:colcon.colcon_core.shell:Skip shell extension 'dsv' for command environment
[11.036s] INFO:colcon.colcon_core.task.python.build:Building Python package in '/home/dammr/Desktop/magister_ws/UC_SmartFarmRadar/ptu_package'
[11.037s] INFO:colcon.colcon_core.shell:Skip shell extension 'powershell' for command environment: Not usable outside of PowerShell
[11.037s] DEBUG:colcon.colcon_core.shell:Skip shell extension 'dsv' for command environment
[11.474s] INFO:colcon.colcon_core.task.python.build:Building Python package in '/home/dammr/Desktop/magister_ws/UC_SmartFarmRadar/radar_package'
[11.475s] INFO:colcon.colcon_core.shell:Skip shell extension 'powershell' for command environment: Not usable outside of PowerShell
[11.475s] DEBUG:colcon.colcon_core.shell:Skip shell extension 'dsv' for command environment
[11.912s] INFO:colcon.colcon_core.task.python.build:Building Python package in '/home/dammr/Desktop/magister_ws/UC_SmartFarmRadar/state_machine'
[11.913s] INFO:colcon.colcon_core.shell:Skip shell extension 'powershell' for command environment: Not usable outside of PowerShell
[11.913s] DEBUG:colcon.colcon_core.shell:Skip shell extension 'dsv' for command environment
[11.934s] DEBUG:colcon.colcon_core.event_handler.log_command:Invoked command in '/home/dammr/Desktop/magister_ws/UC_SmartFarmRadar/build/ptu_driver' returned '0': CMAKE_PREFIX_PATH=${CMAKE_PREFIX_PATH}:/home/dammr/Desktop/magister_ws/UC_SmartFarmRadar/install/state_machine:/home/dammr/Desktop/magister_ws/UC_SmartFarmRadar/install/radar_package:/home/dammr/Desktop/magister_ws/UC_SmartFarmRadar/install/ptu_package:/opt/ros/humble:/home/dammr/ros2_humble/install/rqt_bag_plugins:/home/dammr/ros2_humble/install/rqt_bag:/home/dammr/ros2_humble/install/launch_testing_examples:/home/dammr/ros2_humble/install/ros2bag:/home/dammr/ros2_humble/install/tracetools_test:/home/dammr/ros2_humble/install/tracetools_launch:/home/dammr/ros2_humble/install/topic_monitor:/home/dammr/ros2_humble/install/tf2_tools:/home/dammr/ros2_humble/install/examples_tf2_py:/home/dammr/ros2_humble/install/tf2_ros_py:/home/dammr/ros2_humble/install/sros2:/home/dammr/ros2_humble/install/rqt_topic:/home/dammr/ros2_humble/install/rqt_srv:/home/dammr/ros2_humble/install/rqt_shell:/home/dammr/ros2_humble/install/rqt_service_caller:/home/dammr/ros2_humble/install/rqt_reconfigure:/home/dammr/ros2_humble/install/rqt_py_console:/home/dammr/ros2_humble/install/rqt_publisher:/home/dammr/ros2_humble/install/rqt_plot:/home/dammr/ros2_humble/install/rqt_action:/home/dammr/ros2_humble/install/rqt_msg:/home/dammr/ros2_humble/install/rqt_console:/home/dammr/ros2_humble/install/rqt:/home/dammr/ros2_humble/install/rqt_graph:/home/dammr/ros2_humble/install/rqt_gui_py:/home/dammr/ros2_humble/install/rqt_gui:/home/dammr/ros2_humble/install/ros2trace:/home/dammr/ros2_humble/install/ros2topic:/home/dammr/ros2_humble/install/ros2test:/home/dammr/ros2_humble/install/ros2component:/home/dammr/ros2_humble/install/ros2param:/home/dammr/ros2_humble/install/ros2lifecycle:/home/dammr/ros2_humble/install/ros2service:/home/dammr/ros2_humble/install/ros2run:/home/dammr/ros2_humble/install/ros2launch:/home/dammr/ros2_humble/install/ros2pkg:/home/dammr/ros2_humble/install/ros2node:/home/dammr/ros2_humble/install/ros2multicast:/home/dammr/ros2_humble/install/ros2interface:/home/dammr/ros2_humble/install/ros2doctor:/home/dammr/ros2_humble/install/ros2action:/home/dammr/ros2_humble/install/ros2cli:/home/dammr/ros2_humble/install/quality_of_service_demo_py:/home/dammr/ros2_humble/install/lifecycle_py:/home/dammr/ros2_humble/install/launch_testing_ros:/home/dammr/ros2_humble/install/launch_ros:/home/dammr/ros2_humble/install/examples_rclpy_pointcloud_publisher:/home/dammr/ros2_humble/install/examples_rclpy_minimal_subscriber:/home/dammr/ros2_humble/install/examples_rclpy_minimal_service:/home/dammr/ros2_humble/install/examples_rclpy_minimal_publisher:/home/dammr/ros2_humble/install/examples_rclpy_minimal_client:/home/dammr/ros2_humble/install/examples_rclpy_minimal_action_server:/home/dammr/ros2_humble/install/examples_rclpy_minimal_action_client:/home/dammr/ros2_humble/install/examples_rclpy_guard_conditions:/home/dammr/ros2_humble/install/examples_rclpy_executors:/home/dammr/ros2_humble/install/demo_nodes_py:/home/dammr/ros2_humble/install/camera_info_manager_py:/home/dammr/ros2_humble/install/action_tutorials_py:/home/dammr/ros2_humble/install/ament_uncrustify:/home/dammr/ros2_humble/install/tracetools_trace:/home/dammr/ros2_humble/install/tracetools_read:/home/dammr/ros2_humble/install/test_tracetools_launch:/home/dammr/ros2_humble/install/test_launch_ros:/home/dammr/ros2_humble/install/sensor_msgs_py:/home/dammr/ros2_humble/install/rpyutils:/home/dammr/ros2_humble/install/rosidl_runtime_py:/home/dammr/ros2_humble/install/rosidl_cli:/home/dammr/ros2_humble/install/launch_pytest:/home/dammr/ros2_humble/install/launch_testing:/home/dammr/ros2_humble/install/launch_yaml:/home/dammr/ros2_humble/install/launch_xml:/home/dammr/ros2_humble/install/launch:/home/dammr/ros2_humble/install/osrf_pycommon:/home/dammr/ros2_humble/install/domain_coordinator:/home/dammr/ros2_humble/install/ament_xmllint:/home/dammr/ros2_humble/install/ament_pyflakes:/home/dammr/ros2_humble/install/ament_pycodestyle:/home/dammr/ros2_humble/install/ament_pep257:/home/dammr/ros2_humble/install/ament_pclint:/home/dammr/ros2_humble/install/ament_package:/home/dammr/ros2_humble/install/ament_mypy:/home/dammr/ros2_humble/install/ament_lint_cmake:/home/dammr/ros2_humble/install/ament_flake8:/home/dammr/ros2_humble/install/ament_copyright:/home/dammr/ros2_humble/install/ament_lint:/home/dammr/ros2_humble/install/ament_index_python:/home/dammr/ros2_humble/install/ament_cpplint:/home/dammr/ros2_humble/install/ament_cppcheck:/home/dammr/ros2_humble/install/ament_clang_tidy:/home/dammr/ros2_humble/install/ament_clang_format /usr/bin/cmake --build /home/dammr/Desktop/magister_ws/UC_SmartFarmRadar/build/ptu_driver -- -j12 -l12
[11.936s] DEBUG:colcon.colcon_core.event_handler.log_command:Invoking command in '/home/dammr/Desktop/magister_ws/UC_SmartFarmRadar/build/ptu_driver': CMAKE_PREFIX_PATH=${CMAKE_PREFIX_PATH}:/home/dammr/Desktop/magister_ws/UC_SmartFarmRadar/install/state_machine:/home/dammr/Desktop/magister_ws/UC_SmartFarmRadar/install/radar_package:/home/dammr/Desktop/magister_ws/UC_SmartFarmRadar/install/ptu_package:/opt/ros/humble:/home/dammr/ros2_humble/install/rqt_bag_plugins:/home/dammr/ros2_humble/install/rqt_bag:/home/dammr/ros2_humble/install/launch_testing_examples:/home/dammr/ros2_humble/install/ros2bag:/home/dammr/ros2_humble/install/tracetools_test:/home/dammr/ros2_humble/install/tracetools_launch:/home/dammr/ros2_humble/install/topic_monitor:/home/dammr/ros2_humble/install/tf2_tools:/home/dammr/ros2_humble/install/examples_tf2_py:/home/dammr/ros2_humble/install/tf2_ros_py:/home/dammr/ros2_humble/install/sros2:/home/dammr/ros2_humble/install/rqt_topic:/home/dammr/ros2_humble/install/rqt_srv:/home/dammr/ros2_humble/install/rqt_shell:/home/dammr/ros2_humble/install/rqt_service_caller:/home/dammr/ros2_humble/install/rqt_reconfigure:/home/dammr/ros2_humble/install/rqt_py_console:/home/dammr/ros2_humble/install/rqt_publisher:/home/dammr/ros2_humble/install/rqt_plot:/home/dammr/ros2_humble/install/rqt_action:/home/dammr/ros2_humble/install/rqt_msg:/home/dammr/ros2_humble/install/rqt_console:/home/dammr/ros2_humble/install/rqt:/home/dammr/ros2_humble/install/rqt_graph:/home/dammr/ros2_humble/install/rqt_gui_py:/home/dammr/ros2_humble/install/rqt_gui:/home/dammr/ros2_humble/install/ros2trace:/home/dammr/ros2_humble/install/ros2topic:/home/dammr/ros2_humble/install/ros2test:/home/dammr/ros2_humble/install/ros2component:/home/dammr/ros2_humble/install/ros2param:/home/dammr/ros2_humble/install/ros2lifecycle:/home/dammr/ros2_humble/install/ros2service:/home/dammr/ros2_humble/install/ros2run:/home/dammr/ros2_humble/install/ros2launch:/home/dammr/ros2_humble/install/ros2pkg:/home/dammr/ros2_humble/install/ros2node:/home/dammr/ros2_humble/install/ros2multicast:/home/dammr/ros2_humble/install/ros2interface:/home/dammr/ros2_humble/install/ros2doctor:/home/dammr/ros2_humble/install/ros2action:/home/dammr/ros2_humble/install/ros2cli:/home/dammr/ros2_humble/install/quality_of_service_demo_py:/home/dammr/ros2_humble/install/lifecycle_py:/home/dammr/ros2_humble/install/launch_testing_ros:/home/dammr/ros2_humble/install/launch_ros:/home/dammr/ros2_humble/install/examples_rclpy_pointcloud_publisher:/home/dammr/ros2_humble/install/examples_rclpy_minimal_subscriber:/home/dammr/ros2_humble/install/examples_rclpy_minimal_service:/home/dammr/ros2_humble/install/examples_rclpy_minimal_publisher:/home/dammr/ros2_humble/install/examples_rclpy_minimal_client:/home/dammr/ros2_humble/install/examples_rclpy_minimal_action_server:/home/dammr/ros2_humble/install/examples_rclpy_minimal_action_client:/home/dammr/ros2_humble/install/examples_rclpy_guard_conditions:/home/dammr/ros2_humble/install/examples_rclpy_executors:/home/dammr/ros2_humble/install/demo_nodes_py:/home/dammr/ros2_humble/install/camera_info_manager_py:/home/dammr/ros2_humble/install/action_tutorials_py:/home/dammr/ros2_humble/install/ament_uncrustify:/home/dammr/ros2_humble/install/tracetools_trace:/home/dammr/ros2_humble/install/tracetools_read:/home/dammr/ros2_humble/install/test_tracetools_launch:/home/dammr/ros2_humble/install/test_launch_ros:/home/dammr/ros2_humble/install/sensor_msgs_py:/home/dammr/ros2_humble/install/rpyutils:/home/dammr/ros2_humble/install/rosidl_runtime_py:/home/dammr/ros2_humble/install/rosidl_cli:/home/dammr/ros2_humble/install/launch_pytest:/home/dammr/ros2_humble/install/launch_testing:/home/dammr/ros2_humble/install/launch_yaml:/home/dammr/ros2_humble/install/launch_xml:/home/dammr/ros2_humble/install/launch:/home/dammr/ros2_humble/install/osrf_pycommon:/home/dammr/ros2_humble/install/domain_coordinator:/home/dammr/ros2_humble/install/ament_xmllint:/home/dammr/ros2_humble/install/ament_pyflakes:/home/dammr/ros2_humble/install/ament_pycodestyle:/home/dammr/ros2_humble/install/ament_pep257:/home/dammr/ros2_humble/install/ament_pclint:/home/dammr/ros2_humble/install/ament_package:/home/dammr/ros2_humble/install/ament_mypy:/home/dammr/ros2_humble/install/ament_lint_cmake:/home/dammr/ros2_humble/install/ament_flake8:/home/dammr/ros2_humble/install/ament_copyright:/home/dammr/ros2_humble/install/ament_lint:/home/dammr/ros2_humble/install/ament_index_python:/home/dammr/ros2_humble/install/ament_cpplint:/home/dammr/ros2_humble/install/ament_cppcheck:/home/dammr/ros2_humble/install/ament_clang_tidy:/home/dammr/ros2_humble/install/ament_clang_format /usr/bin/cmake --install /home/dammr/Desktop/magister_ws/UC_SmartFarmRadar/build/ptu_driver
[11.961s] Level 1:colcon.colcon_core.environment:create_environment_scripts_only(ptu_driver)
[11.961s] Level 1:colcon.colcon_core.environment:checking '/home/dammr/Desktop/magister_ws/UC_SmartFarmRadar/install/ptu_driver' for CMake module files
[11.962s] DEBUG:colcon.colcon_core.event_handler.log_command:Invoked command in '/home/dammr/Desktop/magister_ws/UC_SmartFarmRadar/build/ptu_driver' returned '0': CMAKE_PREFIX_PATH=${CMAKE_PREFIX_PATH}:/home/dammr/Desktop/magister_ws/UC_SmartFarmRadar/install/state_machine:/home/dammr/Desktop/magister_ws/UC_SmartFarmRadar/install/radar_package:/home/dammr/Desktop/magister_ws/UC_SmartFarmRadar/install/ptu_package:/opt/ros/humble:/home/dammr/ros2_humble/install/rqt_bag_plugins:/home/dammr/ros2_humble/install/rqt_bag:/home/dammr/ros2_humble/install/launch_testing_examples:/home/dammr/ros2_humble/install/ros2bag:/home/dammr/ros2_humble/install/tracetools_test:/home/dammr/ros2_humble/install/tracetools_launch:/home/dammr/ros2_humble/install/topic_monitor:/home/dammr/ros2_humble/install/tf2_tools:/home/dammr/ros2_humble/install/examples_tf2_py:/home/dammr/ros2_humble/install/tf2_ros_py:/home/dammr/ros2_humble/install/sros2:/home/dammr/ros2_humble/install/rqt_topic:/home/dammr/ros2_humble/install/rqt_srv:/home/dammr/ros2_humble/install/rqt_shell:/home/dammr/ros2_humble/install/rqt_service_caller:/home/dammr/ros2_humble/install/rqt_reconfigure:/home/dammr/ros2_humble/install/rqt_py_console:/home/dammr/ros2_humble/install/rqt_publisher:/home/dammr/ros2_humble/install/rqt_plot:/home/dammr/ros2_humble/install/rqt_action:/home/dammr/ros2_humble/install/rqt_msg:/home/dammr/ros2_humble/install/rqt_console:/home/dammr/ros2_humble/install/rqt:/home/dammr/ros2_humble/install/rqt_graph:/home/dammr/ros2_humble/install/rqt_gui_py:/home/dammr/ros2_humble/install/rqt_gui:/home/dammr/ros2_humble/install/ros2trace:/home/dammr/ros2_humble/install/ros2topic:/home/dammr/ros2_humble/install/ros2test:/home/dammr/ros2_humble/install/ros2component:/home/dammr/ros2_humble/install/ros2param:/home/dammr/ros2_humble/install/ros2lifecycle:/home/dammr/ros2_humble/install/ros2service:/home/dammr/ros2_humble/install/ros2run:/home/dammr/ros2_humble/install/ros2launch:/home/dammr/ros2_humble/install/ros2pkg:/home/dammr/ros2_humble/install/ros2node:/home/dammr/ros2_humble/install/ros2multicast:/home/dammr/ros2_humble/install/ros2interface:/home/dammr/ros2_humble/install/ros2doctor:/home/dammr/ros2_humble/install/ros2action:/home/dammr/ros2_humble/install/ros2cli:/home/dammr/ros2_humble/install/quality_of_service_demo_py:/home/dammr/ros2_humble/install/lifecycle_py:/home/dammr/ros2_humble/install/launch_testing_ros:/home/dammr/ros2_humble/install/launch_ros:/home/dammr/ros2_humble/install/examples_rclpy_pointcloud_publisher:/home/dammr/ros2_humble/install/examples_rclpy_minimal_subscriber:/home/dammr/ros2_humble/install/examples_rclpy_minimal_service:/home/dammr/ros2_humble/install/examples_rclpy_minimal_publisher:/home/dammr/ros2_humble/install/examples_rclpy_minimal_client:/home/dammr/ros2_humble/install/examples_rclpy_minimal_action_server:/home/dammr/ros2_humble/install/examples_rclpy_minimal_action_client:/home/dammr/ros2_humble/install/examples_rclpy_guard_conditions:/home/dammr/ros2_humble/install/examples_rclpy_executors:/home/dammr/ros2_humble/install/demo_nodes_py:/home/dammr/ros2_humble/install/camera_info_manager_py:/home/dammr/ros2_humble/install/action_tutorials_py:/home/dammr/ros2_humble/install/ament_uncrustify:/home/dammr/ros2_humble/install/tracetools_trace:/home/dammr/ros2_humble/install/tracetools_read:/home/dammr/ros2_humble/install/test_tracetools_launch:/home/dammr/ros2_humble/install/test_launch_ros:/home/dammr/ros2_humble/install/sensor_msgs_py:/home/dammr/ros2_humble/install/rpyutils:/home/dammr/ros2_humble/install/rosidl_runtime_py:/home/dammr/ros2_humble/install/rosidl_cli:/home/dammr/ros2_humble/install/launch_pytest:/home/dammr/ros2_humble/install/launch_testing:/home/dammr/ros2_humble/install/launch_yaml:/home/dammr/ros2_humble/install/launch_xml:/home/dammr/ros2_humble/install/launch:/home/dammr/ros2_humble/install/osrf_pycommon:/home/dammr/ros2_humble/install/domain_coordinator:/home/dammr/ros2_humble/install/ament_xmllint:/home/dammr/ros2_humble/install/ament_pyflakes:/home/dammr/ros2_humble/install/ament_pycodestyle:/home/dammr/ros2_humble/install/ament_pep257:/home/dammr/ros2_humble/install/ament_pclint:/home/dammr/ros2_humble/install/ament_package:/home/dammr/ros2_humble/install/ament_mypy:/home/dammr/ros2_humble/install/ament_lint_cmake:/home/dammr/ros2_humble/install/ament_flake8:/home/dammr/ros2_humble/install/ament_copyright:/home/dammr/ros2_humble/install/ament_lint:/home/dammr/ros2_humble/install/ament_index_python:/home/dammr/ros2_humble/install/ament_cpplint:/home/dammr/ros2_humble/install/ament_cppcheck:/home/dammr/ros2_humble/install/ament_clang_tidy:/home/dammr/ros2_humble/install/ament_clang_format /usr/bin/cmake --install /home/dammr/Desktop/magister_ws/UC_SmartFarmRadar/build/ptu_driver
[11.962s] Level 1:colcon.colcon_core.environment:checking '/home/dammr/Desktop/magister_ws/UC_SmartFarmRadar/install/ptu_driver' for CMake config files
[11.962s] Level 1:colcon.colcon_core.shell:create_environment_hook('ptu_driver', 'cmake_prefix_path')
[11.963s] INFO:colcon.colcon_core.shell:Creating environment hook '/home/dammr/Desktop/magister_ws/UC_SmartFarmRadar/install/ptu_driver/share/ptu_driver/hook/cmake_prefix_path.ps1'
[11.963s] INFO:colcon.colcon_core.shell:Creating environment descriptor '/home/dammr/Desktop/magister_ws/UC_SmartFarmRadar/install/ptu_driver/share/ptu_driver/hook/cmake_prefix_path.dsv'
[11.963s] INFO:colcon.colcon_core.shell:Creating environment hook '/home/dammr/Desktop/magister_ws/UC_SmartFarmRadar/install/ptu_driver/share/ptu_driver/hook/cmake_prefix_path.sh'
[11.964s] Level 1:colcon.colcon_core.environment:checking '/home/dammr/Desktop/magister_ws/UC_SmartFarmRadar/install/ptu_driver/lib'
[11.964s] Level 1:colcon.colcon_core.environment:checking '/home/dammr/Desktop/magister_ws/UC_SmartFarmRadar/install/ptu_driver/bin'
[11.964s] Level 1:colcon.colcon_core.environment:checking '/home/dammr/Desktop/magister_ws/UC_SmartFarmRadar/install/ptu_driver/lib/pkgconfig/ptu_driver.pc'
[11.964s] Level 1:colcon.colcon_core.environment:checking '/home/dammr/Desktop/magister_ws/UC_SmartFarmRadar/install/ptu_driver/lib/python3.10/site-packages'
[11.964s] Level 1:colcon.colcon_core.environment:checking '/home/dammr/Desktop/magister_ws/UC_SmartFarmRadar/install/ptu_driver/bin'
[11.965s] INFO:colcon.colcon_core.shell:Creating package script '/home/dammr/Desktop/magister_ws/UC_SmartFarmRadar/install/ptu_driver/share/ptu_driver/package.ps1'
[11.965s] INFO:colcon.colcon_core.shell:Creating package descriptor '/home/dammr/Desktop/magister_ws/UC_SmartFarmRadar/install/ptu_driver/share/ptu_driver/package.dsv'
[11.965s] INFO:colcon.colcon_core.shell:Creating package script '/home/dammr/Desktop/magister_ws/UC_SmartFarmRadar/install/ptu_driver/share/ptu_driver/package.sh'
[11.966s] INFO:colcon.colcon_core.shell:Creating package script '/home/dammr/Desktop/magister_ws/UC_SmartFarmRadar/install/ptu_driver/share/ptu_driver/package.bash'
[11.966s] INFO:colcon.colcon_core.shell:Creating package script '/home/dammr/Desktop/magister_ws/UC_SmartFarmRadar/install/ptu_driver/share/ptu_driver/package.zsh'
[11.966s] Level 1:colcon.colcon_core.environment:create_file_with_runtime_dependencies(/home/dammr/Desktop/magister_ws/UC_SmartFarmRadar/install/ptu_driver/share/colcon-core/packages/ptu_driver)
[11.967s] Level 1:colcon.colcon_core.environment:create_environment_scripts_only(ptu_driver)
[11.967s] Level 1:colcon.colcon_core.environment:checking '/home/dammr/Desktop/magister_ws/UC_SmartFarmRadar/install/ptu_driver' for CMake module files
[11.967s] Level 1:colcon.colcon_core.environment:checking '/home/dammr/Desktop/magister_ws/UC_SmartFarmRadar/install/ptu_driver' for CMake config files
[11.967s] Level 1:colcon.colcon_core.shell:create_environment_hook('ptu_driver', 'cmake_prefix_path')
[11.967s] INFO:colcon.colcon_core.shell:Creating environment hook '/home/dammr/Desktop/magister_ws/UC_SmartFarmRadar/install/ptu_driver/share/ptu_driver/hook/cmake_prefix_path.ps1'
[11.968s] INFO:colcon.colcon_core.shell:Creating environment descriptor '/home/dammr/Desktop/magister_ws/UC_SmartFarmRadar/install/ptu_driver/share/ptu_driver/hook/cmake_prefix_path.dsv'
[11.968s] INFO:colcon.colcon_core.shell:Creating environment hook '/home/dammr/Desktop/magister_ws/UC_SmartFarmRadar/install/ptu_driver/share/ptu_driver/hook/cmake_prefix_path.sh'
[11.968s] Level 1:colcon.colcon_core.environment:checking '/home/dammr/Desktop/magister_ws/UC_SmartFarmRadar/install/ptu_driver/lib'
[11.968s] Level 1:colcon.colcon_core.environment:checking '/home/dammr/Desktop/magister_ws/UC_SmartFarmRadar/install/ptu_driver/bin'
[11.968s] Level 1:colcon.colcon_core.environment:checking '/home/dammr/Desktop/magister_ws/UC_SmartFarmRadar/install/ptu_driver/lib/pkgconfig/ptu_driver.pc'
[11.968s] Level 1:colcon.colcon_core.environment:checking '/home/dammr/Desktop/magister_ws/UC_SmartFarmRadar/install/ptu_driver/lib/python3.10/site-packages'
[11.969s] Level 1:colcon.colcon_core.environment:checking '/home/dammr/Desktop/magister_ws/UC_SmartFarmRadar/install/ptu_driver/bin'
[11.969s] INFO:colcon.colcon_core.shell:Creating package script '/home/dammr/Desktop/magister_ws/UC_SmartFarmRadar/install/ptu_driver/share/ptu_driver/package.ps1'
[11.969s] INFO:colcon.colcon_core.shell:Creating package descriptor '/home/dammr/Desktop/magister_ws/UC_SmartFarmRadar/install/ptu_driver/share/ptu_driver/package.dsv'
[11.969s] INFO:colcon.colcon_core.shell:Creating package script '/home/dammr/Desktop/magister_ws/UC_SmartFarmRadar/install/ptu_driver/share/ptu_driver/package.sh'
[11.970s] INFO:colcon.colcon_core.shell:Creating package script '/home/dammr/Desktop/magister_ws/UC_SmartFarmRadar/install/ptu_driver/share/ptu_driver/package.bash'
[11.970s] INFO:colcon.colcon_core.shell:Creating package script '/home/dammr/Desktop/magister_ws/UC_SmartFarmRadar/install/ptu_driver/share/ptu_driver/package.zsh'
[11.970s] Level 1:colcon.colcon_core.environment:create_file_with_runtime_dependencies(/home/dammr/Desktop/magister_ws/UC_SmartFarmRadar/install/ptu_driver/share/colcon-core/packages/ptu_driver)
[12.473s] DEBUG:colcon.colcon_core.event_handler.log_command:Invoking command in '/home/dammr/Desktop/magister_ws/UC_SmartFarmRadar/ptu_package': CMAKE_PREFIX_PATH=/home/dammr/Desktop/magister_ws/UC_SmartFarmRadar/install/radar_msg:/home/dammr/Desktop/magister_ws/UC_SmartFarmRadar/install/robot_description:/home/dammr/Desktop/magister_ws/UC_SmartFarmRadar/install/ptu_driver:/home/dammr/ros2_humble/install/rosbag2_storage_mcap:/home/dammr/ros2_humble/install/rosbag2:/home/dammr/ros2_humble/install/rosbag2_compression_zstd:/home/dammr/ros2_humble/install/mcap_vendor:/home/dammr/ros2_humble/install/zstd_vendor:/home/dammr/ros2_humble/install/rviz_visual_testing_framework:/home/dammr/ros2_humble/install/rviz2:/home/dammr/ros2_humble/install/rviz_default_plugins:/home/dammr/ros2_humble/install/rviz_common:/home/dammr/ros2_humble/install/rosbag2_py:/home/dammr/ros2_humble/install/rosbag2_transport:/home/dammr/ros2_humble/install/rosbag2_storage_default_plugins:/home/dammr/ros2_humble/install/rosbag2_performance_benchmarking:/home/dammr/ros2_humble/install/rosbag2_compression:/home/dammr/ros2_humble/install/rosbag2_cpp:/home/dammr/ros2_humble/install/rosbag2_storage:/home/dammr/ros2_humble/install/image_common:/home/dammr/ros2_humble/install/camera_info_manager:/home/dammr/ros2_humble/install/camera_calibration_parsers:/home/dammr/ros2_humble/install/yaml_cpp_vendor:/home/dammr/ros2_humble/install/interactive_markers:/home/dammr/ros2_humble/install/common_interfaces:/home/dammr/ros2_humble/install/visualization_msgs:/home/dammr/ros2_humble/install/dummy_robot_bringup:/home/dammr/ros2_humble/install/robot_state_publisher:/home/dammr/ros2_humble/install/kdl_parser:/home/dammr/ros2_humble/install/urdf:/home/dammr/ros2_humble/install/urdfdom:/home/dammr/ros2_humble/install/urdf_parser_plugin:/home/dammr/ros2_humble/install/urdfdom_headers:/home/dammr/ros2_humble/install/turtlesim:/home/dammr/ros2_humble/install/geometry2:/home/dammr/ros2_humble/install/tf2_sensor_msgs:/home/dammr/ros2_humble/install/test_tf2:/home/dammr/ros2_humble/install/tf2_kdl:/home/dammr/ros2_humble/install/tf2_geometry_msgs:/home/dammr/ros2_humble/install/tf2_eigen:/home/dammr/ros2_humble/install/tf2_bullet:/home/dammr/ros2_humble/install/tf2_ros:/home/dammr/ros2_humble/install/tf2_py:/home/dammr/ros2_humble/install/tf2_msgs:/home/dammr/ros2_humble/install/test_msgs:/home/dammr/ros2_humble/install/sros2_cmake:/home/dammr/ros2_humble/install/ros2cli_common_extensions:/home/dammr/ros2_humble/install/rqt_py_common:/home/dammr/ros2_humble/install/rosbag2_storage_mcap_testdata:/home/dammr/ros2_humble/install/ros_testing:/home/dammr/ros2_humble/install/ros2cli_test_interfaces:/home/dammr/ros2_humble/install/quality_of_service_demo_cpp:/home/dammr/ros2_humble/install/image_transport:/home/dammr/ros2_humble/install/message_filters:/home/dammr/ros2_humble/install/demo_nodes_cpp:/home/dammr/ros2_humble/install/composition:/home/dammr/ros2_humble/install/laser_geometry:/home/dammr/ros2_humble/install/rclpy:/home/dammr/ros2_humble/install/examples_rclcpp_minimal_action_server:/home/dammr/ros2_humble/install/examples_rclcpp_minimal_action_client:/home/dammr/ros2_humble/install/action_tutorials_cpp:/home/dammr/ros2_humble/install/rclcpp_action:/home/dammr/ros2_humble/install/rcl_action:/home/dammr/ros2_humble/install/examples_rclcpp_wait_set:/home/dammr/ros2_humble/install/examples_rclcpp_minimal_service:/home/dammr/ros2_humble/install/examples_rclcpp_minimal_client:/home/dammr/ros2_humble/install/examples_rclcpp_async_client:/home/dammr/ros2_humble/install/example_interfaces:/home/dammr/ros2_humble/install/action_tutorials_interfaces:/home/dammr/ros2_humble/install/action_msgs:/home/dammr/ros2_humble/install/unique_identifier_msgs:/home/dammr/ros2_humble/install/ament_lint_common:/home/dammr/ros2_humble/install/ament_cmake_uncrustify:/home/dammr/ros2_humble/install/uncrustify_vendor:/home/dammr/ros2_humble/install/trajectory_msgs:/home/dammr/ros2_humble/install/topic_statistics_demo:/home/dammr/ros2_humble/install/pendulum_control:/home/dammr/ros2_humble/install/tlsf_cpp:/home/dammr/ros2_humble/install/test_tracetools:/home/dammr/ros2_humble/install/rqt_gui_cpp:/home/dammr/ros2_humble/install/rosbag2_test_common:/home/dammr/ros2_humble/install/ros2lifecycle_test_fixtures:/home/dammr/ros2_humble/install/lifecycle:/home/dammr/ros2_humble/install/rclcpp_lifecycle:/home/dammr/ros2_humble/install/logging_demo:/home/dammr/ros2_humble/install/image_tools:/home/dammr/ros2_humble/install/examples_rclcpp_minimal_subscriber:/home/dammr/ros2_humble/install/examples_rclcpp_minimal_composition:/home/dammr/ros2_humble/install/demo_nodes_cpp_native:/home/dammr/ros2_humble/install/rclcpp_components:/home/dammr/ros2_humble/install/intra_process_demo:/home/dammr/ros2_humble/install/examples_rclcpp_multithreaded_executor:/home/dammr/ros2_humble/install/examples_rclcpp_minimal_timer:/home/dammr/ros2_humble/install/examples_rclcpp_minimal_publisher:/home/dammr/ros2_humble/install/examples_rclcpp_cbg_executor:/home/dammr/ros2_humble/install/dummy_sensors:/home/dammr/ros2_humble/install/dummy_map_server:/home/dammr/ros2_humble/install/rclcpp:/home/dammr/ros2_humble/install/rcl_lifecycle:/home/dammr/ros2_humble/install/libstatistics_collector:/home/dammr/ros2_humble/install/rcl:/home/dammr/ros2_humble/install/rmw_implementation:/home/dammr/ros2_humble/install/rmw_fastrtps_dynamic_cpp:/home/dammr/ros2_humble/install/rmw_fastrtps_cpp:/home/dammr/ros2_humble/install/rmw_fastrtps_shared_cpp:/home/dammr/ros2_humble/install/rmw_cyclonedds_cpp:/home/dammr/ros2_humble/install/tracetools:/home/dammr/ros2_humble/install/tlsf:/home/dammr/ros2_humble/install/tinyxml_vendor:/home/dammr/ros2_humble/install/qt_gui_core:/home/dammr/ros2_humble/install/qt_gui_cpp:/home/dammr/ros2_humble/install/pluginlib:/home/dammr/ros2_humble/install/tinyxml2_vendor:/home/dammr/ros2_humble/install/tf2_eigen_kdl:/home/dammr/ros2_humble/install/tf2:/home/dammr/ros2_humble/install/test_security:/home/dammr/ros2_humble/install/test_rmw_implementation:/home/dammr/ros2_humble/install/test_rclcpp:/home/dammr/ros2_humble/install/test_quality_of_service:/home/dammr/ros2_humble/install/test_launch_testing:/home/dammr/ros2_humble/install/test_interface_files:/home/dammr/ros2_humble/install/test_communication:/home/dammr/ros2_humble/install/test_cli_remapping:/home/dammr/ros2_humble/install/test_cli:/home/dammr/ros2_humble/install/qt_gui_app:/home/dammr/ros2_humble/install/qt_gui:/home/dammr/ros2_humble/install/tango_icons_vendor:/home/dammr/ros2_humble/install/stereo_msgs:/home/dammr/ros2_humble/install/std_srvs:/home/dammr/ros2_humble/install/shape_msgs:/home/dammr/ros2_humble/install/map_msgs:/home/dammr/ros2_humble/install/sensor_msgs:/home/dammr/ros2_humble/install/nav_msgs:/home/dammr/ros2_humble/install/diagnostic_msgs:/home/dammr/ros2_humble/install/geometry_msgs:/home/dammr/ros2_humble/install/actionlib_msgs:/home/dammr/ros2_humble/install/std_msgs:/home/dammr/ros2_humble/install/statistics_msgs:/home/dammr/ros2_humble/install/sqlite3_vendor:/home/dammr/ros2_humble/install/rcl_logging_spdlog:/home/dammr/ros2_humble/install/spdlog_vendor:/home/dammr/ros2_humble/install/shared_queues_vendor:/home/dammr/ros2_humble/install/rviz_rendering_tests:/home/dammr/ros2_humble/install/rviz_rendering:/home/dammr/ros2_humble/install/rviz_ogre_vendor:/home/dammr/ros2_humble/install/rviz_assimp_vendor:/home/dammr/ros2_humble/install/rttest:/home/dammr/ros2_humble/install/rmw_connextddsmicro:/home/dammr/ros2_humble/install/rmw_connextdds:/home/dammr/ros2_humble/install/rmw_connextdds_common:/home/dammr/ros2_humble/install/rti_connext_dds_cmake_module:/home/dammr/ros2_humble/install/rosgraph_msgs:/home/dammr/ros2_humble/install/rosbag2_interfaces:/home/dammr/ros2_humble/install/rmw_dds_common:/home/dammr/ros2_humble/install/composition_interfaces:/home/dammr/ros2_humble/install/rcl_interfaces:/home/dammr/ros2_humble/install/pendulum_msgs:/home/dammr/ros2_humble/install/lifecycle_msgs:/home/dammr/ros2_humble/install/builtin_interfaces:/home/dammr/ros2_humble/install/rosidl_default_runtime:/home/dammr/ros2_humble/install/rosidl_default_generators:/home/dammr/ros2_humble/install/rosidl_generator_py:/home/dammr/ros2_humble/install/rosidl_typesupport_introspection_tests:/home/dammr/ros2_humble/install/rosidl_typesupport_cpp:/home/dammr/ros2_humble/install/rosidl_typesupport_introspection_cpp:/home/dammr/ros2_humble/install/rosidl_typesupport_c:/home/dammr/ros2_humble/install/rosidl_typesupport_introspection_c:/home/dammr/ros2_humble/install/rosidl_typesupport_fastrtps_c:/home/dammr/ros2_humble/install/rosidl_typesupport_fastrtps_cpp:/home/dammr/ros2_humble/install/rosidl_generator_cpp:/home/dammr/ros2_humble/install/rosidl_runtime_cpp:/home/dammr/ros2_humble/install/rcl_yaml_param_parser:/home/dammr/ros2_humble/install/rmw:/home/dammr/ros2_humble/install/rosidl_runtime_c:/home/dammr/ros2_humble/install/rosidl_generator_c:/home/dammr/ros2_humble/install/rosidl_typesupport_interface:/home/dammr/ros2_humble/install/rosidl_generator_dds_idl:/home/dammr/ros2_humble/install/rosidl_cmake:/home/dammr/ros2_humble/install/rosidl_parser:/home/dammr/ros2_humble/install/rosidl_adapter:/home/dammr/ros2_humble/install/rosbag2_tests:/home/dammr/ros2_humble/install/ros_environment:/home/dammr/ros2_humble/install/rmw_implementation_cmake:/home/dammr/ros2_humble/install/resource_retriever:/home/dammr/ros2_humble/install/class_loader:/home/dammr/ros2_humble/install/rcpputils:/home/dammr/ros2_humble/install/rcl_logging_noop:/home/dammr/ros2_humble/install/rcl_logging_interface:/home/dammr/ros2_humble/install/rcutils:/home/dammr/ros2_humble/install/qt_gui_py_common:/home/dammr/ros2_humble/install/qt_dotgraph:/home/dammr/ros2_humble/install/python_qt_binding:/home/dammr/ros2_humble/install/python_orocos_kdl_vendor:/home/dammr/ros2_humble/install/launch_testing_ament_cmake:/home/dammr/ros2_humble/install/python_cmake_module:/home/dammr/ros2_humble/install/pybind11_vendor:/home/dammr/ros2_humble/install/performance_test_fixture:/home/dammr/ros2_humble/install/osrf_testing_tools_cpp:/home/dammr/ros2_humble/install/orocos_kdl_vendor:/home/dammr/ros2_humble/install/mimick_vendor:/home/dammr/ros2_humble/install/libyaml_vendor:/home/dammr/ros2_humble/install/libcurl_vendor:/home/dammr/ros2_humble/install/keyboard_handler:/home/dammr/ros2_humble/install/iceoryx_introspection:/home/dammr/ros2_humble/install/cyclonedds:/home/dammr/ros2_humble/install/iceoryx_posh:/home/dammr/ros2_humble/install/iceoryx_hoofs:/home/dammr/ros2_humble/install/iceoryx_binding_c:/home/dammr/ros2_humble/install/ament_cmake_ros:/home/dammr/ros2_humble/install/ament_cmake_auto:/home/dammr/ros2_humble/install/ament_cmake_gmock:/home/dammr/ros2_humble/install/gmock_vendor:/home/dammr/ros2_humble/install/ament_cmake_gtest:/home/dammr/ros2_humble/install/gtest_vendor:/home/dammr/ros2_humble/install/ament_cmake_google_benchmark:/home/dammr/ros2_humble/install/google_benchmark_vendor:/home/dammr/ros2_humble/install/fastrtps:/home/dammr/ros2_humble/install/foonathan_memory_vendor:/home/dammr/ros2_humble/install/fastrtps_cmake_module:/home/dammr/ros2_humble/install/fastcdr:/home/dammr/ros2_humble/install/eigen3_cmake_module:/home/dammr/ros2_humble/install/console_bridge_vendor:/home/dammr/ros2_humble/install/ament_cmake_xmllint:/home/dammr/ros2_humble/install/ament_cmake_pyflakes:/home/dammr/ros2_humble/install/ament_cmake_pycodestyle:/home/dammr/ros2_humble/install/ament_cmake_pep257:/home/dammr/ros2_humble/install/ament_cmake_pclint:/home/dammr/ros2_humble/install/ament_lint_auto:/home/dammr/ros2_humble/install/ament_cmake:/home/dammr/ros2_humble/install/ament_cmake_version:/home/dammr/ros2_humble/install/ament_cmake_vendor_package:/home/dammr/ros2_humble/install/ament_cmake_pytest:/home/dammr/ros2_humble/install/ament_cmake_nose:/home/dammr/ros2_humble/install/ament_cmake_mypy:/home/dammr/ros2_humble/install/ament_cmake_lint_cmake:/home/dammr/ros2_humble/install/ament_cmake_flake8:/home/dammr/ros2_humble/install/ament_cmake_cpplint:/home/dammr/ros2_humble/install/ament_cmake_cppcheck:/home/dammr/ros2_humble/install/ament_cmake_copyright:/home/dammr/ros2_humble/install/ament_cmake_clang_tidy:/home/dammr/ros2_humble/install/ament_cmake_clang_format:/home/dammr/ros2_humble/install/ament_cmake_test:/home/dammr/ros2_humble/install/ament_cmake_target_dependencies:/home/dammr/ros2_humble/install/ament_cmake_python:/home/dammr/ros2_humble/install/ament_cmake_export_dependencies:/home/dammr/ros2_humble/install/ament_cmake_libraries:/home/dammr/ros2_humble/install/ament_cmake_include_directories:/home/dammr/ros2_humble/install/ament_cmake_gen_version_h:/home/dammr/ros2_humble/install/ament_cmake_export_targets:/home/dammr/ros2_humble/install/ament_cmake_export_link_flags:/home/dammr/ros2_humble/install/ament_cmake_export_interfaces:/home/dammr/ros2_humble/install/ament_cmake_export_libraries:/home/dammr/ros2_humble/install/ament_cmake_export_include_directories:/home/dammr/ros2_humble/install/ament_cmake_export_definitions:/home/dammr/ros2_humble/install/ament_cmake_core:/home/dammr/ros2_humble/install/ament_index_cpp PYTHONPATH=/home/dammr/Desktop/magister_ws/UC_SmartFarmRadar/build/ptu_package/prefix_override:/usr/lib/python3/dist-packages/colcon_core/task/python/colcon_distutils_commands:/home/dammr/Desktop/magister_ws/UC_SmartFarmRadar/install/ptu_package/lib/python3.10/site-packages:${PYTHONPATH} /usr/bin/python3 -W ignore:setup.py install is deprecated -W ignore:easy_install command is deprecated setup.py egg_info --egg-base ../build/ptu_package build --build-base /home/dammr/Desktop/magister_ws/UC_SmartFarmRadar/build/ptu_package/build install --record /home/dammr/Desktop/magister_ws/UC_SmartFarmRadar/build/ptu_package/install.log --single-version-externally-managed install_data
[12.483s] DEBUG:colcon.colcon_core.event_handler.log_command:Invoking command in '/home/dammr/Desktop/magister_ws/UC_SmartFarmRadar/radar_package': CMAKE_PREFIX_PATH=/home/dammr/Desktop/magister_ws/UC_SmartFarmRadar/install/radar_msg:/home/dammr/Desktop/magister_ws/UC_SmartFarmRadar/install/robot_description:/home/dammr/Desktop/magister_ws/UC_SmartFarmRadar/install/ptu_driver:/home/dammr/ros2_humble/install/rosbag2_storage_mcap:/home/dammr/ros2_humble/install/rosbag2:/home/dammr/ros2_humble/install/rosbag2_compression_zstd:/home/dammr/ros2_humble/install/mcap_vendor:/home/dammr/ros2_humble/install/zstd_vendor:/home/dammr/ros2_humble/install/rviz_visual_testing_framework:/home/dammr/ros2_humble/install/rviz2:/home/dammr/ros2_humble/install/rviz_default_plugins:/home/dammr/ros2_humble/install/rviz_common:/home/dammr/ros2_humble/install/rosbag2_py:/home/dammr/ros2_humble/install/rosbag2_transport:/home/dammr/ros2_humble/install/rosbag2_storage_default_plugins:/home/dammr/ros2_humble/install/rosbag2_performance_benchmarking:/home/dammr/ros2_humble/install/rosbag2_compression:/home/dammr/ros2_humble/install/rosbag2_cpp:/home/dammr/ros2_humble/install/rosbag2_storage:/home/dammr/ros2_humble/install/image_common:/home/dammr/ros2_humble/install/camera_info_manager:/home/dammr/ros2_humble/install/camera_calibration_parsers:/home/dammr/ros2_humble/install/yaml_cpp_vendor:/home/dammr/ros2_humble/install/interactive_markers:/home/dammr/ros2_humble/install/common_interfaces:/home/dammr/ros2_humble/install/visualization_msgs:/home/dammr/ros2_humble/install/dummy_robot_bringup:/home/dammr/ros2_humble/install/robot_state_publisher:/home/dammr/ros2_humble/install/kdl_parser:/home/dammr/ros2_humble/install/urdf:/home/dammr/ros2_humble/install/urdfdom:/home/dammr/ros2_humble/install/urdf_parser_plugin:/home/dammr/ros2_humble/install/urdfdom_headers:/home/dammr/ros2_humble/install/turtlesim:/home/dammr/ros2_humble/install/geometry2:/home/dammr/ros2_humble/install/tf2_sensor_msgs:/home/dammr/ros2_humble/install/test_tf2:/home/dammr/ros2_humble/install/tf2_kdl:/home/dammr/ros2_humble/install/tf2_geometry_msgs:/home/dammr/ros2_humble/install/tf2_eigen:/home/dammr/ros2_humble/install/tf2_bullet:/home/dammr/ros2_humble/install/tf2_ros:/home/dammr/ros2_humble/install/tf2_py:/home/dammr/ros2_humble/install/tf2_msgs:/home/dammr/ros2_humble/install/test_msgs:/home/dammr/ros2_humble/install/sros2_cmake:/home/dammr/ros2_humble/install/ros2cli_common_extensions:/home/dammr/ros2_humble/install/rqt_py_common:/home/dammr/ros2_humble/install/rosbag2_storage_mcap_testdata:/home/dammr/ros2_humble/install/ros_testing:/home/dammr/ros2_humble/install/ros2cli_test_interfaces:/home/dammr/ros2_humble/install/quality_of_service_demo_cpp:/home/dammr/ros2_humble/install/image_transport:/home/dammr/ros2_humble/install/message_filters:/home/dammr/ros2_humble/install/demo_nodes_cpp:/home/dammr/ros2_humble/install/composition:/home/dammr/ros2_humble/install/laser_geometry:/home/dammr/ros2_humble/install/rclpy:/home/dammr/ros2_humble/install/examples_rclcpp_minimal_action_server:/home/dammr/ros2_humble/install/examples_rclcpp_minimal_action_client:/home/dammr/ros2_humble/install/action_tutorials_cpp:/home/dammr/ros2_humble/install/rclcpp_action:/home/dammr/ros2_humble/install/rcl_action:/home/dammr/ros2_humble/install/examples_rclcpp_wait_set:/home/dammr/ros2_humble/install/examples_rclcpp_minimal_service:/home/dammr/ros2_humble/install/examples_rclcpp_minimal_client:/home/dammr/ros2_humble/install/examples_rclcpp_async_client:/home/dammr/ros2_humble/install/example_interfaces:/home/dammr/ros2_humble/install/action_tutorials_interfaces:/home/dammr/ros2_humble/install/action_msgs:/home/dammr/ros2_humble/install/unique_identifier_msgs:/home/dammr/ros2_humble/install/ament_lint_common:/home/dammr/ros2_humble/install/ament_cmake_uncrustify:/home/dammr/ros2_humble/install/uncrustify_vendor:/home/dammr/ros2_humble/install/trajectory_msgs:/home/dammr/ros2_humble/install/topic_statistics_demo:/home/dammr/ros2_humble/install/pendulum_control:/home/dammr/ros2_humble/install/tlsf_cpp:/home/dammr/ros2_humble/install/test_tracetools:/home/dammr/ros2_humble/install/rqt_gui_cpp:/home/dammr/ros2_humble/install/rosbag2_test_common:/home/dammr/ros2_humble/install/ros2lifecycle_test_fixtures:/home/dammr/ros2_humble/install/lifecycle:/home/dammr/ros2_humble/install/rclcpp_lifecycle:/home/dammr/ros2_humble/install/logging_demo:/home/dammr/ros2_humble/install/image_tools:/home/dammr/ros2_humble/install/examples_rclcpp_minimal_subscriber:/home/dammr/ros2_humble/install/examples_rclcpp_minimal_composition:/home/dammr/ros2_humble/install/demo_nodes_cpp_native:/home/dammr/ros2_humble/install/rclcpp_components:/home/dammr/ros2_humble/install/intra_process_demo:/home/dammr/ros2_humble/install/examples_rclcpp_multithreaded_executor:/home/dammr/ros2_humble/install/examples_rclcpp_minimal_timer:/home/dammr/ros2_humble/install/examples_rclcpp_minimal_publisher:/home/dammr/ros2_humble/install/examples_rclcpp_cbg_executor:/home/dammr/ros2_humble/install/dummy_sensors:/home/dammr/ros2_humble/install/dummy_map_server:/home/dammr/ros2_humble/install/rclcpp:/home/dammr/ros2_humble/install/rcl_lifecycle:/home/dammr/ros2_humble/install/libstatistics_collector:/home/dammr/ros2_humble/install/rcl:/home/dammr/ros2_humble/install/rmw_implementation:/home/dammr/ros2_humble/install/rmw_fastrtps_dynamic_cpp:/home/dammr/ros2_humble/install/rmw_fastrtps_cpp:/home/dammr/ros2_humble/install/rmw_fastrtps_shared_cpp:/home/dammr/ros2_humble/install/rmw_cyclonedds_cpp:/home/dammr/ros2_humble/install/tracetools:/home/dammr/ros2_humble/install/tlsf:/home/dammr/ros2_humble/install/tinyxml_vendor:/home/dammr/ros2_humble/install/qt_gui_core:/home/dammr/ros2_humble/install/qt_gui_cpp:/home/dammr/ros2_humble/install/pluginlib:/home/dammr/ros2_humble/install/tinyxml2_vendor:/home/dammr/ros2_humble/install/tf2_eigen_kdl:/home/dammr/ros2_humble/install/tf2:/home/dammr/ros2_humble/install/test_security:/home/dammr/ros2_humble/install/test_rmw_implementation:/home/dammr/ros2_humble/install/test_rclcpp:/home/dammr/ros2_humble/install/test_quality_of_service:/home/dammr/ros2_humble/install/test_launch_testing:/home/dammr/ros2_humble/install/test_interface_files:/home/dammr/ros2_humble/install/test_communication:/home/dammr/ros2_humble/install/test_cli_remapping:/home/dammr/ros2_humble/install/test_cli:/home/dammr/ros2_humble/install/qt_gui_app:/home/dammr/ros2_humble/install/qt_gui:/home/dammr/ros2_humble/install/tango_icons_vendor:/home/dammr/ros2_humble/install/stereo_msgs:/home/dammr/ros2_humble/install/std_srvs:/home/dammr/ros2_humble/install/shape_msgs:/home/dammr/ros2_humble/install/map_msgs:/home/dammr/ros2_humble/install/sensor_msgs:/home/dammr/ros2_humble/install/nav_msgs:/home/dammr/ros2_humble/install/diagnostic_msgs:/home/dammr/ros2_humble/install/geometry_msgs:/home/dammr/ros2_humble/install/actionlib_msgs:/home/dammr/ros2_humble/install/std_msgs:/home/dammr/ros2_humble/install/statistics_msgs:/home/dammr/ros2_humble/install/sqlite3_vendor:/home/dammr/ros2_humble/install/rcl_logging_spdlog:/home/dammr/ros2_humble/install/spdlog_vendor:/home/dammr/ros2_humble/install/shared_queues_vendor:/home/dammr/ros2_humble/install/rviz_rendering_tests:/home/dammr/ros2_humble/install/rviz_rendering:/home/dammr/ros2_humble/install/rviz_ogre_vendor:/home/dammr/ros2_humble/install/rviz_assimp_vendor:/home/dammr/ros2_humble/install/rttest:/home/dammr/ros2_humble/install/rmw_connextddsmicro:/home/dammr/ros2_humble/install/rmw_connextdds:/home/dammr/ros2_humble/install/rmw_connextdds_common:/home/dammr/ros2_humble/install/rti_connext_dds_cmake_module:/home/dammr/ros2_humble/install/rosgraph_msgs:/home/dammr/ros2_humble/install/rosbag2_interfaces:/home/dammr/ros2_humble/install/rmw_dds_common:/home/dammr/ros2_humble/install/composition_interfaces:/home/dammr/ros2_humble/install/rcl_interfaces:/home/dammr/ros2_humble/install/pendulum_msgs:/home/dammr/ros2_humble/install/lifecycle_msgs:/home/dammr/ros2_humble/install/builtin_interfaces:/home/dammr/ros2_humble/install/rosidl_default_runtime:/home/dammr/ros2_humble/install/rosidl_default_generators:/home/dammr/ros2_humble/install/rosidl_generator_py:/home/dammr/ros2_humble/install/rosidl_typesupport_introspection_tests:/home/dammr/ros2_humble/install/rosidl_typesupport_cpp:/home/dammr/ros2_humble/install/rosidl_typesupport_introspection_cpp:/home/dammr/ros2_humble/install/rosidl_typesupport_c:/home/dammr/ros2_humble/install/rosidl_typesupport_introspection_c:/home/dammr/ros2_humble/install/rosidl_typesupport_fastrtps_c:/home/dammr/ros2_humble/install/rosidl_typesupport_fastrtps_cpp:/home/dammr/ros2_humble/install/rosidl_generator_cpp:/home/dammr/ros2_humble/install/rosidl_runtime_cpp:/home/dammr/ros2_humble/install/rcl_yaml_param_parser:/home/dammr/ros2_humble/install/rmw:/home/dammr/ros2_humble/install/rosidl_runtime_c:/home/dammr/ros2_humble/install/rosidl_generator_c:/home/dammr/ros2_humble/install/rosidl_typesupport_interface:/home/dammr/ros2_humble/install/rosidl_generator_dds_idl:/home/dammr/ros2_humble/install/rosidl_cmake:/home/dammr/ros2_humble/install/rosidl_parser:/home/dammr/ros2_humble/install/rosidl_adapter:/home/dammr/ros2_humble/install/rosbag2_tests:/home/dammr/ros2_humble/install/ros_environment:/home/dammr/ros2_humble/install/rmw_implementation_cmake:/home/dammr/ros2_humble/install/resource_retriever:/home/dammr/ros2_humble/install/class_loader:/home/dammr/ros2_humble/install/rcpputils:/home/dammr/ros2_humble/install/rcl_logging_noop:/home/dammr/ros2_humble/install/rcl_logging_interface:/home/dammr/ros2_humble/install/rcutils:/home/dammr/ros2_humble/install/qt_gui_py_common:/home/dammr/ros2_humble/install/qt_dotgraph:/home/dammr/ros2_humble/install/python_qt_binding:/home/dammr/ros2_humble/install/python_orocos_kdl_vendor:/home/dammr/ros2_humble/install/launch_testing_ament_cmake:/home/dammr/ros2_humble/install/python_cmake_module:/home/dammr/ros2_humble/install/pybind11_vendor:/home/dammr/ros2_humble/install/performance_test_fixture:/home/dammr/ros2_humble/install/osrf_testing_tools_cpp:/home/dammr/ros2_humble/install/orocos_kdl_vendor:/home/dammr/ros2_humble/install/mimick_vendor:/home/dammr/ros2_humble/install/libyaml_vendor:/home/dammr/ros2_humble/install/libcurl_vendor:/home/dammr/ros2_humble/install/keyboard_handler:/home/dammr/ros2_humble/install/iceoryx_introspection:/home/dammr/ros2_humble/install/cyclonedds:/home/dammr/ros2_humble/install/iceoryx_posh:/home/dammr/ros2_humble/install/iceoryx_hoofs:/home/dammr/ros2_humble/install/iceoryx_binding_c:/home/dammr/ros2_humble/install/ament_cmake_ros:/home/dammr/ros2_humble/install/ament_cmake_auto:/home/dammr/ros2_humble/install/ament_cmake_gmock:/home/dammr/ros2_humble/install/gmock_vendor:/home/dammr/ros2_humble/install/ament_cmake_gtest:/home/dammr/ros2_humble/install/gtest_vendor:/home/dammr/ros2_humble/install/ament_cmake_google_benchmark:/home/dammr/ros2_humble/install/google_benchmark_vendor:/home/dammr/ros2_humble/install/fastrtps:/home/dammr/ros2_humble/install/foonathan_memory_vendor:/home/dammr/ros2_humble/install/fastrtps_cmake_module:/home/dammr/ros2_humble/install/fastcdr:/home/dammr/ros2_humble/install/eigen3_cmake_module:/home/dammr/ros2_humble/install/console_bridge_vendor:/home/dammr/ros2_humble/install/ament_cmake_xmllint:/home/dammr/ros2_humble/install/ament_cmake_pyflakes:/home/dammr/ros2_humble/install/ament_cmake_pycodestyle:/home/dammr/ros2_humble/install/ament_cmake_pep257:/home/dammr/ros2_humble/install/ament_cmake_pclint:/home/dammr/ros2_humble/install/ament_lint_auto:/home/dammr/ros2_humble/install/ament_cmake:/home/dammr/ros2_humble/install/ament_cmake_version:/home/dammr/ros2_humble/install/ament_cmake_vendor_package:/home/dammr/ros2_humble/install/ament_cmake_pytest:/home/dammr/ros2_humble/install/ament_cmake_nose:/home/dammr/ros2_humble/install/ament_cmake_mypy:/home/dammr/ros2_humble/install/ament_cmake_lint_cmake:/home/dammr/ros2_humble/install/ament_cmake_flake8:/home/dammr/ros2_humble/install/ament_cmake_cpplint:/home/dammr/ros2_humble/install/ament_cmake_cppcheck:/home/dammr/ros2_humble/install/ament_cmake_copyright:/home/dammr/ros2_humble/install/ament_cmake_clang_tidy:/home/dammr/ros2_humble/install/ament_cmake_clang_format:/home/dammr/ros2_humble/install/ament_cmake_test:/home/dammr/ros2_humble/install/ament_cmake_target_dependencies:/home/dammr/ros2_humble/install/ament_cmake_python:/home/dammr/ros2_humble/install/ament_cmake_export_dependencies:/home/dammr/ros2_humble/install/ament_cmake_libraries:/home/dammr/ros2_humble/install/ament_cmake_include_directories:/home/dammr/ros2_humble/install/ament_cmake_gen_version_h:/home/dammr/ros2_humble/install/ament_cmake_export_targets:/home/dammr/ros2_humble/install/ament_cmake_export_link_flags:/home/dammr/ros2_humble/install/ament_cmake_export_interfaces:/home/dammr/ros2_humble/install/ament_cmake_export_libraries:/home/dammr/ros2_humble/install/ament_cmake_export_include_directories:/home/dammr/ros2_humble/install/ament_cmake_export_definitions:/home/dammr/ros2_humble/install/ament_cmake_core:/home/dammr/ros2_humble/install/ament_index_cpp PYTHONPATH=/home/dammr/Desktop/magister_ws/UC_SmartFarmRadar/build/radar_package/prefix_override:/usr/lib/python3/dist-packages/colcon_core/task/python/colcon_distutils_commands:/home/dammr/Desktop/magister_ws/UC_SmartFarmRadar/install/radar_package/lib/python3.10/site-packages:${PYTHONPATH} /usr/bin/python3 -W ignore:setup.py install is deprecated -W ignore:easy_install command is deprecated setup.py egg_info --egg-base ../build/radar_package build --build-base /home/dammr/Desktop/magister_ws/UC_SmartFarmRadar/build/radar_package/build install --record /home/dammr/Desktop/magister_ws/UC_SmartFarmRadar/build/radar_package/install.log --single-version-externally-managed install_data
[12.495s] DEBUG:colcon.colcon_core.event_handler.log_command:Invoking command in '/home/dammr/Desktop/magister_ws/UC_SmartFarmRadar/state_machine': CMAKE_PREFIX_PATH=/home/dammr/Desktop/magister_ws/UC_SmartFarmRadar/install/radar_msg:/home/dammr/Desktop/magister_ws/UC_SmartFarmRadar/install/robot_description:/home/dammr/Desktop/magister_ws/UC_SmartFarmRadar/install/ptu_driver:/home/dammr/ros2_humble/install/rosbag2_storage_mcap:/home/dammr/ros2_humble/install/rosbag2:/home/dammr/ros2_humble/install/rosbag2_compression_zstd:/home/dammr/ros2_humble/install/mcap_vendor:/home/dammr/ros2_humble/install/zstd_vendor:/home/dammr/ros2_humble/install/rviz_visual_testing_framework:/home/dammr/ros2_humble/install/rviz2:/home/dammr/ros2_humble/install/rviz_default_plugins:/home/dammr/ros2_humble/install/rviz_common:/home/dammr/ros2_humble/install/rosbag2_py:/home/dammr/ros2_humble/install/rosbag2_transport:/home/dammr/ros2_humble/install/rosbag2_storage_default_plugins:/home/dammr/ros2_humble/install/rosbag2_performance_benchmarking:/home/dammr/ros2_humble/install/rosbag2_compression:/home/dammr/ros2_humble/install/rosbag2_cpp:/home/dammr/ros2_humble/install/rosbag2_storage:/home/dammr/ros2_humble/install/image_common:/home/dammr/ros2_humble/install/camera_info_manager:/home/dammr/ros2_humble/install/camera_calibration_parsers:/home/dammr/ros2_humble/install/yaml_cpp_vendor:/home/dammr/ros2_humble/install/interactive_markers:/home/dammr/ros2_humble/install/common_interfaces:/home/dammr/ros2_humble/install/visualization_msgs:/home/dammr/ros2_humble/install/dummy_robot_bringup:/home/dammr/ros2_humble/install/robot_state_publisher:/home/dammr/ros2_humble/install/kdl_parser:/home/dammr/ros2_humble/install/urdf:/home/dammr/ros2_humble/install/urdfdom:/home/dammr/ros2_humble/install/urdf_parser_plugin:/home/dammr/ros2_humble/install/urdfdom_headers:/home/dammr/ros2_humble/install/turtlesim:/home/dammr/ros2_humble/install/geometry2:/home/dammr/ros2_humble/install/tf2_sensor_msgs:/home/dammr/ros2_humble/install/test_tf2:/home/dammr/ros2_humble/install/tf2_kdl:/home/dammr/ros2_humble/install/tf2_geometry_msgs:/home/dammr/ros2_humble/install/tf2_eigen:/home/dammr/ros2_humble/install/tf2_bullet:/home/dammr/ros2_humble/install/tf2_ros:/home/dammr/ros2_humble/install/tf2_py:/home/dammr/ros2_humble/install/tf2_msgs:/home/dammr/ros2_humble/install/test_msgs:/home/dammr/ros2_humble/install/sros2_cmake:/home/dammr/ros2_humble/install/ros2cli_common_extensions:/home/dammr/ros2_humble/install/rqt_py_common:/home/dammr/ros2_humble/install/rosbag2_storage_mcap_testdata:/home/dammr/ros2_humble/install/ros_testing:/home/dammr/ros2_humble/install/ros2cli_test_interfaces:/home/dammr/ros2_humble/install/quality_of_service_demo_cpp:/home/dammr/ros2_humble/install/image_transport:/home/dammr/ros2_humble/install/message_filters:/home/dammr/ros2_humble/install/demo_nodes_cpp:/home/dammr/ros2_humble/install/composition:/home/dammr/ros2_humble/install/laser_geometry:/home/dammr/ros2_humble/install/rclpy:/home/dammr/ros2_humble/install/examples_rclcpp_minimal_action_server:/home/dammr/ros2_humble/install/examples_rclcpp_minimal_action_client:/home/dammr/ros2_humble/install/action_tutorials_cpp:/home/dammr/ros2_humble/install/rclcpp_action:/home/dammr/ros2_humble/install/rcl_action:/home/dammr/ros2_humble/install/examples_rclcpp_wait_set:/home/dammr/ros2_humble/install/examples_rclcpp_minimal_service:/home/dammr/ros2_humble/install/examples_rclcpp_minimal_client:/home/dammr/ros2_humble/install/examples_rclcpp_async_client:/home/dammr/ros2_humble/install/example_interfaces:/home/dammr/ros2_humble/install/action_tutorials_interfaces:/home/dammr/ros2_humble/install/action_msgs:/home/dammr/ros2_humble/install/unique_identifier_msgs:/home/dammr/ros2_humble/install/ament_lint_common:/home/dammr/ros2_humble/install/ament_cmake_uncrustify:/home/dammr/ros2_humble/install/uncrustify_vendor:/home/dammr/ros2_humble/install/trajectory_msgs:/home/dammr/ros2_humble/install/topic_statistics_demo:/home/dammr/ros2_humble/install/pendulum_control:/home/dammr/ros2_humble/install/tlsf_cpp:/home/dammr/ros2_humble/install/test_tracetools:/home/dammr/ros2_humble/install/rqt_gui_cpp:/home/dammr/ros2_humble/install/rosbag2_test_common:/home/dammr/ros2_humble/install/ros2lifecycle_test_fixtures:/home/dammr/ros2_humble/install/lifecycle:/home/dammr/ros2_humble/install/rclcpp_lifecycle:/home/dammr/ros2_humble/install/logging_demo:/home/dammr/ros2_humble/install/image_tools:/home/dammr/ros2_humble/install/examples_rclcpp_minimal_subscriber:/home/dammr/ros2_humble/install/examples_rclcpp_minimal_composition:/home/dammr/ros2_humble/install/demo_nodes_cpp_native:/home/dammr/ros2_humble/install/rclcpp_components:/home/dammr/ros2_humble/install/intra_process_demo:/home/dammr/ros2_humble/install/examples_rclcpp_multithreaded_executor:/home/dammr/ros2_humble/install/examples_rclcpp_minimal_timer:/home/dammr/ros2_humble/install/examples_rclcpp_minimal_publisher:/home/dammr/ros2_humble/install/examples_rclcpp_cbg_executor:/home/dammr/ros2_humble/install/dummy_sensors:/home/dammr/ros2_humble/install/dummy_map_server:/home/dammr/ros2_humble/install/rclcpp:/home/dammr/ros2_humble/install/rcl_lifecycle:/home/dammr/ros2_humble/install/libstatistics_collector:/home/dammr/ros2_humble/install/rcl:/home/dammr/ros2_humble/install/rmw_implementation:/home/dammr/ros2_humble/install/rmw_fastrtps_dynamic_cpp:/home/dammr/ros2_humble/install/rmw_fastrtps_cpp:/home/dammr/ros2_humble/install/rmw_fastrtps_shared_cpp:/home/dammr/ros2_humble/install/rmw_cyclonedds_cpp:/home/dammr/ros2_humble/install/tracetools:/home/dammr/ros2_humble/install/tlsf:/home/dammr/ros2_humble/install/tinyxml_vendor:/home/dammr/ros2_humble/install/qt_gui_core:/home/dammr/ros2_humble/install/qt_gui_cpp:/home/dammr/ros2_humble/install/pluginlib:/home/dammr/ros2_humble/install/tinyxml2_vendor:/home/dammr/ros2_humble/install/tf2_eigen_kdl:/home/dammr/ros2_humble/install/tf2:/home/dammr/ros2_humble/install/test_security:/home/dammr/ros2_humble/install/test_rmw_implementation:/home/dammr/ros2_humble/install/test_rclcpp:/home/dammr/ros2_humble/install/test_quality_of_service:/home/dammr/ros2_humble/install/test_launch_testing:/home/dammr/ros2_humble/install/test_interface_files:/home/dammr/ros2_humble/install/test_communication:/home/dammr/ros2_humble/install/test_cli_remapping:/home/dammr/ros2_humble/install/test_cli:/home/dammr/ros2_humble/install/qt_gui_app:/home/dammr/ros2_humble/install/qt_gui:/home/dammr/ros2_humble/install/tango_icons_vendor:/home/dammr/ros2_humble/install/stereo_msgs:/home/dammr/ros2_humble/install/std_srvs:/home/dammr/ros2_humble/install/shape_msgs:/home/dammr/ros2_humble/install/map_msgs:/home/dammr/ros2_humble/install/sensor_msgs:/home/dammr/ros2_humble/install/nav_msgs:/home/dammr/ros2_humble/install/diagnostic_msgs:/home/dammr/ros2_humble/install/geometry_msgs:/home/dammr/ros2_humble/install/actionlib_msgs:/home/dammr/ros2_humble/install/std_msgs:/home/dammr/ros2_humble/install/statistics_msgs:/home/dammr/ros2_humble/install/sqlite3_vendor:/home/dammr/ros2_humble/install/rcl_logging_spdlog:/home/dammr/ros2_humble/install/spdlog_vendor:/home/dammr/ros2_humble/install/shared_queues_vendor:/home/dammr/ros2_humble/install/rviz_rendering_tests:/home/dammr/ros2_humble/install/rviz_rendering:/home/dammr/ros2_humble/install/rviz_ogre_vendor:/home/dammr/ros2_humble/install/rviz_assimp_vendor:/home/dammr/ros2_humble/install/rttest:/home/dammr/ros2_humble/install/rmw_connextddsmicro:/home/dammr/ros2_humble/install/rmw_connextdds:/home/dammr/ros2_humble/install/rmw_connextdds_common:/home/dammr/ros2_humble/install/rti_connext_dds_cmake_module:/home/dammr/ros2_humble/install/rosgraph_msgs:/home/dammr/ros2_humble/install/rosbag2_interfaces:/home/dammr/ros2_humble/install/rmw_dds_common:/home/dammr/ros2_humble/install/composition_interfaces:/home/dammr/ros2_humble/install/rcl_interfaces:/home/dammr/ros2_humble/install/pendulum_msgs:/home/dammr/ros2_humble/install/lifecycle_msgs:/home/dammr/ros2_humble/install/builtin_interfaces:/home/dammr/ros2_humble/install/rosidl_default_runtime:/home/dammr/ros2_humble/install/rosidl_default_generators:/home/dammr/ros2_humble/install/rosidl_generator_py:/home/dammr/ros2_humble/install/rosidl_typesupport_introspection_tests:/home/dammr/ros2_humble/install/rosidl_typesupport_cpp:/home/dammr/ros2_humble/install/rosidl_typesupport_introspection_cpp:/home/dammr/ros2_humble/install/rosidl_typesupport_c:/home/dammr/ros2_humble/install/rosidl_typesupport_introspection_c:/home/dammr/ros2_humble/install/rosidl_typesupport_fastrtps_c:/home/dammr/ros2_humble/install/rosidl_typesupport_fastrtps_cpp:/home/dammr/ros2_humble/install/rosidl_generator_cpp:/home/dammr/ros2_humble/install/rosidl_runtime_cpp:/home/dammr/ros2_humble/install/rcl_yaml_param_parser:/home/dammr/ros2_humble/install/rmw:/home/dammr/ros2_humble/install/rosidl_runtime_c:/home/dammr/ros2_humble/install/rosidl_generator_c:/home/dammr/ros2_humble/install/rosidl_typesupport_interface:/home/dammr/ros2_humble/install/rosidl_generator_dds_idl:/home/dammr/ros2_humble/install/rosidl_cmake:/home/dammr/ros2_humble/install/rosidl_parser:/home/dammr/ros2_humble/install/rosidl_adapter:/home/dammr/ros2_humble/install/rosbag2_tests:/home/dammr/ros2_humble/install/ros_environment:/home/dammr/ros2_humble/install/rmw_implementation_cmake:/home/dammr/ros2_humble/install/resource_retriever:/home/dammr/ros2_humble/install/class_loader:/home/dammr/ros2_humble/install/rcpputils:/home/dammr/ros2_humble/install/rcl_logging_noop:/home/dammr/ros2_humble/install/rcl_logging_interface:/home/dammr/ros2_humble/install/rcutils:/home/dammr/ros2_humble/install/qt_gui_py_common:/home/dammr/ros2_humble/install/qt_dotgraph:/home/dammr/ros2_humble/install/python_qt_binding:/home/dammr/ros2_humble/install/python_orocos_kdl_vendor:/home/dammr/ros2_humble/install/launch_testing_ament_cmake:/home/dammr/ros2_humble/install/python_cmake_module:/home/dammr/ros2_humble/install/pybind11_vendor:/home/dammr/ros2_humble/install/performance_test_fixture:/home/dammr/ros2_humble/install/osrf_testing_tools_cpp:/home/dammr/ros2_humble/install/orocos_kdl_vendor:/home/dammr/ros2_humble/install/mimick_vendor:/home/dammr/ros2_humble/install/libyaml_vendor:/home/dammr/ros2_humble/install/libcurl_vendor:/home/dammr/ros2_humble/install/keyboard_handler:/home/dammr/ros2_humble/install/iceoryx_introspection:/home/dammr/ros2_humble/install/cyclonedds:/home/dammr/ros2_humble/install/iceoryx_posh:/home/dammr/ros2_humble/install/iceoryx_hoofs:/home/dammr/ros2_humble/install/iceoryx_binding_c:/home/dammr/ros2_humble/install/ament_cmake_ros:/home/dammr/ros2_humble/install/ament_cmake_auto:/home/dammr/ros2_humble/install/ament_cmake_gmock:/home/dammr/ros2_humble/install/gmock_vendor:/home/dammr/ros2_humble/install/ament_cmake_gtest:/home/dammr/ros2_humble/install/gtest_vendor:/home/dammr/ros2_humble/install/ament_cmake_google_benchmark:/home/dammr/ros2_humble/install/google_benchmark_vendor:/home/dammr/ros2_humble/install/fastrtps:/home/dammr/ros2_humble/install/foonathan_memory_vendor:/home/dammr/ros2_humble/install/fastrtps_cmake_module:/home/dammr/ros2_humble/install/fastcdr:/home/dammr/ros2_humble/install/eigen3_cmake_module:/home/dammr/ros2_humble/install/console_bridge_vendor:/home/dammr/ros2_humble/install/ament_cmake_xmllint:/home/dammr/ros2_humble/install/ament_cmake_pyflakes:/home/dammr/ros2_humble/install/ament_cmake_pycodestyle:/home/dammr/ros2_humble/install/ament_cmake_pep257:/home/dammr/ros2_humble/install/ament_cmake_pclint:/home/dammr/ros2_humble/install/ament_lint_auto:/home/dammr/ros2_humble/install/ament_cmake:/home/dammr/ros2_humble/install/ament_cmake_version:/home/dammr/ros2_humble/install/ament_cmake_vendor_package:/home/dammr/ros2_humble/install/ament_cmake_pytest:/home/dammr/ros2_humble/install/ament_cmake_nose:/home/dammr/ros2_humble/install/ament_cmake_mypy:/home/dammr/ros2_humble/install/ament_cmake_lint_cmake:/home/dammr/ros2_humble/install/ament_cmake_flake8:/home/dammr/ros2_humble/install/ament_cmake_cpplint:/home/dammr/ros2_humble/install/ament_cmake_cppcheck:/home/dammr/ros2_humble/install/ament_cmake_copyright:/home/dammr/ros2_humble/install/ament_cmake_clang_tidy:/home/dammr/ros2_humble/install/ament_cmake_clang_format:/home/dammr/ros2_humble/install/ament_cmake_test:/home/dammr/ros2_humble/install/ament_cmake_target_dependencies:/home/dammr/ros2_humble/install/ament_cmake_python:/home/dammr/ros2_humble/install/ament_cmake_export_dependencies:/home/dammr/ros2_humble/install/ament_cmake_libraries:/home/dammr/ros2_humble/install/ament_cmake_include_directories:/home/dammr/ros2_humble/install/ament_cmake_gen_version_h:/home/dammr/ros2_humble/install/ament_cmake_export_targets:/home/dammr/ros2_humble/install/ament_cmake_export_link_flags:/home/dammr/ros2_humble/install/ament_cmake_export_interfaces:/home/dammr/ros2_humble/install/ament_cmake_export_libraries:/home/dammr/ros2_humble/install/ament_cmake_export_include_directories:/home/dammr/ros2_humble/install/ament_cmake_export_definitions:/home/dammr/ros2_humble/install/ament_cmake_core:/home/dammr/ros2_humble/install/ament_index_cpp PYTHONPATH=/home/dammr/Desktop/magister_ws/UC_SmartFarmRadar/build/state_machine/prefix_override:/usr/lib/python3/dist-packages/colcon_core/task/python/colcon_distutils_commands:/home/dammr/Desktop/magister_ws/UC_SmartFarmRadar/install/state_machine/lib/python3.10/site-packages:${PYTHONPATH} /usr/bin/python3 -W ignore:setup.py install is deprecated -W ignore:easy_install command is deprecated setup.py egg_info --egg-base ../build/state_machine build --build-base /home/dammr/Desktop/magister_ws/UC_SmartFarmRadar/build/state_machine/build install --record /home/dammr/Desktop/magister_ws/UC_SmartFarmRadar/build/state_machine/install.log --single-version-externally-managed install_data
[12.938s] Level 1:colcon.colcon_core.environment:checking '/home/dammr/Desktop/magister_ws/UC_SmartFarmRadar/install/ptu_package' for CMake module files
[12.939s] DEBUG:colcon.colcon_core.event_handler.log_command:Invoked command in '/home/dammr/Desktop/magister_ws/UC_SmartFarmRadar/ptu_package' returned '0': CMAKE_PREFIX_PATH=/home/dammr/Desktop/magister_ws/UC_SmartFarmRadar/install/radar_msg:/home/dammr/Desktop/magister_ws/UC_SmartFarmRadar/install/robot_description:/home/dammr/Desktop/magister_ws/UC_SmartFarmRadar/install/ptu_driver:/home/dammr/ros2_humble/install/rosbag2_storage_mcap:/home/dammr/ros2_humble/install/rosbag2:/home/dammr/ros2_humble/install/rosbag2_compression_zstd:/home/dammr/ros2_humble/install/mcap_vendor:/home/dammr/ros2_humble/install/zstd_vendor:/home/dammr/ros2_humble/install/rviz_visual_testing_framework:/home/dammr/ros2_humble/install/rviz2:/home/dammr/ros2_humble/install/rviz_default_plugins:/home/dammr/ros2_humble/install/rviz_common:/home/dammr/ros2_humble/install/rosbag2_py:/home/dammr/ros2_humble/install/rosbag2_transport:/home/dammr/ros2_humble/install/rosbag2_storage_default_plugins:/home/dammr/ros2_humble/install/rosbag2_performance_benchmarking:/home/dammr/ros2_humble/install/rosbag2_compression:/home/dammr/ros2_humble/install/rosbag2_cpp:/home/dammr/ros2_humble/install/rosbag2_storage:/home/dammr/ros2_humble/install/image_common:/home/dammr/ros2_humble/install/camera_info_manager:/home/dammr/ros2_humble/install/camera_calibration_parsers:/home/dammr/ros2_humble/install/yaml_cpp_vendor:/home/dammr/ros2_humble/install/interactive_markers:/home/dammr/ros2_humble/install/common_interfaces:/home/dammr/ros2_humble/install/visualization_msgs:/home/dammr/ros2_humble/install/dummy_robot_bringup:/home/dammr/ros2_humble/install/robot_state_publisher:/home/dammr/ros2_humble/install/kdl_parser:/home/dammr/ros2_humble/install/urdf:/home/dammr/ros2_humble/install/urdfdom:/home/dammr/ros2_humble/install/urdf_parser_plugin:/home/dammr/ros2_humble/install/urdfdom_headers:/home/dammr/ros2_humble/install/turtlesim:/home/dammr/ros2_humble/install/geometry2:/home/dammr/ros2_humble/install/tf2_sensor_msgs:/home/dammr/ros2_humble/install/test_tf2:/home/dammr/ros2_humble/install/tf2_kdl:/home/dammr/ros2_humble/install/tf2_geometry_msgs:/home/dammr/ros2_humble/install/tf2_eigen:/home/dammr/ros2_humble/install/tf2_bullet:/home/dammr/ros2_humble/install/tf2_ros:/home/dammr/ros2_humble/install/tf2_py:/home/dammr/ros2_humble/install/tf2_msgs:/home/dammr/ros2_humble/install/test_msgs:/home/dammr/ros2_humble/install/sros2_cmake:/home/dammr/ros2_humble/install/ros2cli_common_extensions:/home/dammr/ros2_humble/install/rqt_py_common:/home/dammr/ros2_humble/install/rosbag2_storage_mcap_testdata:/home/dammr/ros2_humble/install/ros_testing:/home/dammr/ros2_humble/install/ros2cli_test_interfaces:/home/dammr/ros2_humble/install/quality_of_service_demo_cpp:/home/dammr/ros2_humble/install/image_transport:/home/dammr/ros2_humble/install/message_filters:/home/dammr/ros2_humble/install/demo_nodes_cpp:/home/dammr/ros2_humble/install/composition:/home/dammr/ros2_humble/install/laser_geometry:/home/dammr/ros2_humble/install/rclpy:/home/dammr/ros2_humble/install/examples_rclcpp_minimal_action_server:/home/dammr/ros2_humble/install/examples_rclcpp_minimal_action_client:/home/dammr/ros2_humble/install/action_tutorials_cpp:/home/dammr/ros2_humble/install/rclcpp_action:/home/dammr/ros2_humble/install/rcl_action:/home/dammr/ros2_humble/install/examples_rclcpp_wait_set:/home/dammr/ros2_humble/install/examples_rclcpp_minimal_service:/home/dammr/ros2_humble/install/examples_rclcpp_minimal_client:/home/dammr/ros2_humble/install/examples_rclcpp_async_client:/home/dammr/ros2_humble/install/example_interfaces:/home/dammr/ros2_humble/install/action_tutorials_interfaces:/home/dammr/ros2_humble/install/action_msgs:/home/dammr/ros2_humble/install/unique_identifier_msgs:/home/dammr/ros2_humble/install/ament_lint_common:/home/dammr/ros2_humble/install/ament_cmake_uncrustify:/home/dammr/ros2_humble/install/uncrustify_vendor:/home/dammr/ros2_humble/install/trajectory_msgs:/home/dammr/ros2_humble/install/topic_statistics_demo:/home/dammr/ros2_humble/install/pendulum_control:/home/dammr/ros2_humble/install/tlsf_cpp:/home/dammr/ros2_humble/install/test_tracetools:/home/dammr/ros2_humble/install/rqt_gui_cpp:/home/dammr/ros2_humble/install/rosbag2_test_common:/home/dammr/ros2_humble/install/ros2lifecycle_test_fixtures:/home/dammr/ros2_humble/install/lifecycle:/home/dammr/ros2_humble/install/rclcpp_lifecycle:/home/dammr/ros2_humble/install/logging_demo:/home/dammr/ros2_humble/install/image_tools:/home/dammr/ros2_humble/install/examples_rclcpp_minimal_subscriber:/home/dammr/ros2_humble/install/examples_rclcpp_minimal_composition:/home/dammr/ros2_humble/install/demo_nodes_cpp_native:/home/dammr/ros2_humble/install/rclcpp_components:/home/dammr/ros2_humble/install/intra_process_demo:/home/dammr/ros2_humble/install/examples_rclcpp_multithreaded_executor:/home/dammr/ros2_humble/install/examples_rclcpp_minimal_timer:/home/dammr/ros2_humble/install/examples_rclcpp_minimal_publisher:/home/dammr/ros2_humble/install/examples_rclcpp_cbg_executor:/home/dammr/ros2_humble/install/dummy_sensors:/home/dammr/ros2_humble/install/dummy_map_server:/home/dammr/ros2_humble/install/rclcpp:/home/dammr/ros2_humble/install/rcl_lifecycle:/home/dammr/ros2_humble/install/libstatistics_collector:/home/dammr/ros2_humble/install/rcl:/home/dammr/ros2_humble/install/rmw_implementation:/home/dammr/ros2_humble/install/rmw_fastrtps_dynamic_cpp:/home/dammr/ros2_humble/install/rmw_fastrtps_cpp:/home/dammr/ros2_humble/install/rmw_fastrtps_shared_cpp:/home/dammr/ros2_humble/install/rmw_cyclonedds_cpp:/home/dammr/ros2_humble/install/tracetools:/home/dammr/ros2_humble/install/tlsf:/home/dammr/ros2_humble/install/tinyxml_vendor:/home/dammr/ros2_humble/install/qt_gui_core:/home/dammr/ros2_humble/install/qt_gui_cpp:/home/dammr/ros2_humble/install/pluginlib:/home/dammr/ros2_humble/install/tinyxml2_vendor:/home/dammr/ros2_humble/install/tf2_eigen_kdl:/home/dammr/ros2_humble/install/tf2:/home/dammr/ros2_humble/install/test_security:/home/dammr/ros2_humble/install/test_rmw_implementation:/home/dammr/ros2_humble/install/test_rclcpp:/home/dammr/ros2_humble/install/test_quality_of_service:/home/dammr/ros2_humble/install/test_launch_testing:/home/dammr/ros2_humble/install/test_interface_files:/home/dammr/ros2_humble/install/test_communication:/home/dammr/ros2_humble/install/test_cli_remapping:/home/dammr/ros2_humble/install/test_cli:/home/dammr/ros2_humble/install/qt_gui_app:/home/dammr/ros2_humble/install/qt_gui:/home/dammr/ros2_humble/install/tango_icons_vendor:/home/dammr/ros2_humble/install/stereo_msgs:/home/dammr/ros2_humble/install/std_srvs:/home/dammr/ros2_humble/install/shape_msgs:/home/dammr/ros2_humble/install/map_msgs:/home/dammr/ros2_humble/install/sensor_msgs:/home/dammr/ros2_humble/install/nav_msgs:/home/dammr/ros2_humble/install/diagnostic_msgs:/home/dammr/ros2_humble/install/geometry_msgs:/home/dammr/ros2_humble/install/actionlib_msgs:/home/dammr/ros2_humble/install/std_msgs:/home/dammr/ros2_humble/install/statistics_msgs:/home/dammr/ros2_humble/install/sqlite3_vendor:/home/dammr/ros2_humble/install/rcl_logging_spdlog:/home/dammr/ros2_humble/install/spdlog_vendor:/home/dammr/ros2_humble/install/shared_queues_vendor:/home/dammr/ros2_humble/install/rviz_rendering_tests:/home/dammr/ros2_humble/install/rviz_rendering:/home/dammr/ros2_humble/install/rviz_ogre_vendor:/home/dammr/ros2_humble/install/rviz_assimp_vendor:/home/dammr/ros2_humble/install/rttest:/home/dammr/ros2_humble/install/rmw_connextddsmicro:/home/dammr/ros2_humble/install/rmw_connextdds:/home/dammr/ros2_humble/install/rmw_connextdds_common:/home/dammr/ros2_humble/install/rti_connext_dds_cmake_module:/home/dammr/ros2_humble/install/rosgraph_msgs:/home/dammr/ros2_humble/install/rosbag2_interfaces:/home/dammr/ros2_humble/install/rmw_dds_common:/home/dammr/ros2_humble/install/composition_interfaces:/home/dammr/ros2_humble/install/rcl_interfaces:/home/dammr/ros2_humble/install/pendulum_msgs:/home/dammr/ros2_humble/install/lifecycle_msgs:/home/dammr/ros2_humble/install/builtin_interfaces:/home/dammr/ros2_humble/install/rosidl_default_runtime:/home/dammr/ros2_humble/install/rosidl_default_generators:/home/dammr/ros2_humble/install/rosidl_generator_py:/home/dammr/ros2_humble/install/rosidl_typesupport_introspection_tests:/home/dammr/ros2_humble/install/rosidl_typesupport_cpp:/home/dammr/ros2_humble/install/rosidl_typesupport_introspection_cpp:/home/dammr/ros2_humble/install/rosidl_typesupport_c:/home/dammr/ros2_humble/install/rosidl_typesupport_introspection_c:/home/dammr/ros2_humble/install/rosidl_typesupport_fastrtps_c:/home/dammr/ros2_humble/install/rosidl_typesupport_fastrtps_cpp:/home/dammr/ros2_humble/install/rosidl_generator_cpp:/home/dammr/ros2_humble/install/rosidl_runtime_cpp:/home/dammr/ros2_humble/install/rcl_yaml_param_parser:/home/dammr/ros2_humble/install/rmw:/home/dammr/ros2_humble/install/rosidl_runtime_c:/home/dammr/ros2_humble/install/rosidl_generator_c:/home/dammr/ros2_humble/install/rosidl_typesupport_interface:/home/dammr/ros2_humble/install/rosidl_generator_dds_idl:/home/dammr/ros2_humble/install/rosidl_cmake:/home/dammr/ros2_humble/install/rosidl_parser:/home/dammr/ros2_humble/install/rosidl_adapter:/home/dammr/ros2_humble/install/rosbag2_tests:/home/dammr/ros2_humble/install/ros_environment:/home/dammr/ros2_humble/install/rmw_implementation_cmake:/home/dammr/ros2_humble/install/resource_retriever:/home/dammr/ros2_humble/install/class_loader:/home/dammr/ros2_humble/install/rcpputils:/home/dammr/ros2_humble/install/rcl_logging_noop:/home/dammr/ros2_humble/install/rcl_logging_interface:/home/dammr/ros2_humble/install/rcutils:/home/dammr/ros2_humble/install/qt_gui_py_common:/home/dammr/ros2_humble/install/qt_dotgraph:/home/dammr/ros2_humble/install/python_qt_binding:/home/dammr/ros2_humble/install/python_orocos_kdl_vendor:/home/dammr/ros2_humble/install/launch_testing_ament_cmake:/home/dammr/ros2_humble/install/python_cmake_module:/home/dammr/ros2_humble/install/pybind11_vendor:/home/dammr/ros2_humble/install/performance_test_fixture:/home/dammr/ros2_humble/install/osrf_testing_tools_cpp:/home/dammr/ros2_humble/install/orocos_kdl_vendor:/home/dammr/ros2_humble/install/mimick_vendor:/home/dammr/ros2_humble/install/libyaml_vendor:/home/dammr/ros2_humble/install/libcurl_vendor:/home/dammr/ros2_humble/install/keyboard_handler:/home/dammr/ros2_humble/install/iceoryx_introspection:/home/dammr/ros2_humble/install/cyclonedds:/home/dammr/ros2_humble/install/iceoryx_posh:/home/dammr/ros2_humble/install/iceoryx_hoofs:/home/dammr/ros2_humble/install/iceoryx_binding_c:/home/dammr/ros2_humble/install/ament_cmake_ros:/home/dammr/ros2_humble/install/ament_cmake_auto:/home/dammr/ros2_humble/install/ament_cmake_gmock:/home/dammr/ros2_humble/install/gmock_vendor:/home/dammr/ros2_humble/install/ament_cmake_gtest:/home/dammr/ros2_humble/install/gtest_vendor:/home/dammr/ros2_humble/install/ament_cmake_google_benchmark:/home/dammr/ros2_humble/install/google_benchmark_vendor:/home/dammr/ros2_humble/install/fastrtps:/home/dammr/ros2_humble/install/foonathan_memory_vendor:/home/dammr/ros2_humble/install/fastrtps_cmake_module:/home/dammr/ros2_humble/install/fastcdr:/home/dammr/ros2_humble/install/eigen3_cmake_module:/home/dammr/ros2_humble/install/console_bridge_vendor:/home/dammr/ros2_humble/install/ament_cmake_xmllint:/home/dammr/ros2_humble/install/ament_cmake_pyflakes:/home/dammr/ros2_humble/install/ament_cmake_pycodestyle:/home/dammr/ros2_humble/install/ament_cmake_pep257:/home/dammr/ros2_humble/install/ament_cmake_pclint:/home/dammr/ros2_humble/install/ament_lint_auto:/home/dammr/ros2_humble/install/ament_cmake:/home/dammr/ros2_humble/install/ament_cmake_version:/home/dammr/ros2_humble/install/ament_cmake_vendor_package:/home/dammr/ros2_humble/install/ament_cmake_pytest:/home/dammr/ros2_humble/install/ament_cmake_nose:/home/dammr/ros2_humble/install/ament_cmake_mypy:/home/dammr/ros2_humble/install/ament_cmake_lint_cmake:/home/dammr/ros2_humble/install/ament_cmake_flake8:/home/dammr/ros2_humble/install/ament_cmake_cpplint:/home/dammr/ros2_humble/install/ament_cmake_cppcheck:/home/dammr/ros2_humble/install/ament_cmake_copyright:/home/dammr/ros2_humble/install/ament_cmake_clang_tidy:/home/dammr/ros2_humble/install/ament_cmake_clang_format:/home/dammr/ros2_humble/install/ament_cmake_test:/home/dammr/ros2_humble/install/ament_cmake_target_dependencies:/home/dammr/ros2_humble/install/ament_cmake_python:/home/dammr/ros2_humble/install/ament_cmake_export_dependencies:/home/dammr/ros2_humble/install/ament_cmake_libraries:/home/dammr/ros2_humble/install/ament_cmake_include_directories:/home/dammr/ros2_humble/install/ament_cmake_gen_version_h:/home/dammr/ros2_humble/install/ament_cmake_export_targets:/home/dammr/ros2_humble/install/ament_cmake_export_link_flags:/home/dammr/ros2_humble/install/ament_cmake_export_interfaces:/home/dammr/ros2_humble/install/ament_cmake_export_libraries:/home/dammr/ros2_humble/install/ament_cmake_export_include_directories:/home/dammr/ros2_humble/install/ament_cmake_export_definitions:/home/dammr/ros2_humble/install/ament_cmake_core:/home/dammr/ros2_humble/install/ament_index_cpp PYTHONPATH=/home/dammr/Desktop/magister_ws/UC_SmartFarmRadar/build/ptu_package/prefix_override:/usr/lib/python3/dist-packages/colcon_core/task/python/colcon_distutils_commands:/home/dammr/Desktop/magister_ws/UC_SmartFarmRadar/install/ptu_package/lib/python3.10/site-packages:${PYTHONPATH} /usr/bin/python3 -W ignore:setup.py install is deprecated -W ignore:easy_install command is deprecated setup.py egg_info --egg-base ../build/ptu_package build --build-base /home/dammr/Desktop/magister_ws/UC_SmartFarmRadar/build/ptu_package/build install --record /home/dammr/Desktop/magister_ws/UC_SmartFarmRadar/build/ptu_package/install.log --single-version-externally-managed install_data
[12.939s] Level 1:colcon.colcon_core.environment:checking '/home/dammr/Desktop/magister_ws/UC_SmartFarmRadar/install/ptu_package' for CMake config files
[12.940s] Level 1:colcon.colcon_core.environment:checking '/home/dammr/Desktop/magister_ws/UC_SmartFarmRadar/install/ptu_package/lib'
[12.940s] Level 1:colcon.colcon_core.environment:checking '/home/dammr/Desktop/magister_ws/UC_SmartFarmRadar/install/ptu_package/bin'
[12.940s] Level 1:colcon.colcon_core.environment:checking '/home/dammr/Desktop/magister_ws/UC_SmartFarmRadar/install/ptu_package/lib/pkgconfig/ptu_package.pc'
[12.940s] Level 1:colcon.colcon_core.environment:checking '/home/dammr/Desktop/magister_ws/UC_SmartFarmRadar/install/ptu_package/lib/python3.10/site-packages'
[12.940s] Level 1:colcon.colcon_core.shell:create_environment_hook('ptu_package', 'pythonpath')
[12.940s] INFO:colcon.colcon_core.shell:Creating environment hook '/home/dammr/Desktop/magister_ws/UC_SmartFarmRadar/install/ptu_package/share/ptu_package/hook/pythonpath.ps1'
[12.941s] INFO:colcon.colcon_core.shell:Creating environment descriptor '/home/dammr/Desktop/magister_ws/UC_SmartFarmRadar/install/ptu_package/share/ptu_package/hook/pythonpath.dsv'
[12.941s] INFO:colcon.colcon_core.shell:Creating environment hook '/home/dammr/Desktop/magister_ws/UC_SmartFarmRadar/install/ptu_package/share/ptu_package/hook/pythonpath.sh'
[12.942s] Level 1:colcon.colcon_core.environment:checking '/home/dammr/Desktop/magister_ws/UC_SmartFarmRadar/install/ptu_package/bin'
[12.942s] Level 1:colcon.colcon_core.environment:create_environment_scripts_only(ptu_package)
[12.942s] INFO:colcon.colcon_core.shell:Creating package script '/home/dammr/Desktop/magister_ws/UC_SmartFarmRadar/install/ptu_package/share/ptu_package/package.ps1'
[12.943s] INFO:colcon.colcon_core.shell:Creating package descriptor '/home/dammr/Desktop/magister_ws/UC_SmartFarmRadar/install/ptu_package/share/ptu_package/package.dsv'
[12.944s] INFO:colcon.colcon_core.shell:Creating package script '/home/dammr/Desktop/magister_ws/UC_SmartFarmRadar/install/ptu_package/share/ptu_package/package.sh'
[12.945s] INFO:colcon.colcon_core.shell:Creating package script '/home/dammr/Desktop/magister_ws/UC_SmartFarmRadar/install/ptu_package/share/ptu_package/package.bash'
[12.945s] INFO:colcon.colcon_core.shell:Creating package script '/home/dammr/Desktop/magister_ws/UC_SmartFarmRadar/install/ptu_package/share/ptu_package/package.zsh'
[12.945s] Level 1:colcon.colcon_core.environment:create_file_with_runtime_dependencies(/home/dammr/Desktop/magister_ws/UC_SmartFarmRadar/install/ptu_package/share/colcon-core/packages/ptu_package)
[12.960s] Level 1:colcon.colcon_core.environment:checking '/home/dammr/Desktop/magister_ws/UC_SmartFarmRadar/install/state_machine' for CMake module files
[12.961s] DEBUG:colcon.colcon_core.event_handler.log_command:Invoked command in '/home/dammr/Desktop/magister_ws/UC_SmartFarmRadar/state_machine' returned '0': CMAKE_PREFIX_PATH=/home/dammr/Desktop/magister_ws/UC_SmartFarmRadar/install/radar_msg:/home/dammr/Desktop/magister_ws/UC_SmartFarmRadar/install/robot_description:/home/dammr/Desktop/magister_ws/UC_SmartFarmRadar/install/ptu_driver:/home/dammr/ros2_humble/install/rosbag2_storage_mcap:/home/dammr/ros2_humble/install/rosbag2:/home/dammr/ros2_humble/install/rosbag2_compression_zstd:/home/dammr/ros2_humble/install/mcap_vendor:/home/dammr/ros2_humble/install/zstd_vendor:/home/dammr/ros2_humble/install/rviz_visual_testing_framework:/home/dammr/ros2_humble/install/rviz2:/home/dammr/ros2_humble/install/rviz_default_plugins:/home/dammr/ros2_humble/install/rviz_common:/home/dammr/ros2_humble/install/rosbag2_py:/home/dammr/ros2_humble/install/rosbag2_transport:/home/dammr/ros2_humble/install/rosbag2_storage_default_plugins:/home/dammr/ros2_humble/install/rosbag2_performance_benchmarking:/home/dammr/ros2_humble/install/rosbag2_compression:/home/dammr/ros2_humble/install/rosbag2_cpp:/home/dammr/ros2_humble/install/rosbag2_storage:/home/dammr/ros2_humble/install/image_common:/home/dammr/ros2_humble/install/camera_info_manager:/home/dammr/ros2_humble/install/camera_calibration_parsers:/home/dammr/ros2_humble/install/yaml_cpp_vendor:/home/dammr/ros2_humble/install/interactive_markers:/home/dammr/ros2_humble/install/common_interfaces:/home/dammr/ros2_humble/install/visualization_msgs:/home/dammr/ros2_humble/install/dummy_robot_bringup:/home/dammr/ros2_humble/install/robot_state_publisher:/home/dammr/ros2_humble/install/kdl_parser:/home/dammr/ros2_humble/install/urdf:/home/dammr/ros2_humble/install/urdfdom:/home/dammr/ros2_humble/install/urdf_parser_plugin:/home/dammr/ros2_humble/install/urdfdom_headers:/home/dammr/ros2_humble/install/turtlesim:/home/dammr/ros2_humble/install/geometry2:/home/dammr/ros2_humble/install/tf2_sensor_msgs:/home/dammr/ros2_humble/install/test_tf2:/home/dammr/ros2_humble/install/tf2_kdl:/home/dammr/ros2_humble/install/tf2_geometry_msgs:/home/dammr/ros2_humble/install/tf2_eigen:/home/dammr/ros2_humble/install/tf2_bullet:/home/dammr/ros2_humble/install/tf2_ros:/home/dammr/ros2_humble/install/tf2_py:/home/dammr/ros2_humble/install/tf2_msgs:/home/dammr/ros2_humble/install/test_msgs:/home/dammr/ros2_humble/install/sros2_cmake:/home/dammr/ros2_humble/install/ros2cli_common_extensions:/home/dammr/ros2_humble/install/rqt_py_common:/home/dammr/ros2_humble/install/rosbag2_storage_mcap_testdata:/home/dammr/ros2_humble/install/ros_testing:/home/dammr/ros2_humble/install/ros2cli_test_interfaces:/home/dammr/ros2_humble/install/quality_of_service_demo_cpp:/home/dammr/ros2_humble/install/image_transport:/home/dammr/ros2_humble/install/message_filters:/home/dammr/ros2_humble/install/demo_nodes_cpp:/home/dammr/ros2_humble/install/composition:/home/dammr/ros2_humble/install/laser_geometry:/home/dammr/ros2_humble/install/rclpy:/home/dammr/ros2_humble/install/examples_rclcpp_minimal_action_server:/home/dammr/ros2_humble/install/examples_rclcpp_minimal_action_client:/home/dammr/ros2_humble/install/action_tutorials_cpp:/home/dammr/ros2_humble/install/rclcpp_action:/home/dammr/ros2_humble/install/rcl_action:/home/dammr/ros2_humble/install/examples_rclcpp_wait_set:/home/dammr/ros2_humble/install/examples_rclcpp_minimal_service:/home/dammr/ros2_humble/install/examples_rclcpp_minimal_client:/home/dammr/ros2_humble/install/examples_rclcpp_async_client:/home/dammr/ros2_humble/install/example_interfaces:/home/dammr/ros2_humble/install/action_tutorials_interfaces:/home/dammr/ros2_humble/install/action_msgs:/home/dammr/ros2_humble/install/unique_identifier_msgs:/home/dammr/ros2_humble/install/ament_lint_common:/home/dammr/ros2_humble/install/ament_cmake_uncrustify:/home/dammr/ros2_humble/install/uncrustify_vendor:/home/dammr/ros2_humble/install/trajectory_msgs:/home/dammr/ros2_humble/install/topic_statistics_demo:/home/dammr/ros2_humble/install/pendulum_control:/home/dammr/ros2_humble/install/tlsf_cpp:/home/dammr/ros2_humble/install/test_tracetools:/home/dammr/ros2_humble/install/rqt_gui_cpp:/home/dammr/ros2_humble/install/rosbag2_test_common:/home/dammr/ros2_humble/install/ros2lifecycle_test_fixtures:/home/dammr/ros2_humble/install/lifecycle:/home/dammr/ros2_humble/install/rclcpp_lifecycle:/home/dammr/ros2_humble/install/logging_demo:/home/dammr/ros2_humble/install/image_tools:/home/dammr/ros2_humble/install/examples_rclcpp_minimal_subscriber:/home/dammr/ros2_humble/install/examples_rclcpp_minimal_composition:/home/dammr/ros2_humble/install/demo_nodes_cpp_native:/home/dammr/ros2_humble/install/rclcpp_components:/home/dammr/ros2_humble/install/intra_process_demo:/home/dammr/ros2_humble/install/examples_rclcpp_multithreaded_executor:/home/dammr/ros2_humble/install/examples_rclcpp_minimal_timer:/home/dammr/ros2_humble/install/examples_rclcpp_minimal_publisher:/home/dammr/ros2_humble/install/examples_rclcpp_cbg_executor:/home/dammr/ros2_humble/install/dummy_sensors:/home/dammr/ros2_humble/install/dummy_map_server:/home/dammr/ros2_humble/install/rclcpp:/home/dammr/ros2_humble/install/rcl_lifecycle:/home/dammr/ros2_humble/install/libstatistics_collector:/home/dammr/ros2_humble/install/rcl:/home/dammr/ros2_humble/install/rmw_implementation:/home/dammr/ros2_humble/install/rmw_fastrtps_dynamic_cpp:/home/dammr/ros2_humble/install/rmw_fastrtps_cpp:/home/dammr/ros2_humble/install/rmw_fastrtps_shared_cpp:/home/dammr/ros2_humble/install/rmw_cyclonedds_cpp:/home/dammr/ros2_humble/install/tracetools:/home/dammr/ros2_humble/install/tlsf:/home/dammr/ros2_humble/install/tinyxml_vendor:/home/dammr/ros2_humble/install/qt_gui_core:/home/dammr/ros2_humble/install/qt_gui_cpp:/home/dammr/ros2_humble/install/pluginlib:/home/dammr/ros2_humble/install/tinyxml2_vendor:/home/dammr/ros2_humble/install/tf2_eigen_kdl:/home/dammr/ros2_humble/install/tf2:/home/dammr/ros2_humble/install/test_security:/home/dammr/ros2_humble/install/test_rmw_implementation:/home/dammr/ros2_humble/install/test_rclcpp:/home/dammr/ros2_humble/install/test_quality_of_service:/home/dammr/ros2_humble/install/test_launch_testing:/home/dammr/ros2_humble/install/test_interface_files:/home/dammr/ros2_humble/install/test_communication:/home/dammr/ros2_humble/install/test_cli_remapping:/home/dammr/ros2_humble/install/test_cli:/home/dammr/ros2_humble/install/qt_gui_app:/home/dammr/ros2_humble/install/qt_gui:/home/dammr/ros2_humble/install/tango_icons_vendor:/home/dammr/ros2_humble/install/stereo_msgs:/home/dammr/ros2_humble/install/std_srvs:/home/dammr/ros2_humble/install/shape_msgs:/home/dammr/ros2_humble/install/map_msgs:/home/dammr/ros2_humble/install/sensor_msgs:/home/dammr/ros2_humble/install/nav_msgs:/home/dammr/ros2_humble/install/diagnostic_msgs:/home/dammr/ros2_humble/install/geometry_msgs:/home/dammr/ros2_humble/install/actionlib_msgs:/home/dammr/ros2_humble/install/std_msgs:/home/dammr/ros2_humble/install/statistics_msgs:/home/dammr/ros2_humble/install/sqlite3_vendor:/home/dammr/ros2_humble/install/rcl_logging_spdlog:/home/dammr/ros2_humble/install/spdlog_vendor:/home/dammr/ros2_humble/install/shared_queues_vendor:/home/dammr/ros2_humble/install/rviz_rendering_tests:/home/dammr/ros2_humble/install/rviz_rendering:/home/dammr/ros2_humble/install/rviz_ogre_vendor:/home/dammr/ros2_humble/install/rviz_assimp_vendor:/home/dammr/ros2_humble/install/rttest:/home/dammr/ros2_humble/install/rmw_connextddsmicro:/home/dammr/ros2_humble/install/rmw_connextdds:/home/dammr/ros2_humble/install/rmw_connextdds_common:/home/dammr/ros2_humble/install/rti_connext_dds_cmake_module:/home/dammr/ros2_humble/install/rosgraph_msgs:/home/dammr/ros2_humble/install/rosbag2_interfaces:/home/dammr/ros2_humble/install/rmw_dds_common:/home/dammr/ros2_humble/install/composition_interfaces:/home/dammr/ros2_humble/install/rcl_interfaces:/home/dammr/ros2_humble/install/pendulum_msgs:/home/dammr/ros2_humble/install/lifecycle_msgs:/home/dammr/ros2_humble/install/builtin_interfaces:/home/dammr/ros2_humble/install/rosidl_default_runtime:/home/dammr/ros2_humble/install/rosidl_default_generators:/home/dammr/ros2_humble/install/rosidl_generator_py:/home/dammr/ros2_humble/install/rosidl_typesupport_introspection_tests:/home/dammr/ros2_humble/install/rosidl_typesupport_cpp:/home/dammr/ros2_humble/install/rosidl_typesupport_introspection_cpp:/home/dammr/ros2_humble/install/rosidl_typesupport_c:/home/dammr/ros2_humble/install/rosidl_typesupport_introspection_c:/home/dammr/ros2_humble/install/rosidl_typesupport_fastrtps_c:/home/dammr/ros2_humble/install/rosidl_typesupport_fastrtps_cpp:/home/dammr/ros2_humble/install/rosidl_generator_cpp:/home/dammr/ros2_humble/install/rosidl_runtime_cpp:/home/dammr/ros2_humble/install/rcl_yaml_param_parser:/home/dammr/ros2_humble/install/rmw:/home/dammr/ros2_humble/install/rosidl_runtime_c:/home/dammr/ros2_humble/install/rosidl_generator_c:/home/dammr/ros2_humble/install/rosidl_typesupport_interface:/home/dammr/ros2_humble/install/rosidl_generator_dds_idl:/home/dammr/ros2_humble/install/rosidl_cmake:/home/dammr/ros2_humble/install/rosidl_parser:/home/dammr/ros2_humble/install/rosidl_adapter:/home/dammr/ros2_humble/install/rosbag2_tests:/home/dammr/ros2_humble/install/ros_environment:/home/dammr/ros2_humble/install/rmw_implementation_cmake:/home/dammr/ros2_humble/install/resource_retriever:/home/dammr/ros2_humble/install/class_loader:/home/dammr/ros2_humble/install/rcpputils:/home/dammr/ros2_humble/install/rcl_logging_noop:/home/dammr/ros2_humble/install/rcl_logging_interface:/home/dammr/ros2_humble/install/rcutils:/home/dammr/ros2_humble/install/qt_gui_py_common:/home/dammr/ros2_humble/install/qt_dotgraph:/home/dammr/ros2_humble/install/python_qt_binding:/home/dammr/ros2_humble/install/python_orocos_kdl_vendor:/home/dammr/ros2_humble/install/launch_testing_ament_cmake:/home/dammr/ros2_humble/install/python_cmake_module:/home/dammr/ros2_humble/install/pybind11_vendor:/home/dammr/ros2_humble/install/performance_test_fixture:/home/dammr/ros2_humble/install/osrf_testing_tools_cpp:/home/dammr/ros2_humble/install/orocos_kdl_vendor:/home/dammr/ros2_humble/install/mimick_vendor:/home/dammr/ros2_humble/install/libyaml_vendor:/home/dammr/ros2_humble/install/libcurl_vendor:/home/dammr/ros2_humble/install/keyboard_handler:/home/dammr/ros2_humble/install/iceoryx_introspection:/home/dammr/ros2_humble/install/cyclonedds:/home/dammr/ros2_humble/install/iceoryx_posh:/home/dammr/ros2_humble/install/iceoryx_hoofs:/home/dammr/ros2_humble/install/iceoryx_binding_c:/home/dammr/ros2_humble/install/ament_cmake_ros:/home/dammr/ros2_humble/install/ament_cmake_auto:/home/dammr/ros2_humble/install/ament_cmake_gmock:/home/dammr/ros2_humble/install/gmock_vendor:/home/dammr/ros2_humble/install/ament_cmake_gtest:/home/dammr/ros2_humble/install/gtest_vendor:/home/dammr/ros2_humble/install/ament_cmake_google_benchmark:/home/dammr/ros2_humble/install/google_benchmark_vendor:/home/dammr/ros2_humble/install/fastrtps:/home/dammr/ros2_humble/install/foonathan_memory_vendor:/home/dammr/ros2_humble/install/fastrtps_cmake_module:/home/dammr/ros2_humble/install/fastcdr:/home/dammr/ros2_humble/install/eigen3_cmake_module:/home/dammr/ros2_humble/install/console_bridge_vendor:/home/dammr/ros2_humble/install/ament_cmake_xmllint:/home/dammr/ros2_humble/install/ament_cmake_pyflakes:/home/dammr/ros2_humble/install/ament_cmake_pycodestyle:/home/dammr/ros2_humble/install/ament_cmake_pep257:/home/dammr/ros2_humble/install/ament_cmake_pclint:/home/dammr/ros2_humble/install/ament_lint_auto:/home/dammr/ros2_humble/install/ament_cmake:/home/dammr/ros2_humble/install/ament_cmake_version:/home/dammr/ros2_humble/install/ament_cmake_vendor_package:/home/dammr/ros2_humble/install/ament_cmake_pytest:/home/dammr/ros2_humble/install/ament_cmake_nose:/home/dammr/ros2_humble/install/ament_cmake_mypy:/home/dammr/ros2_humble/install/ament_cmake_lint_cmake:/home/dammr/ros2_humble/install/ament_cmake_flake8:/home/dammr/ros2_humble/install/ament_cmake_cpplint:/home/dammr/ros2_humble/install/ament_cmake_cppcheck:/home/dammr/ros2_humble/install/ament_cmake_copyright:/home/dammr/ros2_humble/install/ament_cmake_clang_tidy:/home/dammr/ros2_humble/install/ament_cmake_clang_format:/home/dammr/ros2_humble/install/ament_cmake_test:/home/dammr/ros2_humble/install/ament_cmake_target_dependencies:/home/dammr/ros2_humble/install/ament_cmake_python:/home/dammr/ros2_humble/install/ament_cmake_export_dependencies:/home/dammr/ros2_humble/install/ament_cmake_libraries:/home/dammr/ros2_humble/install/ament_cmake_include_directories:/home/dammr/ros2_humble/install/ament_cmake_gen_version_h:/home/dammr/ros2_humble/install/ament_cmake_export_targets:/home/dammr/ros2_humble/install/ament_cmake_export_link_flags:/home/dammr/ros2_humble/install/ament_cmake_export_interfaces:/home/dammr/ros2_humble/install/ament_cmake_export_libraries:/home/dammr/ros2_humble/install/ament_cmake_export_include_directories:/home/dammr/ros2_humble/install/ament_cmake_export_definitions:/home/dammr/ros2_humble/install/ament_cmake_core:/home/dammr/ros2_humble/install/ament_index_cpp PYTHONPATH=/home/dammr/Desktop/magister_ws/UC_SmartFarmRadar/build/state_machine/prefix_override:/usr/lib/python3/dist-packages/colcon_core/task/python/colcon_distutils_commands:/home/dammr/Desktop/magister_ws/UC_SmartFarmRadar/install/state_machine/lib/python3.10/site-packages:${PYTHONPATH} /usr/bin/python3 -W ignore:setup.py install is deprecated -W ignore:easy_install command is deprecated setup.py egg_info --egg-base ../build/state_machine build --build-base /home/dammr/Desktop/magister_ws/UC_SmartFarmRadar/build/state_machine/build install --record /home/dammr/Desktop/magister_ws/UC_SmartFarmRadar/build/state_machine/install.log --single-version-externally-managed install_data
[12.961s] Level 1:colcon.colcon_core.environment:checking '/home/dammr/Desktop/magister_ws/UC_SmartFarmRadar/install/state_machine' for CMake config files
[12.961s] Level 1:colcon.colcon_core.environment:checking '/home/dammr/Desktop/magister_ws/UC_SmartFarmRadar/install/state_machine/lib'
[12.961s] Level 1:colcon.colcon_core.environment:checking '/home/dammr/Desktop/magister_ws/UC_SmartFarmRadar/install/state_machine/bin'
[12.961s] Level 1:colcon.colcon_core.environment:checking '/home/dammr/Desktop/magister_ws/UC_SmartFarmRadar/install/state_machine/lib/pkgconfig/state_machine.pc'
[12.962s] Level 1:colcon.colcon_core.environment:checking '/home/dammr/Desktop/magister_ws/UC_SmartFarmRadar/install/state_machine/lib/python3.10/site-packages'
[12.962s] Level 1:colcon.colcon_core.shell:create_environment_hook('state_machine', 'pythonpath')
[12.962s] INFO:colcon.colcon_core.shell:Creating environment hook '/home/dammr/Desktop/magister_ws/UC_SmartFarmRadar/install/state_machine/share/state_machine/hook/pythonpath.ps1'
[12.962s] INFO:colcon.colcon_core.shell:Creating environment descriptor '/home/dammr/Desktop/magister_ws/UC_SmartFarmRadar/install/state_machine/share/state_machine/hook/pythonpath.dsv'
[12.963s] INFO:colcon.colcon_core.shell:Creating environment hook '/home/dammr/Desktop/magister_ws/UC_SmartFarmRadar/install/state_machine/share/state_machine/hook/pythonpath.sh'
[12.963s] Level 1:colcon.colcon_core.environment:checking '/home/dammr/Desktop/magister_ws/UC_SmartFarmRadar/install/state_machine/bin'
[12.963s] Level 1:colcon.colcon_core.environment:create_environment_scripts_only(state_machine)
[12.963s] INFO:colcon.colcon_core.shell:Creating package script '/home/dammr/Desktop/magister_ws/UC_SmartFarmRadar/install/state_machine/share/state_machine/package.ps1'
[12.964s] INFO:colcon.colcon_core.shell:Creating package descriptor '/home/dammr/Desktop/magister_ws/UC_SmartFarmRadar/install/state_machine/share/state_machine/package.dsv'
[12.964s] INFO:colcon.colcon_core.shell:Creating package script '/home/dammr/Desktop/magister_ws/UC_SmartFarmRadar/install/state_machine/share/state_machine/package.sh'
[12.964s] INFO:colcon.colcon_core.shell:Creating package script '/home/dammr/Desktop/magister_ws/UC_SmartFarmRadar/install/state_machine/share/state_machine/package.bash'
[12.965s] INFO:colcon.colcon_core.shell:Creating package script '/home/dammr/Desktop/magister_ws/UC_SmartFarmRadar/install/state_machine/share/state_machine/package.zsh'
[12.965s] Level 1:colcon.colcon_core.environment:create_file_with_runtime_dependencies(/home/dammr/Desktop/magister_ws/UC_SmartFarmRadar/install/state_machine/share/colcon-core/packages/state_machine)
[13.018s] Level 1:colcon.colcon_core.environment:checking '/home/dammr/Desktop/magister_ws/UC_SmartFarmRadar/install/radar_package' for CMake module files
[13.019s] DEBUG:colcon.colcon_core.event_handler.log_command:Invoked command in '/home/dammr/Desktop/magister_ws/UC_SmartFarmRadar/radar_package' returned '0': CMAKE_PREFIX_PATH=/home/dammr/Desktop/magister_ws/UC_SmartFarmRadar/install/radar_msg:/home/dammr/Desktop/magister_ws/UC_SmartFarmRadar/install/robot_description:/home/dammr/Desktop/magister_ws/UC_SmartFarmRadar/install/ptu_driver:/home/dammr/ros2_humble/install/rosbag2_storage_mcap:/home/dammr/ros2_humble/install/rosbag2:/home/dammr/ros2_humble/install/rosbag2_compression_zstd:/home/dammr/ros2_humble/install/mcap_vendor:/home/dammr/ros2_humble/install/zstd_vendor:/home/dammr/ros2_humble/install/rviz_visual_testing_framework:/home/dammr/ros2_humble/install/rviz2:/home/dammr/ros2_humble/install/rviz_default_plugins:/home/dammr/ros2_humble/install/rviz_common:/home/dammr/ros2_humble/install/rosbag2_py:/home/dammr/ros2_humble/install/rosbag2_transport:/home/dammr/ros2_humble/install/rosbag2_storage_default_plugins:/home/dammr/ros2_humble/install/rosbag2_performance_benchmarking:/home/dammr/ros2_humble/install/rosbag2_compression:/home/dammr/ros2_humble/install/rosbag2_cpp:/home/dammr/ros2_humble/install/rosbag2_storage:/home/dammr/ros2_humble/install/image_common:/home/dammr/ros2_humble/install/camera_info_manager:/home/dammr/ros2_humble/install/camera_calibration_parsers:/home/dammr/ros2_humble/install/yaml_cpp_vendor:/home/dammr/ros2_humble/install/interactive_markers:/home/dammr/ros2_humble/install/common_interfaces:/home/dammr/ros2_humble/install/visualization_msgs:/home/dammr/ros2_humble/install/dummy_robot_bringup:/home/dammr/ros2_humble/install/robot_state_publisher:/home/dammr/ros2_humble/install/kdl_parser:/home/dammr/ros2_humble/install/urdf:/home/dammr/ros2_humble/install/urdfdom:/home/dammr/ros2_humble/install/urdf_parser_plugin:/home/dammr/ros2_humble/install/urdfdom_headers:/home/dammr/ros2_humble/install/turtlesim:/home/dammr/ros2_humble/install/geometry2:/home/dammr/ros2_humble/install/tf2_sensor_msgs:/home/dammr/ros2_humble/install/test_tf2:/home/dammr/ros2_humble/install/tf2_kdl:/home/dammr/ros2_humble/install/tf2_geometry_msgs:/home/dammr/ros2_humble/install/tf2_eigen:/home/dammr/ros2_humble/install/tf2_bullet:/home/dammr/ros2_humble/install/tf2_ros:/home/dammr/ros2_humble/install/tf2_py:/home/dammr/ros2_humble/install/tf2_msgs:/home/dammr/ros2_humble/install/test_msgs:/home/dammr/ros2_humble/install/sros2_cmake:/home/dammr/ros2_humble/install/ros2cli_common_extensions:/home/dammr/ros2_humble/install/rqt_py_common:/home/dammr/ros2_humble/install/rosbag2_storage_mcap_testdata:/home/dammr/ros2_humble/install/ros_testing:/home/dammr/ros2_humble/install/ros2cli_test_interfaces:/home/dammr/ros2_humble/install/quality_of_service_demo_cpp:/home/dammr/ros2_humble/install/image_transport:/home/dammr/ros2_humble/install/message_filters:/home/dammr/ros2_humble/install/demo_nodes_cpp:/home/dammr/ros2_humble/install/composition:/home/dammr/ros2_humble/install/laser_geometry:/home/dammr/ros2_humble/install/rclpy:/home/dammr/ros2_humble/install/examples_rclcpp_minimal_action_server:/home/dammr/ros2_humble/install/examples_rclcpp_minimal_action_client:/home/dammr/ros2_humble/install/action_tutorials_cpp:/home/dammr/ros2_humble/install/rclcpp_action:/home/dammr/ros2_humble/install/rcl_action:/home/dammr/ros2_humble/install/examples_rclcpp_wait_set:/home/dammr/ros2_humble/install/examples_rclcpp_minimal_service:/home/dammr/ros2_humble/install/examples_rclcpp_minimal_client:/home/dammr/ros2_humble/install/examples_rclcpp_async_client:/home/dammr/ros2_humble/install/example_interfaces:/home/dammr/ros2_humble/install/action_tutorials_interfaces:/home/dammr/ros2_humble/install/action_msgs:/home/dammr/ros2_humble/install/unique_identifier_msgs:/home/dammr/ros2_humble/install/ament_lint_common:/home/dammr/ros2_humble/install/ament_cmake_uncrustify:/home/dammr/ros2_humble/install/uncrustify_vendor:/home/dammr/ros2_humble/install/trajectory_msgs:/home/dammr/ros2_humble/install/topic_statistics_demo:/home/dammr/ros2_humble/install/pendulum_control:/home/dammr/ros2_humble/install/tlsf_cpp:/home/dammr/ros2_humble/install/test_tracetools:/home/dammr/ros2_humble/install/rqt_gui_cpp:/home/dammr/ros2_humble/install/rosbag2_test_common:/home/dammr/ros2_humble/install/ros2lifecycle_test_fixtures:/home/dammr/ros2_humble/install/lifecycle:/home/dammr/ros2_humble/install/rclcpp_lifecycle:/home/dammr/ros2_humble/install/logging_demo:/home/dammr/ros2_humble/install/image_tools:/home/dammr/ros2_humble/install/examples_rclcpp_minimal_subscriber:/home/dammr/ros2_humble/install/examples_rclcpp_minimal_composition:/home/dammr/ros2_humble/install/demo_nodes_cpp_native:/home/dammr/ros2_humble/install/rclcpp_components:/home/dammr/ros2_humble/install/intra_process_demo:/home/dammr/ros2_humble/install/examples_rclcpp_multithreaded_executor:/home/dammr/ros2_humble/install/examples_rclcpp_minimal_timer:/home/dammr/ros2_humble/install/examples_rclcpp_minimal_publisher:/home/dammr/ros2_humble/install/examples_rclcpp_cbg_executor:/home/dammr/ros2_humble/install/dummy_sensors:/home/dammr/ros2_humble/install/dummy_map_server:/home/dammr/ros2_humble/install/rclcpp:/home/dammr/ros2_humble/install/rcl_lifecycle:/home/dammr/ros2_humble/install/libstatistics_collector:/home/dammr/ros2_humble/install/rcl:/home/dammr/ros2_humble/install/rmw_implementation:/home/dammr/ros2_humble/install/rmw_fastrtps_dynamic_cpp:/home/dammr/ros2_humble/install/rmw_fastrtps_cpp:/home/dammr/ros2_humble/install/rmw_fastrtps_shared_cpp:/home/dammr/ros2_humble/install/rmw_cyclonedds_cpp:/home/dammr/ros2_humble/install/tracetools:/home/dammr/ros2_humble/install/tlsf:/home/dammr/ros2_humble/install/tinyxml_vendor:/home/dammr/ros2_humble/install/qt_gui_core:/home/dammr/ros2_humble/install/qt_gui_cpp:/home/dammr/ros2_humble/install/pluginlib:/home/dammr/ros2_humble/install/tinyxml2_vendor:/home/dammr/ros2_humble/install/tf2_eigen_kdl:/home/dammr/ros2_humble/install/tf2:/home/dammr/ros2_humble/install/test_security:/home/dammr/ros2_humble/install/test_rmw_implementation:/home/dammr/ros2_humble/install/test_rclcpp:/home/dammr/ros2_humble/install/test_quality_of_service:/home/dammr/ros2_humble/install/test_launch_testing:/home/dammr/ros2_humble/install/test_interface_files:/home/dammr/ros2_humble/install/test_communication:/home/dammr/ros2_humble/install/test_cli_remapping:/home/dammr/ros2_humble/install/test_cli:/home/dammr/ros2_humble/install/qt_gui_app:/home/dammr/ros2_humble/install/qt_gui:/home/dammr/ros2_humble/install/tango_icons_vendor:/home/dammr/ros2_humble/install/stereo_msgs:/home/dammr/ros2_humble/install/std_srvs:/home/dammr/ros2_humble/install/shape_msgs:/home/dammr/ros2_humble/install/map_msgs:/home/dammr/ros2_humble/install/sensor_msgs:/home/dammr/ros2_humble/install/nav_msgs:/home/dammr/ros2_humble/install/diagnostic_msgs:/home/dammr/ros2_humble/install/geometry_msgs:/home/dammr/ros2_humble/install/actionlib_msgs:/home/dammr/ros2_humble/install/std_msgs:/home/dammr/ros2_humble/install/statistics_msgs:/home/dammr/ros2_humble/install/sqlite3_vendor:/home/dammr/ros2_humble/install/rcl_logging_spdlog:/home/dammr/ros2_humble/install/spdlog_vendor:/home/dammr/ros2_humble/install/shared_queues_vendor:/home/dammr/ros2_humble/install/rviz_rendering_tests:/home/dammr/ros2_humble/install/rviz_rendering:/home/dammr/ros2_humble/install/rviz_ogre_vendor:/home/dammr/ros2_humble/install/rviz_assimp_vendor:/home/dammr/ros2_humble/install/rttest:/home/dammr/ros2_humble/install/rmw_connextddsmicro:/home/dammr/ros2_humble/install/rmw_connextdds:/home/dammr/ros2_humble/install/rmw_connextdds_common:/home/dammr/ros2_humble/install/rti_connext_dds_cmake_module:/home/dammr/ros2_humble/install/rosgraph_msgs:/home/dammr/ros2_humble/install/rosbag2_interfaces:/home/dammr/ros2_humble/install/rmw_dds_common:/home/dammr/ros2_humble/install/composition_interfaces:/home/dammr/ros2_humble/install/rcl_interfaces:/home/dammr/ros2_humble/install/pendulum_msgs:/home/dammr/ros2_humble/install/lifecycle_msgs:/home/dammr/ros2_humble/install/builtin_interfaces:/home/dammr/ros2_humble/install/rosidl_default_runtime:/home/dammr/ros2_humble/install/rosidl_default_generators:/home/dammr/ros2_humble/install/rosidl_generator_py:/home/dammr/ros2_humble/install/rosidl_typesupport_introspection_tests:/home/dammr/ros2_humble/install/rosidl_typesupport_cpp:/home/dammr/ros2_humble/install/rosidl_typesupport_introspection_cpp:/home/dammr/ros2_humble/install/rosidl_typesupport_c:/home/dammr/ros2_humble/install/rosidl_typesupport_introspection_c:/home/dammr/ros2_humble/install/rosidl_typesupport_fastrtps_c:/home/dammr/ros2_humble/install/rosidl_typesupport_fastrtps_cpp:/home/dammr/ros2_humble/install/rosidl_generator_cpp:/home/dammr/ros2_humble/install/rosidl_runtime_cpp:/home/dammr/ros2_humble/install/rcl_yaml_param_parser:/home/dammr/ros2_humble/install/rmw:/home/dammr/ros2_humble/install/rosidl_runtime_c:/home/dammr/ros2_humble/install/rosidl_generator_c:/home/dammr/ros2_humble/install/rosidl_typesupport_interface:/home/dammr/ros2_humble/install/rosidl_generator_dds_idl:/home/dammr/ros2_humble/install/rosidl_cmake:/home/dammr/ros2_humble/install/rosidl_parser:/home/dammr/ros2_humble/install/rosidl_adapter:/home/dammr/ros2_humble/install/rosbag2_tests:/home/dammr/ros2_humble/install/ros_environment:/home/dammr/ros2_humble/install/rmw_implementation_cmake:/home/dammr/ros2_humble/install/resource_retriever:/home/dammr/ros2_humble/install/class_loader:/home/dammr/ros2_humble/install/rcpputils:/home/dammr/ros2_humble/install/rcl_logging_noop:/home/dammr/ros2_humble/install/rcl_logging_interface:/home/dammr/ros2_humble/install/rcutils:/home/dammr/ros2_humble/install/qt_gui_py_common:/home/dammr/ros2_humble/install/qt_dotgraph:/home/dammr/ros2_humble/install/python_qt_binding:/home/dammr/ros2_humble/install/python_orocos_kdl_vendor:/home/dammr/ros2_humble/install/launch_testing_ament_cmake:/home/dammr/ros2_humble/install/python_cmake_module:/home/dammr/ros2_humble/install/pybind11_vendor:/home/dammr/ros2_humble/install/performance_test_fixture:/home/dammr/ros2_humble/install/osrf_testing_tools_cpp:/home/dammr/ros2_humble/install/orocos_kdl_vendor:/home/dammr/ros2_humble/install/mimick_vendor:/home/dammr/ros2_humble/install/libyaml_vendor:/home/dammr/ros2_humble/install/libcurl_vendor:/home/dammr/ros2_humble/install/keyboard_handler:/home/dammr/ros2_humble/install/iceoryx_introspection:/home/dammr/ros2_humble/install/cyclonedds:/home/dammr/ros2_humble/install/iceoryx_posh:/home/dammr/ros2_humble/install/iceoryx_hoofs:/home/dammr/ros2_humble/install/iceoryx_binding_c:/home/dammr/ros2_humble/install/ament_cmake_ros:/home/dammr/ros2_humble/install/ament_cmake_auto:/home/dammr/ros2_humble/install/ament_cmake_gmock:/home/dammr/ros2_humble/install/gmock_vendor:/home/dammr/ros2_humble/install/ament_cmake_gtest:/home/dammr/ros2_humble/install/gtest_vendor:/home/dammr/ros2_humble/install/ament_cmake_google_benchmark:/home/dammr/ros2_humble/install/google_benchmark_vendor:/home/dammr/ros2_humble/install/fastrtps:/home/dammr/ros2_humble/install/foonathan_memory_vendor:/home/dammr/ros2_humble/install/fastrtps_cmake_module:/home/dammr/ros2_humble/install/fastcdr:/home/dammr/ros2_humble/install/eigen3_cmake_module:/home/dammr/ros2_humble/install/console_bridge_vendor:/home/dammr/ros2_humble/install/ament_cmake_xmllint:/home/dammr/ros2_humble/install/ament_cmake_pyflakes:/home/dammr/ros2_humble/install/ament_cmake_pycodestyle:/home/dammr/ros2_humble/install/ament_cmake_pep257:/home/dammr/ros2_humble/install/ament_cmake_pclint:/home/dammr/ros2_humble/install/ament_lint_auto:/home/dammr/ros2_humble/install/ament_cmake:/home/dammr/ros2_humble/install/ament_cmake_version:/home/dammr/ros2_humble/install/ament_cmake_vendor_package:/home/dammr/ros2_humble/install/ament_cmake_pytest:/home/dammr/ros2_humble/install/ament_cmake_nose:/home/dammr/ros2_humble/install/ament_cmake_mypy:/home/dammr/ros2_humble/install/ament_cmake_lint_cmake:/home/dammr/ros2_humble/install/ament_cmake_flake8:/home/dammr/ros2_humble/install/ament_cmake_cpplint:/home/dammr/ros2_humble/install/ament_cmake_cppcheck:/home/dammr/ros2_humble/install/ament_cmake_copyright:/home/dammr/ros2_humble/install/ament_cmake_clang_tidy:/home/dammr/ros2_humble/install/ament_cmake_clang_format:/home/dammr/ros2_humble/install/ament_cmake_test:/home/dammr/ros2_humble/install/ament_cmake_target_dependencies:/home/dammr/ros2_humble/install/ament_cmake_python:/home/dammr/ros2_humble/install/ament_cmake_export_dependencies:/home/dammr/ros2_humble/install/ament_cmake_libraries:/home/dammr/ros2_humble/install/ament_cmake_include_directories:/home/dammr/ros2_humble/install/ament_cmake_gen_version_h:/home/dammr/ros2_humble/install/ament_cmake_export_targets:/home/dammr/ros2_humble/install/ament_cmake_export_link_flags:/home/dammr/ros2_humble/install/ament_cmake_export_interfaces:/home/dammr/ros2_humble/install/ament_cmake_export_libraries:/home/dammr/ros2_humble/install/ament_cmake_export_include_directories:/home/dammr/ros2_humble/install/ament_cmake_export_definitions:/home/dammr/ros2_humble/install/ament_cmake_core:/home/dammr/ros2_humble/install/ament_index_cpp PYTHONPATH=/home/dammr/Desktop/magister_ws/UC_SmartFarmRadar/build/radar_package/prefix_override:/usr/lib/python3/dist-packages/colcon_core/task/python/colcon_distutils_commands:/home/dammr/Desktop/magister_ws/UC_SmartFarmRadar/install/radar_package/lib/python3.10/site-packages:${PYTHONPATH} /usr/bin/python3 -W ignore:setup.py install is deprecated -W ignore:easy_install command is deprecated setup.py egg_info --egg-base ../build/radar_package build --build-base /home/dammr/Desktop/magister_ws/UC_SmartFarmRadar/build/radar_package/build install --record /home/dammr/Desktop/magister_ws/UC_SmartFarmRadar/build/radar_package/install.log --single-version-externally-managed install_data
[13.019s] Level 1:colcon.colcon_core.environment:checking '/home/dammr/Desktop/magister_ws/UC_SmartFarmRadar/install/radar_package' for CMake config files
[13.020s] Level 1:colcon.colcon_core.environment:checking '/home/dammr/Desktop/magister_ws/UC_SmartFarmRadar/install/radar_package/lib'
[13.020s] Level 1:colcon.colcon_core.environment:checking '/home/dammr/Desktop/magister_ws/UC_SmartFarmRadar/install/radar_package/bin'
[13.020s] Level 1:colcon.colcon_core.environment:checking '/home/dammr/Desktop/magister_ws/UC_SmartFarmRadar/install/radar_package/lib/pkgconfig/radar_package.pc'
[13.020s] Level 1:colcon.colcon_core.environment:checking '/home/dammr/Desktop/magister_ws/UC_SmartFarmRadar/install/radar_package/lib/python3.10/site-packages'
[13.020s] Level 1:colcon.colcon_core.shell:create_environment_hook('radar_package', 'pythonpath')
[13.020s] INFO:colcon.colcon_core.shell:Creating environment hook '/home/dammr/Desktop/magister_ws/UC_SmartFarmRadar/install/radar_package/share/radar_package/hook/pythonpath.ps1'
[13.021s] INFO:colcon.colcon_core.shell:Creating environment descriptor '/home/dammr/Desktop/magister_ws/UC_SmartFarmRadar/install/radar_package/share/radar_package/hook/pythonpath.dsv'
[13.021s] INFO:colcon.colcon_core.shell:Creating environment hook '/home/dammr/Desktop/magister_ws/UC_SmartFarmRadar/install/radar_package/share/radar_package/hook/pythonpath.sh'
[13.021s] Level 1:colcon.colcon_core.environment:checking '/home/dammr/Desktop/magister_ws/UC_SmartFarmRadar/install/radar_package/bin'
[13.021s] Level 1:colcon.colcon_core.environment:create_environment_scripts_only(radar_package)
[13.022s] INFO:colcon.colcon_core.shell:Creating package script '/home/dammr/Desktop/magister_ws/UC_SmartFarmRadar/install/radar_package/share/radar_package/package.ps1'
[13.022s] INFO:colcon.colcon_core.shell:Creating package descriptor '/home/dammr/Desktop/magister_ws/UC_SmartFarmRadar/install/radar_package/share/radar_package/package.dsv'
[13.022s] INFO:colcon.colcon_core.shell:Creating package script '/home/dammr/Desktop/magister_ws/UC_SmartFarmRadar/install/radar_package/share/radar_package/package.sh'
[13.022s] INFO:colcon.colcon_core.shell:Creating package script '/home/dammr/Desktop/magister_ws/UC_SmartFarmRadar/install/radar_package/share/radar_package/package.bash'
[13.023s] INFO:colcon.colcon_core.shell:Creating package script '/home/dammr/Desktop/magister_ws/UC_SmartFarmRadar/install/radar_package/share/radar_package/package.zsh'
[13.023s] Level 1:colcon.colcon_core.environment:create_file_with_runtime_dependencies(/home/dammr/Desktop/magister_ws/UC_SmartFarmRadar/install/radar_package/share/colcon-core/packages/radar_package)
[13.023s] DEBUG:colcon.colcon_parallel_executor.executor.parallel:closing loop
[13.023s] DEBUG:colcon.colcon_parallel_executor.executor.parallel:loop closed
[13.023s] DEBUG:colcon.colcon_parallel_executor.executor.parallel:run_until_complete finished with '0'
[13.024s] DEBUG:colcon.colcon_core.event_reactor:joining thread
[13.039s] INFO:colcon.colcon_core.plugin_system:Skipping extension 'colcon_notification.desktop_notification.terminal_notifier': Not used on non-Darwin systems
[13.039s] INFO:colcon.colcon_core.plugin_system:Skipping extension 'colcon_notification.desktop_notification.win32': Not used on non-Windows systems
[13.039s] INFO:colcon.colcon_notification.desktop_notification:Sending desktop notification using 'notify2'
[13.048s] DEBUG:colcon.colcon_core.event_reactor:joined thread
[13.048s] INFO:colcon.colcon_core.shell:Creating prefix script '/home/dammr/Desktop/magister_ws/UC_SmartFarmRadar/install/local_setup.ps1'
[13.049s] INFO:colcon.colcon_core.shell:Creating prefix util module '/home/dammr/Desktop/magister_ws/UC_SmartFarmRadar/install/_local_setup_util_ps1.py'
[13.050s] INFO:colcon.colcon_core.shell:Creating prefix chain script '/home/dammr/Desktop/magister_ws/UC_SmartFarmRadar/install/setup.ps1'
[13.061s] INFO:colcon.colcon_core.shell:Creating prefix script '/home/dammr/Desktop/magister_ws/UC_SmartFarmRadar/install/local_setup.sh'
[13.062s] INFO:colcon.colcon_core.shell:Creating prefix util module '/home/dammr/Desktop/magister_ws/UC_SmartFarmRadar/install/_local_setup_util_sh.py'
[13.062s] INFO:colcon.colcon_core.shell:Creating prefix chain script '/home/dammr/Desktop/magister_ws/UC_SmartFarmRadar/install/setup.sh'
[13.072s] INFO:colcon.colcon_core.shell:Creating prefix script '/home/dammr/Desktop/magister_ws/UC_SmartFarmRadar/install/local_setup.bash'
[13.073s] INFO:colcon.colcon_core.shell:Creating prefix chain script '/home/dammr/Desktop/magister_ws/UC_SmartFarmRadar/install/setup.bash'
[13.082s] INFO:colcon.colcon_core.shell:Creating prefix script '/home/dammr/Desktop/magister_ws/UC_SmartFarmRadar/install/local_setup.zsh'
[13.083s] INFO:colcon.colcon_core.shell:Creating prefix chain script '/home/dammr/Desktop/magister_ws/UC_SmartFarmRadar/install/setup.zsh'
