[0.262s] DEBUG:colcon:Command line arguments: ['/usr/bin/colcon', 'build']
[0.262s] DEBUG:colcon:Parsed command line arguments: Namespace(log_base=None, log_level=None, verb_name='build', build_base='build', install_base='install', merge_install=False, symlink_install=False, test_result_base=None, continue_on_error=False, executor='parallel', parallel_workers=12, event_handlers=None, ignore_user_meta=False, metas=['./colcon.meta'], base_paths=['.'], packages_ignore=None, packages_ignore_regex=None, paths=None, packages_up_to=None, packages_up_to_regex=None, packages_above=None, packages_above_and_dependencies=None, packages_above_depth=None, packages_select_by_dep=None, packages_skip_by_dep=None, packages_skip_up_to=None, packages_select_build_failed=False, packages_skip_build_finished=False, packages_select_test_failures=False, packages_skip_test_passed=False, packages_select=None, packages_skip=None, packages_select_regex=None, packages_skip_regex=None, packages_start=None, packages_end=None, allow_overriding=[], cmake_args=None, cmake_target=None, cmake_target_skip_unavailable=False, cmake_clean_cache=False, cmake_clean_first=False, cmake_force_configure=False, ament_cmake_args=None, catkin_cmake_args=None, catkin_skip_building_tests=False, mixin_files=None, mixin=None, verb_parser=<colcon_mixin.mixin.mixin_argument.MixinArgumentDecorator object at 0x7582f3c90730>, verb_extension=<colcon_core.verb.build.BuildVerb object at 0x7582f3dd5690>, main=<bound method BuildVerb.main of <colcon_core.verb.build.BuildVerb object at 0x7582f3dd5690>>, mixin_verb=('build',))
[0.524s] Level 1:colcon.colcon_core.package_discovery:discover_packages(colcon_meta) check parameters
[0.524s] Level 1:colcon.colcon_core.package_discovery:discover_packages(recursive) check parameters
[0.524s] Level 1:colcon.colcon_core.package_discovery:discover_packages(ignore) check parameters
[0.524s] Level 1:colcon.colcon_core.package_discovery:discover_packages(path) check parameters
[0.524s] Level 1:colcon.colcon_core.package_discovery:discover_packages(colcon_meta) discover
[0.524s] Level 1:colcon.colcon_core.package_discovery:discover_packages(recursive) discover
[0.524s] INFO:colcon.colcon_core.package_discovery:Crawling recursively for packages in '/home/dammr/Desktop/magister_ws/UC_SmartFarmRadar'
[0.524s] Level 1:colcon.colcon_core.package_identification:_identify(.) by extensions ['ignore', 'ignore_ament_install']
[0.524s] Level 1:colcon.colcon_core.package_identification:_identify(.) by extension 'ignore'
[0.524s] Level 1:colcon.colcon_core.package_identification:_identify(.) by extension 'ignore_ament_install'
[0.524s] Level 1:colcon.colcon_core.package_identification:_identify(.) by extensions ['colcon_pkg']
[0.524s] Level 1:colcon.colcon_core.package_identification:_identify(.) by extension 'colcon_pkg'
[0.524s] Level 1:colcon.colcon_core.package_identification:_identify(.) by extensions ['colcon_meta']
[0.524s] Level 1:colcon.colcon_core.package_identification:_identify(.) by extension 'colcon_meta'
[0.525s] Level 1:colcon.colcon_core.package_identification:_identify(.) by extensions ['ros']
[0.525s] Level 1:colcon.colcon_core.package_identification:_identify(.) by extension 'ros'
[0.533s] Level 1:colcon.colcon_core.package_identification:_identify(.) by extensions ['cmake', 'python']
[0.533s] Level 1:colcon.colcon_core.package_identification:_identify(.) by extension 'cmake'
[0.534s] Level 1:colcon.colcon_core.package_identification:_identify(.) by extension 'python'
[0.534s] Level 1:colcon.colcon_core.package_identification:_identify(.) by extensions ['python_setup_py']
[0.534s] Level 1:colcon.colcon_core.package_identification:_identify(.) by extension 'python_setup_py'
[0.534s] Level 1:colcon.colcon_core.package_identification:_identify(build) by extensions ['ignore', 'ignore_ament_install']
[0.534s] Level 1:colcon.colcon_core.package_identification:_identify(build) by extension 'ignore'
[0.534s] Level 1:colcon.colcon_core.package_identification:_identify(build) ignored
[0.534s] Level 1:colcon.colcon_core.package_identification:_identify(datos) by extensions ['ignore', 'ignore_ament_install']
[0.534s] Level 1:colcon.colcon_core.package_identification:_identify(datos) by extension 'ignore'
[0.534s] Level 1:colcon.colcon_core.package_identification:_identify(datos) by extension 'ignore_ament_install'
[0.534s] Level 1:colcon.colcon_core.package_identification:_identify(datos) by extensions ['colcon_pkg']
[0.534s] Level 1:colcon.colcon_core.package_identification:_identify(datos) by extension 'colcon_pkg'
[0.534s] Level 1:colcon.colcon_core.package_identification:_identify(datos) by extensions ['colcon_meta']
[0.534s] Level 1:colcon.colcon_core.package_identification:_identify(datos) by extension 'colcon_meta'
[0.534s] Level 1:colcon.colcon_core.package_identification:_identify(datos) by extensions ['ros']
[0.534s] Level 1:colcon.colcon_core.package_identification:_identify(datos) by extension 'ros'
[0.534s] Level 1:colcon.colcon_core.package_identification:_identify(datos) by extensions ['cmake', 'python']
[0.534s] Level 1:colcon.colcon_core.package_identification:_identify(datos) by extension 'cmake'
[0.534s] Level 1:colcon.colcon_core.package_identification:_identify(datos) by extension 'python'
[0.534s] Level 1:colcon.colcon_core.package_identification:_identify(datos) by extensions ['python_setup_py']
[0.534s] Level 1:colcon.colcon_core.package_identification:_identify(datos) by extension 'python_setup_py'
[0.534s] Level 1:colcon.colcon_core.package_identification:_identify(datos/arbol) by extensions ['ignore', 'ignore_ament_install']
[0.534s] Level 1:colcon.colcon_core.package_identification:_identify(datos/arbol) by extension 'ignore'
[0.534s] Level 1:colcon.colcon_core.package_identification:_identify(datos/arbol) by extension 'ignore_ament_install'
[0.535s] Level 1:colcon.colcon_core.package_identification:_identify(datos/arbol) by extensions ['colcon_pkg']
[0.535s] Level 1:colcon.colcon_core.package_identification:_identify(datos/arbol) by extension 'colcon_pkg'
[0.535s] Level 1:colcon.colcon_core.package_identification:_identify(datos/arbol) by extensions ['colcon_meta']
[0.535s] Level 1:colcon.colcon_core.package_identification:_identify(datos/arbol) by extension 'colcon_meta'
[0.535s] Level 1:colcon.colcon_core.package_identification:_identify(datos/arbol) by extensions ['ros']
[0.535s] Level 1:colcon.colcon_core.package_identification:_identify(datos/arbol) by extension 'ros'
[0.535s] Level 1:colcon.colcon_core.package_identification:_identify(datos/arbol) by extensions ['cmake', 'python']
[0.535s] Level 1:colcon.colcon_core.package_identification:_identify(datos/arbol) by extension 'cmake'
[0.535s] Level 1:colcon.colcon_core.package_identification:_identify(datos/arbol) by extension 'python'
[0.535s] Level 1:colcon.colcon_core.package_identification:_identify(datos/arbol) by extensions ['python_setup_py']
[0.535s] Level 1:colcon.colcon_core.package_identification:_identify(datos/arbol) by extension 'python_setup_py'
[0.535s] Level 1:colcon.colcon_core.package_identification:_identify(datos/capturas_radar_npy) by extensions ['ignore', 'ignore_ament_install']
[0.535s] Level 1:colcon.colcon_core.package_identification:_identify(datos/capturas_radar_npy) by extension 'ignore'
[0.535s] Level 1:colcon.colcon_core.package_identification:_identify(datos/capturas_radar_npy) by extension 'ignore_ament_install'
[0.535s] Level 1:colcon.colcon_core.package_identification:_identify(datos/capturas_radar_npy) by extensions ['colcon_pkg']
[0.535s] Level 1:colcon.colcon_core.package_identification:_identify(datos/capturas_radar_npy) by extension 'colcon_pkg'
[0.535s] Level 1:colcon.colcon_core.package_identification:_identify(datos/capturas_radar_npy) by extensions ['colcon_meta']
[0.535s] Level 1:colcon.colcon_core.package_identification:_identify(datos/capturas_radar_npy) by extension 'colcon_meta'
[0.535s] Level 1:colcon.colcon_core.package_identification:_identify(datos/capturas_radar_npy) by extensions ['ros']
[0.535s] Level 1:colcon.colcon_core.package_identification:_identify(datos/capturas_radar_npy) by extension 'ros'
[0.535s] Level 1:colcon.colcon_core.package_identification:_identify(datos/capturas_radar_npy) by extensions ['cmake', 'python']
[0.535s] Level 1:colcon.colcon_core.package_identification:_identify(datos/capturas_radar_npy) by extension 'cmake'
[0.535s] Level 1:colcon.colcon_core.package_identification:_identify(datos/capturas_radar_npy) by extension 'python'
[0.535s] Level 1:colcon.colcon_core.package_identification:_identify(datos/capturas_radar_npy) by extensions ['python_setup_py']
[0.535s] Level 1:colcon.colcon_core.package_identification:_identify(datos/capturas_radar_npy) by extension 'python_setup_py'
[0.535s] Level 1:colcon.colcon_core.package_identification:_identify(datos/experimento_radar_ultimo4) by extensions ['ignore', 'ignore_ament_install']
[0.535s] Level 1:colcon.colcon_core.package_identification:_identify(datos/experimento_radar_ultimo4) by extension 'ignore'
[0.535s] Level 1:colcon.colcon_core.package_identification:_identify(datos/experimento_radar_ultimo4) by extension 'ignore_ament_install'
[0.535s] Level 1:colcon.colcon_core.package_identification:_identify(datos/experimento_radar_ultimo4) by extensions ['colcon_pkg']
[0.536s] Level 1:colcon.colcon_core.package_identification:_identify(datos/experimento_radar_ultimo4) by extension 'colcon_pkg'
[0.536s] Level 1:colcon.colcon_core.package_identification:_identify(datos/experimento_radar_ultimo4) by extensions ['colcon_meta']
[0.536s] Level 1:colcon.colcon_core.package_identification:_identify(datos/experimento_radar_ultimo4) by extension 'colcon_meta'
[0.536s] Level 1:colcon.colcon_core.package_identification:_identify(datos/experimento_radar_ultimo4) by extensions ['ros']
[0.536s] Level 1:colcon.colcon_core.package_identification:_identify(datos/experimento_radar_ultimo4) by extension 'ros'
[0.536s] Level 1:colcon.colcon_core.package_identification:_identify(datos/experimento_radar_ultimo4) by extensions ['cmake', 'python']
[0.536s] Level 1:colcon.colcon_core.package_identification:_identify(datos/experimento_radar_ultimo4) by extension 'cmake'
[0.536s] Level 1:colcon.colcon_core.package_identification:_identify(datos/experimento_radar_ultimo4) by extension 'python'
[0.536s] Level 1:colcon.colcon_core.package_identification:_identify(datos/experimento_radar_ultimo4) by extensions ['python_setup_py']
[0.536s] Level 1:colcon.colcon_core.package_identification:_identify(datos/experimento_radar_ultimo4) by extension 'python_setup_py'
[0.536s] Level 1:colcon.colcon_core.package_identification:_identify(datos/experimetos_pao) by extensions ['ignore', 'ignore_ament_install']
[0.536s] Level 1:colcon.colcon_core.package_identification:_identify(datos/experimetos_pao) by extension 'ignore'
[0.536s] Level 1:colcon.colcon_core.package_identification:_identify(datos/experimetos_pao) by extension 'ignore_ament_install'
[0.536s] Level 1:colcon.colcon_core.package_identification:_identify(datos/experimetos_pao) by extensions ['colcon_pkg']
[0.536s] Level 1:colcon.colcon_core.package_identification:_identify(datos/experimetos_pao) by extension 'colcon_pkg'
[0.536s] Level 1:colcon.colcon_core.package_identification:_identify(datos/experimetos_pao) by extensions ['colcon_meta']
[0.536s] Level 1:colcon.colcon_core.package_identification:_identify(datos/experimetos_pao) by extension 'colcon_meta'
[0.536s] Level 1:colcon.colcon_core.package_identification:_identify(datos/experimetos_pao) by extensions ['ros']
[0.536s] Level 1:colcon.colcon_core.package_identification:_identify(datos/experimetos_pao) by extension 'ros'
[0.536s] Level 1:colcon.colcon_core.package_identification:_identify(datos/experimetos_pao) by extensions ['cmake', 'python']
[0.536s] Level 1:colcon.colcon_core.package_identification:_identify(datos/experimetos_pao) by extension 'cmake'
[0.536s] Level 1:colcon.colcon_core.package_identification:_identify(datos/experimetos_pao) by extension 'python'
[0.536s] Level 1:colcon.colcon_core.package_identification:_identify(datos/experimetos_pao) by extensions ['python_setup_py']
[0.536s] Level 1:colcon.colcon_core.package_identification:_identify(datos/experimetos_pao) by extension 'python_setup_py'
[0.536s] Level 1:colcon.colcon_core.package_identification:_identify(datos/experimetos_pao/arbol) by extensions ['ignore', 'ignore_ament_install']
[0.536s] Level 1:colcon.colcon_core.package_identification:_identify(datos/experimetos_pao/arbol) by extension 'ignore'
[0.536s] Level 1:colcon.colcon_core.package_identification:_identify(datos/experimetos_pao/arbol) by extension 'ignore_ament_install'
[0.536s] Level 1:colcon.colcon_core.package_identification:_identify(datos/experimetos_pao/arbol) by extensions ['colcon_pkg']
[0.536s] Level 1:colcon.colcon_core.package_identification:_identify(datos/experimetos_pao/arbol) by extension 'colcon_pkg'
[0.536s] Level 1:colcon.colcon_core.package_identification:_identify(datos/experimetos_pao/arbol) by extensions ['colcon_meta']
[0.537s] Level 1:colcon.colcon_core.package_identification:_identify(datos/experimetos_pao/arbol) by extension 'colcon_meta'
[0.537s] Level 1:colcon.colcon_core.package_identification:_identify(datos/experimetos_pao/arbol) by extensions ['ros']
[0.537s] Level 1:colcon.colcon_core.package_identification:_identify(datos/experimetos_pao/arbol) by extension 'ros'
[0.537s] Level 1:colcon.colcon_core.package_identification:_identify(datos/experimetos_pao/arbol) by extensions ['cmake', 'python']
[0.537s] Level 1:colcon.colcon_core.package_identification:_identify(datos/experimetos_pao/arbol) by extension 'cmake'
[0.537s] Level 1:colcon.colcon_core.package_identification:_identify(datos/experimetos_pao/arbol) by extension 'python'
[0.537s] Level 1:colcon.colcon_core.package_identification:_identify(datos/experimetos_pao/arbol) by extensions ['python_setup_py']
[0.537s] Level 1:colcon.colcon_core.package_identification:_identify(datos/experimetos_pao/arbol) by extension 'python_setup_py'
[0.537s] Level 1:colcon.colcon_core.package_identification:_identify(datos/experimetos_pao/conos) by extensions ['ignore', 'ignore_ament_install']
[0.537s] Level 1:colcon.colcon_core.package_identification:_identify(datos/experimetos_pao/conos) by extension 'ignore'
[0.537s] Level 1:colcon.colcon_core.package_identification:_identify(datos/experimetos_pao/conos) by extension 'ignore_ament_install'
[0.537s] Level 1:colcon.colcon_core.package_identification:_identify(datos/experimetos_pao/conos) by extensions ['colcon_pkg']
[0.537s] Level 1:colcon.colcon_core.package_identification:_identify(datos/experimetos_pao/conos) by extension 'colcon_pkg'
[0.537s] Level 1:colcon.colcon_core.package_identification:_identify(datos/experimetos_pao/conos) by extensions ['colcon_meta']
[0.537s] Level 1:colcon.colcon_core.package_identification:_identify(datos/experimetos_pao/conos) by extension 'colcon_meta'
[0.537s] Level 1:colcon.colcon_core.package_identification:_identify(datos/experimetos_pao/conos) by extensions ['ros']
[0.537s] Level 1:colcon.colcon_core.package_identification:_identify(datos/experimetos_pao/conos) by extension 'ros'
[0.537s] Level 1:colcon.colcon_core.package_identification:_identify(datos/experimetos_pao/conos) by extensions ['cmake', 'python']
[0.537s] Level 1:colcon.colcon_core.package_identification:_identify(datos/experimetos_pao/conos) by extension 'cmake'
[0.537s] Level 1:colcon.colcon_core.package_identification:_identify(datos/experimetos_pao/conos) by extension 'python'
[0.537s] Level 1:colcon.colcon_core.package_identification:_identify(datos/experimetos_pao/conos) by extensions ['python_setup_py']
[0.537s] Level 1:colcon.colcon_core.package_identification:_identify(datos/experimetos_pao/conos) by extension 'python_setup_py'
[0.537s] Level 1:colcon.colcon_core.package_identification:_identify(datos/medicion_fondo_centro) by extensions ['ignore', 'ignore_ament_install']
[0.537s] Level 1:colcon.colcon_core.package_identification:_identify(datos/medicion_fondo_centro) by extension 'ignore'
[0.537s] Level 1:colcon.colcon_core.package_identification:_identify(datos/medicion_fondo_centro) by extension 'ignore_ament_install'
[0.537s] Level 1:colcon.colcon_core.package_identification:_identify(datos/medicion_fondo_centro) by extensions ['colcon_pkg']
[0.537s] Level 1:colcon.colcon_core.package_identification:_identify(datos/medicion_fondo_centro) by extension 'colcon_pkg'
[0.537s] Level 1:colcon.colcon_core.package_identification:_identify(datos/medicion_fondo_centro) by extensions ['colcon_meta']
[0.537s] Level 1:colcon.colcon_core.package_identification:_identify(datos/medicion_fondo_centro) by extension 'colcon_meta'
[0.537s] Level 1:colcon.colcon_core.package_identification:_identify(datos/medicion_fondo_centro) by extensions ['ros']
[0.538s] Level 1:colcon.colcon_core.package_identification:_identify(datos/medicion_fondo_centro) by extension 'ros'
[0.538s] Level 1:colcon.colcon_core.package_identification:_identify(datos/medicion_fondo_centro) by extensions ['cmake', 'python']
[0.538s] Level 1:colcon.colcon_core.package_identification:_identify(datos/medicion_fondo_centro) by extension 'cmake'
[0.538s] Level 1:colcon.colcon_core.package_identification:_identify(datos/medicion_fondo_centro) by extension 'python'
[0.538s] Level 1:colcon.colcon_core.package_identification:_identify(datos/medicion_fondo_centro) by extensions ['python_setup_py']
[0.538s] Level 1:colcon.colcon_core.package_identification:_identify(datos/medicion_fondo_centro) by extension 'python_setup_py'
[0.538s] Level 1:colcon.colcon_core.package_identification:_identify(datos/medicion_fondo_centro2) by extensions ['ignore', 'ignore_ament_install']
[0.538s] Level 1:colcon.colcon_core.package_identification:_identify(datos/medicion_fondo_centro2) by extension 'ignore'
[0.538s] Level 1:colcon.colcon_core.package_identification:_identify(datos/medicion_fondo_centro2) by extension 'ignore_ament_install'
[0.538s] Level 1:colcon.colcon_core.package_identification:_identify(datos/medicion_fondo_centro2) by extensions ['colcon_pkg']
[0.538s] Level 1:colcon.colcon_core.package_identification:_identify(datos/medicion_fondo_centro2) by extension 'colcon_pkg'
[0.538s] Level 1:colcon.colcon_core.package_identification:_identify(datos/medicion_fondo_centro2) by extensions ['colcon_meta']
[0.538s] Level 1:colcon.colcon_core.package_identification:_identify(datos/medicion_fondo_centro2) by extension 'colcon_meta'
[0.538s] Level 1:colcon.colcon_core.package_identification:_identify(datos/medicion_fondo_centro2) by extensions ['ros']
[0.538s] Level 1:colcon.colcon_core.package_identification:_identify(datos/medicion_fondo_centro2) by extension 'ros'
[0.538s] Level 1:colcon.colcon_core.package_identification:_identify(datos/medicion_fondo_centro2) by extensions ['cmake', 'python']
[0.538s] Level 1:colcon.colcon_core.package_identification:_identify(datos/medicion_fondo_centro2) by extension 'cmake'
[0.538s] Level 1:colcon.colcon_core.package_identification:_identify(datos/medicion_fondo_centro2) by extension 'python'
[0.538s] Level 1:colcon.colcon_core.package_identification:_identify(datos/medicion_fondo_centro2) by extensions ['python_setup_py']
[0.538s] Level 1:colcon.colcon_core.package_identification:_identify(datos/medicion_fondo_centro2) by extension 'python_setup_py'
[0.538s] Level 1:colcon.colcon_core.package_identification:_identify(datos/medicion_fondo_cielo2) by extensions ['ignore', 'ignore_ament_install']
[0.538s] Level 1:colcon.colcon_core.package_identification:_identify(datos/medicion_fondo_cielo2) by extension 'ignore'
[0.538s] Level 1:colcon.colcon_core.package_identification:_identify(datos/medicion_fondo_cielo2) by extension 'ignore_ament_install'
[0.538s] Level 1:colcon.colcon_core.package_identification:_identify(datos/medicion_fondo_cielo2) by extensions ['colcon_pkg']
[0.538s] Level 1:colcon.colcon_core.package_identification:_identify(datos/medicion_fondo_cielo2) by extension 'colcon_pkg'
[0.538s] Level 1:colcon.colcon_core.package_identification:_identify(datos/medicion_fondo_cielo2) by extensions ['colcon_meta']
[0.538s] Level 1:colcon.colcon_core.package_identification:_identify(datos/medicion_fondo_cielo2) by extension 'colcon_meta'
[0.538s] Level 1:colcon.colcon_core.package_identification:_identify(datos/medicion_fondo_cielo2) by extensions ['ros']
[0.538s] Level 1:colcon.colcon_core.package_identification:_identify(datos/medicion_fondo_cielo2) by extension 'ros'
[0.538s] Level 1:colcon.colcon_core.package_identification:_identify(datos/medicion_fondo_cielo2) by extensions ['cmake', 'python']
[0.539s] Level 1:colcon.colcon_core.package_identification:_identify(datos/medicion_fondo_cielo2) by extension 'cmake'
[0.539s] Level 1:colcon.colcon_core.package_identification:_identify(datos/medicion_fondo_cielo2) by extension 'python'
[0.539s] Level 1:colcon.colcon_core.package_identification:_identify(datos/medicion_fondo_cielo2) by extensions ['python_setup_py']
[0.539s] Level 1:colcon.colcon_core.package_identification:_identify(datos/medicion_fondo_cielo2) by extension 'python_setup_py'
[0.539s] Level 1:colcon.colcon_core.package_identification:_identify(install) by extensions ['ignore', 'ignore_ament_install']
[0.539s] Level 1:colcon.colcon_core.package_identification:_identify(install) by extension 'ignore'
[0.539s] Level 1:colcon.colcon_core.package_identification:_identify(install) ignored
[0.539s] Level 1:colcon.colcon_core.package_identification:_identify(log) by extensions ['ignore', 'ignore_ament_install']
[0.539s] Level 1:colcon.colcon_core.package_identification:_identify(log) by extension 'ignore'
[0.539s] Level 1:colcon.colcon_core.package_identification:_identify(log) ignored
[0.539s] Level 1:colcon.colcon_core.package_identification:_identify(ptu_driver) by extensions ['ignore', 'ignore_ament_install']
[0.539s] Level 1:colcon.colcon_core.package_identification:_identify(ptu_driver) by extension 'ignore'
[0.539s] Level 1:colcon.colcon_core.package_identification:_identify(ptu_driver) by extension 'ignore_ament_install'
[0.539s] Level 1:colcon.colcon_core.package_identification:_identify(ptu_driver) by extensions ['colcon_pkg']
[0.539s] Level 1:colcon.colcon_core.package_identification:_identify(ptu_driver) by extension 'colcon_pkg'
[0.539s] Level 1:colcon.colcon_core.package_identification:_identify(ptu_driver) by extensions ['colcon_meta']
[0.539s] Level 1:colcon.colcon_core.package_identification:_identify(ptu_driver) by extension 'colcon_meta'
[0.539s] Level 1:colcon.colcon_core.package_identification:_identify(ptu_driver) by extensions ['ros']
[0.539s] Level 1:colcon.colcon_core.package_identification:_identify(ptu_driver) by extension 'ros'
[0.541s] DEBUG:colcon.colcon_core.package_identification:Package 'ptu_driver' with type 'ros.ament_cmake' and name 'ptu_driver'
[0.541s] Level 1:colcon.colcon_core.package_identification:_identify(ptu_package) by extensions ['ignore', 'ignore_ament_install']
[0.541s] Level 1:colcon.colcon_core.package_identification:_identify(ptu_package) by extension 'ignore'
[0.541s] Level 1:colcon.colcon_core.package_identification:_identify(ptu_package) by extension 'ignore_ament_install'
[0.541s] Level 1:colcon.colcon_core.package_identification:_identify(ptu_package) by extensions ['colcon_pkg']
[0.541s] Level 1:colcon.colcon_core.package_identification:_identify(ptu_package) by extension 'colcon_pkg'
[0.541s] Level 1:colcon.colcon_core.package_identification:_identify(ptu_package) by extensions ['colcon_meta']
[0.541s] Level 1:colcon.colcon_core.package_identification:_identify(ptu_package) by extension 'colcon_meta'
[0.541s] Level 1:colcon.colcon_core.package_identification:_identify(ptu_package) by extensions ['ros']
[0.541s] Level 1:colcon.colcon_core.package_identification:_identify(ptu_package) by extension 'ros'
[0.542s] DEBUG:colcon.colcon_core.package_identification:Package 'ptu_package' with type 'ros.ament_python' and name 'ptu_package'
[0.542s] Level 1:colcon.colcon_core.package_identification:_identify(radar_msg) by extensions ['ignore', 'ignore_ament_install']
[0.542s] Level 1:colcon.colcon_core.package_identification:_identify(radar_msg) by extension 'ignore'
[0.542s] Level 1:colcon.colcon_core.package_identification:_identify(radar_msg) by extension 'ignore_ament_install'
[0.542s] Level 1:colcon.colcon_core.package_identification:_identify(radar_msg) by extensions ['colcon_pkg']
[0.542s] Level 1:colcon.colcon_core.package_identification:_identify(radar_msg) by extension 'colcon_pkg'
[0.542s] Level 1:colcon.colcon_core.package_identification:_identify(radar_msg) by extensions ['colcon_meta']
[0.542s] Level 1:colcon.colcon_core.package_identification:_identify(radar_msg) by extension 'colcon_meta'
[0.542s] Level 1:colcon.colcon_core.package_identification:_identify(radar_msg) by extensions ['ros']
[0.542s] Level 1:colcon.colcon_core.package_identification:_identify(radar_msg) by extension 'ros'
[0.543s] DEBUG:colcon.colcon_core.package_identification:Package 'radar_msg' with type 'ros.ament_cmake' and name 'radar_msg'
[0.543s] Level 1:colcon.colcon_core.package_identification:_identify(radar_package) by extensions ['ignore', 'ignore_ament_install']
[0.543s] Level 1:colcon.colcon_core.package_identification:_identify(radar_package) by extension 'ignore'
[0.543s] Level 1:colcon.colcon_core.package_identification:_identify(radar_package) by extension 'ignore_ament_install'
[0.543s] Level 1:colcon.colcon_core.package_identification:_identify(radar_package) by extensions ['colcon_pkg']
[0.543s] Level 1:colcon.colcon_core.package_identification:_identify(radar_package) by extension 'colcon_pkg'
[0.543s] Level 1:colcon.colcon_core.package_identification:_identify(radar_package) by extensions ['colcon_meta']
[0.543s] Level 1:colcon.colcon_core.package_identification:_identify(radar_package) by extension 'colcon_meta'
[0.543s] Level 1:colcon.colcon_core.package_identification:_identify(radar_package) by extensions ['ros']
[0.543s] Level 1:colcon.colcon_core.package_identification:_identify(radar_package) by extension 'ros'
[0.543s] DEBUG:colcon.colcon_core.package_identification:Package 'radar_package' with type 'ros.ament_python' and name 'radar_package'
[0.543s] Level 1:colcon.colcon_core.package_identification:_identify(review_case) by extensions ['ignore', 'ignore_ament_install']
[0.543s] Level 1:colcon.colcon_core.package_identification:_identify(review_case) by extension 'ignore'
[0.543s] Level 1:colcon.colcon_core.package_identification:_identify(review_case) by extension 'ignore_ament_install'
[0.544s] Level 1:colcon.colcon_core.package_identification:_identify(review_case) by extensions ['colcon_pkg']
[0.544s] Level 1:colcon.colcon_core.package_identification:_identify(review_case) by extension 'colcon_pkg'
[0.544s] Level 1:colcon.colcon_core.package_identification:_identify(review_case) by extensions ['colcon_meta']
[0.544s] Level 1:colcon.colcon_core.package_identification:_identify(review_case) by extension 'colcon_meta'
[0.544s] Level 1:colcon.colcon_core.package_identification:_identify(review_case) by extensions ['ros']
[0.544s] Level 1:colcon.colcon_core.package_identification:_identify(review_case) by extension 'ros'
[0.544s] Level 1:colcon.colcon_core.package_identification:_identify(review_case) by extensions ['cmake', 'python']
[0.544s] Level 1:colcon.colcon_core.package_identification:_identify(review_case) by extension 'cmake'
[0.544s] Level 1:colcon.colcon_core.package_identification:_identify(review_case) by extension 'python'
[0.544s] Level 1:colcon.colcon_core.package_identification:_identify(review_case) by extensions ['python_setup_py']
[0.544s] Level 1:colcon.colcon_core.package_identification:_identify(review_case) by extension 'python_setup_py'
[0.544s] Level 1:colcon.colcon_core.package_identification:_identify(robot_description) by extensions ['ignore', 'ignore_ament_install']
[0.544s] Level 1:colcon.colcon_core.package_identification:_identify(robot_description) by extension 'ignore'
[0.544s] Level 1:colcon.colcon_core.package_identification:_identify(robot_description) by extension 'ignore_ament_install'
[0.544s] Level 1:colcon.colcon_core.package_identification:_identify(robot_description) by extensions ['colcon_pkg']
[0.544s] Level 1:colcon.colcon_core.package_identification:_identify(robot_description) by extension 'colcon_pkg'
[0.544s] Level 1:colcon.colcon_core.package_identification:_identify(robot_description) by extensions ['colcon_meta']
[0.544s] Level 1:colcon.colcon_core.package_identification:_identify(robot_description) by extension 'colcon_meta'
[0.544s] Level 1:colcon.colcon_core.package_identification:_identify(robot_description) by extensions ['ros']
[0.544s] Level 1:colcon.colcon_core.package_identification:_identify(robot_description) by extension 'ros'
[0.544s] DEBUG:colcon.colcon_core.package_identification:Package 'robot_description' with type 'ros.ament_cmake' and name 'robot_description'
[0.545s] Level 1:colcon.colcon_core.package_identification:_identify(state_machine) by extensions ['ignore', 'ignore_ament_install']
[0.545s] Level 1:colcon.colcon_core.package_identification:_identify(state_machine) by extension 'ignore'
[0.545s] Level 1:colcon.colcon_core.package_identification:_identify(state_machine) by extension 'ignore_ament_install'
[0.545s] Level 1:colcon.colcon_core.package_identification:_identify(state_machine) by extensions ['colcon_pkg']
[0.545s] Level 1:colcon.colcon_core.package_identification:_identify(state_machine) by extension 'colcon_pkg'
[0.545s] Level 1:colcon.colcon_core.package_identification:_identify(state_machine) by extensions ['colcon_meta']
[0.545s] Level 1:colcon.colcon_core.package_identification:_identify(state_machine) by extension 'colcon_meta'
[0.545s] Level 1:colcon.colcon_core.package_identification:_identify(state_machine) by extensions ['ros']
[0.545s] Level 1:colcon.colcon_core.package_identification:_identify(state_machine) by extension 'ros'
[0.545s] DEBUG:colcon.colcon_core.package_identification:Package 'state_machine' with type 'ros.ament_python' and name 'state_machine'
[0.545s] Level 1:colcon.colcon_core.package_discovery:discover_packages(recursive) using defaults
[0.545s] Level 1:colcon.colcon_core.package_discovery:discover_packages(ignore) discover
[0.545s] Level 1:colcon.colcon_core.package_discovery:discover_packages(ignore) using defaults
[0.545s] Level 1:colcon.colcon_core.package_discovery:discover_packages(path) discover
[0.545s] Level 1:colcon.colcon_core.package_discovery:discover_packages(path) using defaults
[0.578s] Level 1:colcon.colcon_core.package_discovery:discover_packages(prefix_path) check parameters
[0.578s] Level 1:colcon.colcon_core.package_discovery:discover_packages(prefix_path) discover
[0.588s] DEBUG:colcon.colcon_installed_package_information.package_discovery:Found 6 installed packages in /home/dammr/Desktop/magister_ws/UC_SmartFarmRadar/install
[0.594s] DEBUG:colcon.colcon_installed_package_information.package_discovery:Found 346 installed packages in /home/dammr/ros2_humble/install
[0.596s] DEBUG:colcon.colcon_installed_package_information.package_discovery:Found 128 installed packages in /opt/ros/humble
[0.600s] Level 1:colcon.colcon_core.package_discovery:discover_packages(prefix_path) using defaults
[0.631s] Level 5:colcon.colcon_core.verb:set package 'ptu_driver' build argument 'cmake_args' from command line to 'None'
[0.631s] Level 5:colcon.colcon_core.verb:set package 'ptu_driver' build argument 'cmake_target' from command line to 'None'
[0.631s] Level 5:colcon.colcon_core.verb:set package 'ptu_driver' build argument 'cmake_target_skip_unavailable' from command line to 'False'
[0.631s] Level 5:colcon.colcon_core.verb:set package 'ptu_driver' build argument 'cmake_clean_cache' from command line to 'False'
[0.631s] Level 5:colcon.colcon_core.verb:set package 'ptu_driver' build argument 'cmake_clean_first' from command line to 'False'
[0.631s] Level 5:colcon.colcon_core.verb:set package 'ptu_driver' build argument 'cmake_force_configure' from command line to 'False'
[0.631s] Level 5:colcon.colcon_core.verb:set package 'ptu_driver' build argument 'ament_cmake_args' from command line to 'None'
[0.631s] Level 5:colcon.colcon_core.verb:set package 'ptu_driver' build argument 'catkin_cmake_args' from command line to 'None'
[0.631s] Level 5:colcon.colcon_core.verb:set package 'ptu_driver' build argument 'catkin_skip_building_tests' from command line to 'False'
[0.631s] DEBUG:colcon.colcon_core.verb:Building package 'ptu_driver' with the following arguments: {'ament_cmake_args': None, 'build_base': '/home/dammr/Desktop/magister_ws/UC_SmartFarmRadar/build/ptu_driver', 'catkin_cmake_args': None, 'catkin_skip_building_tests': False, 'cmake_args': None, 'cmake_clean_cache': False, 'cmake_clean_first': False, 'cmake_force_configure': False, 'cmake_target': None, 'cmake_target_skip_unavailable': False, 'install_base': '/home/dammr/Desktop/magister_ws/UC_SmartFarmRadar/install/ptu_driver', 'merge_install': False, 'path': '/home/dammr/Desktop/magister_ws/UC_SmartFarmRadar/ptu_driver', 'symlink_install': False, 'test_result_base': None}
[0.631s] Level 5:colcon.colcon_core.verb:set package 'radar_msg' build argument 'cmake_args' from command line to 'None'
[0.631s] Level 5:colcon.colcon_core.verb:set package 'radar_msg' build argument 'cmake_target' from command line to 'None'
[0.631s] Level 5:colcon.colcon_core.verb:set package 'radar_msg' build argument 'cmake_target_skip_unavailable' from command line to 'False'
[0.631s] Level 5:colcon.colcon_core.verb:set package 'radar_msg' build argument 'cmake_clean_cache' from command line to 'False'
[0.631s] Level 5:colcon.colcon_core.verb:set package 'radar_msg' build argument 'cmake_clean_first' from command line to 'False'
[0.631s] Level 5:colcon.colcon_core.verb:set package 'radar_msg' build argument 'cmake_force_configure' from command line to 'False'
[0.631s] Level 5:colcon.colcon_core.verb:set package 'radar_msg' build argument 'ament_cmake_args' from command line to 'None'
[0.631s] Level 5:colcon.colcon_core.verb:set package 'radar_msg' build argument 'catkin_cmake_args' from command line to 'None'
[0.631s] Level 5:colcon.colcon_core.verb:set package 'radar_msg' build argument 'catkin_skip_building_tests' from command line to 'False'
[0.631s] DEBUG:colcon.colcon_core.verb:Building package 'radar_msg' with the following arguments: {'ament_cmake_args': None, 'build_base': '/home/dammr/Desktop/magister_ws/UC_SmartFarmRadar/build/radar_msg', 'catkin_cmake_args': None, 'catkin_skip_building_tests': False, 'cmake_args': None, 'cmake_clean_cache': False, 'cmake_clean_first': False, 'cmake_force_configure': False, 'cmake_target': None, 'cmake_target_skip_unavailable': False, 'install_base': '/home/dammr/Desktop/magister_ws/UC_SmartFarmRadar/install/radar_msg', 'merge_install': False, 'path': '/home/dammr/Desktop/magister_ws/UC_SmartFarmRadar/radar_msg', 'symlink_install': False, 'test_result_base': None}
[0.632s] Level 5:colcon.colcon_core.verb:set package 'robot_description' build argument 'cmake_args' from command line to 'None'
[0.632s] Level 5:colcon.colcon_core.verb:set package 'robot_description' build argument 'cmake_target' from command line to 'None'
[0.632s] Level 5:colcon.colcon_core.verb:set package 'robot_description' build argument 'cmake_target_skip_unavailable' from command line to 'False'
[0.632s] Level 5:colcon.colcon_core.verb:set package 'robot_description' build argument 'cmake_clean_cache' from command line to 'False'
[0.632s] Level 5:colcon.colcon_core.verb:set package 'robot_description' build argument 'cmake_clean_first' from command line to 'False'
[0.632s] Level 5:colcon.colcon_core.verb:set package 'robot_description' build argument 'cmake_force_configure' from command line to 'False'
[0.632s] Level 5:colcon.colcon_core.verb:set package 'robot_description' build argument 'ament_cmake_args' from command line to 'None'
[0.632s] Level 5:colcon.colcon_core.verb:set package 'robot_description' build argument 'catkin_cmake_args' from command line to 'None'
[0.632s] Level 5:colcon.colcon_core.verb:set package 'robot_description' build argument 'catkin_skip_building_tests' from command line to 'False'
[0.632s] DEBUG:colcon.colcon_core.verb:Building package 'robot_description' with the following arguments: {'ament_cmake_args': None, 'build_base': '/home/dammr/Desktop/magister_ws/UC_SmartFarmRadar/build/robot_description', 'catkin_cmake_args': None, 'catkin_skip_building_tests': False, 'cmake_args': None, 'cmake_clean_cache': False, 'cmake_clean_first': False, 'cmake_force_configure': False, 'cmake_target': None, 'cmake_target_skip_unavailable': False, 'install_base': '/home/dammr/Desktop/magister_ws/UC_SmartFarmRadar/install/robot_description', 'merge_install': False, 'path': '/home/dammr/Desktop/magister_ws/UC_SmartFarmRadar/robot_description', 'symlink_install': False, 'test_result_base': None}
[0.632s] Level 5:colcon.colcon_core.verb:set package 'ptu_package' build argument 'cmake_args' from command line to 'None'
[0.632s] Level 5:colcon.colcon_core.verb:set package 'ptu_package' build argument 'cmake_target' from command line to 'None'
[0.632s] Level 5:colcon.colcon_core.verb:set package 'ptu_package' build argument 'cmake_target_skip_unavailable' from command line to 'False'
[0.632s] Level 5:colcon.colcon_core.verb:set package 'ptu_package' build argument 'cmake_clean_cache' from command line to 'False'
[0.632s] Level 5:colcon.colcon_core.verb:set package 'ptu_package' build argument 'cmake_clean_first' from command line to 'False'
[0.632s] Level 5:colcon.colcon_core.verb:set package 'ptu_package' build argument 'cmake_force_configure' from command line to 'False'
[0.632s] Level 5:colcon.colcon_core.verb:set package 'ptu_package' build argument 'ament_cmake_args' from command line to 'None'
[0.632s] Level 5:colcon.colcon_core.verb:set package 'ptu_package' build argument 'catkin_cmake_args' from command line to 'None'
[0.632s] Level 5:colcon.colcon_core.verb:set package 'ptu_package' build argument 'catkin_skip_building_tests' from command line to 'False'
[0.632s] DEBUG:colcon.colcon_core.verb:Building package 'ptu_package' with the following arguments: {'ament_cmake_args': None, 'build_base': '/home/dammr/Desktop/magister_ws/UC_SmartFarmRadar/build/ptu_package', 'catkin_cmake_args': None, 'catkin_skip_building_tests': False, 'cmake_args': None, 'cmake_clean_cache': False, 'cmake_clean_first': False, 'cmake_force_configure': False, 'cmake_target': None, 'cmake_target_skip_unavailable': False, 'install_base': '/home/dammr/Desktop/magister_ws/UC_SmartFarmRadar/install/ptu_package', 'merge_install': False, 'path': '/home/dammr/Desktop/magister_ws/UC_SmartFarmRadar/ptu_package', 'symlink_install': False, 'test_result_base': None}
[0.632s] Level 5:colcon.colcon_core.verb:set package 'radar_package' build argument 'cmake_args' from command line to 'None'
[0.632s] Level 5:colcon.colcon_core.verb:set package 'radar_package' build argument 'cmake_target' from command line to 'None'
[0.632s] Level 5:colcon.colcon_core.verb:set package 'radar_package' build argument 'cmake_target_skip_unavailable' from command line to 'False'
[0.632s] Level 5:colcon.colcon_core.verb:set package 'radar_package' build argument 'cmake_clean_cache' from command line to 'False'
[0.632s] Level 5:colcon.colcon_core.verb:set package 'radar_package' build argument 'cmake_clean_first' from command line to 'False'
[0.632s] Level 5:colcon.colcon_core.verb:set package 'radar_package' build argument 'cmake_force_configure' from command line to 'False'
[0.632s] Level 5:colcon.colcon_core.verb:set package 'radar_package' build argument 'ament_cmake_args' from command line to 'None'
[0.633s] Level 5:colcon.colcon_core.verb:set package 'radar_package' build argument 'catkin_cmake_args' from command line to 'None'
[0.633s] Level 5:colcon.colcon_core.verb:set package 'radar_package' build argument 'catkin_skip_building_tests' from command line to 'False'
[0.633s] DEBUG:colcon.colcon_core.verb:Building package 'radar_package' with the following arguments: {'ament_cmake_args': None, 'build_base': '/home/dammr/Desktop/magister_ws/UC_SmartFarmRadar/build/radar_package', 'catkin_cmake_args': None, 'catkin_skip_building_tests': False, 'cmake_args': None, 'cmake_clean_cache': False, 'cmake_clean_first': False, 'cmake_force_configure': False, 'cmake_target': None, 'cmake_target_skip_unavailable': False, 'install_base': '/home/dammr/Desktop/magister_ws/UC_SmartFarmRadar/install/radar_package', 'merge_install': False, 'path': '/home/dammr/Desktop/magister_ws/UC_SmartFarmRadar/radar_package', 'symlink_install': False, 'test_result_base': None}
[0.633s] Level 5:colcon.colcon_core.verb:set package 'state_machine' build argument 'cmake_args' from command line to 'None'
[0.633s] Level 5:colcon.colcon_core.verb:set package 'state_machine' build argument 'cmake_target' from command line to 'None'
[0.633s] Level 5:colcon.colcon_core.verb:set package 'state_machine' build argument 'cmake_target_skip_unavailable' from command line to 'False'
[0.633s] Level 5:colcon.colcon_core.verb:set package 'state_machine' build argument 'cmake_clean_cache' from command line to 'False'
[0.633s] Level 5:colcon.colcon_core.verb:set package 'state_machine' build argument 'cmake_clean_first' from command line to 'False'
[0.633s] Level 5:colcon.colcon_core.verb:set package 'state_machine' build argument 'cmake_force_configure' from command line to 'False'
[0.633s] Level 5:colcon.colcon_core.verb:set package 'state_machine' build argument 'ament_cmake_args' from command line to 'None'
[0.633s] Level 5:colcon.colcon_core.verb:set package 'state_machine' build argument 'catkin_cmake_args' from command line to 'None'
[0.633s] Level 5:colcon.colcon_core.verb:set package 'state_machine' build argument 'catkin_skip_building_tests' from command line to 'False'
[0.633s] DEBUG:colcon.colcon_core.verb:Building package 'state_machine' with the following arguments: {'ament_cmake_args': None, 'build_base': '/home/dammr/Desktop/magister_ws/UC_SmartFarmRadar/build/state_machine', 'catkin_cmake_args': None, 'catkin_skip_building_tests': False, 'cmake_args': None, 'cmake_clean_cache': False, 'cmake_clean_first': False, 'cmake_force_configure': False, 'cmake_target': None, 'cmake_target_skip_unavailable': False, 'install_base': '/home/dammr/Desktop/magister_ws/UC_SmartFarmRadar/install/state_machine', 'merge_install': False, 'path': '/home/dammr/Desktop/magister_ws/UC_SmartFarmRadar/state_machine', 'symlink_install': False, 'test_result_base': None}
[0.633s] INFO:colcon.colcon_core.executor:Executing jobs using 'parallel' executor
[0.634s] DEBUG:colcon.colcon_parallel_executor.executor.parallel:run_until_complete
[0.634s] INFO:colcon.colcon_ros.task.ament_cmake.build:Building ROS package in '/home/dammr/Desktop/magister_ws/UC_SmartFarmRadar/radar_msg' with build type 'ament_cmake'
[0.635s] INFO:colcon.colcon_cmake.task.cmake.build:Building CMake package in '/home/dammr/Desktop/magister_ws/UC_SmartFarmRadar/radar_msg'
[0.639s] INFO:colcon.colcon_core.plugin_system:Skipping extension 'colcon_core.shell.bat': Not used on non-Windows systems
[0.639s] INFO:colcon.colcon_core.shell:Skip shell extension 'powershell' for command environment: Not usable outside of PowerShell
[0.639s] DEBUG:colcon.colcon_core.shell:Skip shell extension 'dsv' for command environment
[0.656s] INFO:colcon.colcon_ros.task.ament_cmake.build:Building ROS package in '/home/dammr/Desktop/magister_ws/UC_SmartFarmRadar/ptu_driver' with build type 'ament_cmake'
[0.656s] INFO:colcon.colcon_cmake.task.cmake.build:Building CMake package in '/home/dammr/Desktop/magister_ws/UC_SmartFarmRadar/ptu_driver'
[0.657s] INFO:colcon.colcon_core.shell:Skip shell extension 'powershell' for command environment: Not usable outside of PowerShell
[0.657s] DEBUG:colcon.colcon_core.shell:Skip shell extension 'dsv' for command environment
[0.674s] INFO:colcon.colcon_ros.task.ament_cmake.build:Building ROS package in '/home/dammr/Desktop/magister_ws/UC_SmartFarmRadar/robot_description' with build type 'ament_cmake'
[0.674s] INFO:colcon.colcon_cmake.task.cmake.build:Building CMake package in '/home/dammr/Desktop/magister_ws/UC_SmartFarmRadar/robot_description'
[0.674s] INFO:colcon.colcon_core.shell:Skip shell extension 'powershell' for command environment: Not usable outside of PowerShell
[0.674s] DEBUG:colcon.colcon_core.shell:Skip shell extension 'dsv' for command environment
[0.696s] DEBUG:colcon.colcon_core.event_handler.log_command:Invoking command in '/home/dammr/Desktop/magister_ws/UC_SmartFarmRadar/build/radar_msg': CMAKE_PREFIX_PATH=${CMAKE_PREFIX_PATH}:/home/dammr/Desktop/magister_ws/UC_SmartFarmRadar/install/state_machine:/home/dammr/Desktop/magister_ws/UC_SmartFarmRadar/install/radar_package:/home/dammr/Desktop/magister_ws/UC_SmartFarmRadar/install/ptu_package:/opt/ros/humble:/home/dammr/ros2_humble/install/rqt_bag_plugins:/home/dammr/ros2_humble/install/rqt_bag:/home/dammr/ros2_humble/install/launch_testing_examples:/home/dammr/ros2_humble/install/ros2bag:/home/dammr/ros2_humble/install/tracetools_test:/home/dammr/ros2_humble/install/tracetools_launch:/home/dammr/ros2_humble/install/topic_monitor:/home/dammr/ros2_humble/install/tf2_tools:/home/dammr/ros2_humble/install/examples_tf2_py:/home/dammr/ros2_humble/install/tf2_ros_py:/home/dammr/ros2_humble/install/sros2:/home/dammr/ros2_humble/install/rqt_topic:/home/dammr/ros2_humble/install/rqt_srv:/home/dammr/ros2_humble/install/rqt_shell:/home/dammr/ros2_humble/install/rqt_service_caller:/home/dammr/ros2_humble/install/rqt_reconfigure:/home/dammr/ros2_humble/install/rqt_py_console:/home/dammr/ros2_humble/install/rqt_publisher:/home/dammr/ros2_humble/install/rqt_plot:/home/dammr/ros2_humble/install/rqt_action:/home/dammr/ros2_humble/install/rqt_msg:/home/dammr/ros2_humble/install/rqt_console:/home/dammr/ros2_humble/install/rqt:/home/dammr/ros2_humble/install/rqt_graph:/home/dammr/ros2_humble/install/rqt_gui_py:/home/dammr/ros2_humble/install/rqt_gui:/home/dammr/ros2_humble/install/ros2trace:/home/dammr/ros2_humble/install/ros2topic:/home/dammr/ros2_humble/install/ros2test:/home/dammr/ros2_humble/install/ros2component:/home/dammr/ros2_humble/install/ros2param:/home/dammr/ros2_humble/install/ros2lifecycle:/home/dammr/ros2_humble/install/ros2service:/home/dammr/ros2_humble/install/ros2run:/home/dammr/ros2_humble/install/ros2launch:/home/dammr/ros2_humble/install/ros2pkg:/home/dammr/ros2_humble/install/ros2node:/home/dammr/ros2_humble/install/ros2multicast:/home/dammr/ros2_humble/install/ros2interface:/home/dammr/ros2_humble/install/ros2doctor:/home/dammr/ros2_humble/install/ros2action:/home/dammr/ros2_humble/install/ros2cli:/home/dammr/ros2_humble/install/quality_of_service_demo_py:/home/dammr/ros2_humble/install/lifecycle_py:/home/dammr/ros2_humble/install/launch_testing_ros:/home/dammr/ros2_humble/install/launch_ros:/home/dammr/ros2_humble/install/examples_rclpy_pointcloud_publisher:/home/dammr/ros2_humble/install/examples_rclpy_minimal_subscriber:/home/dammr/ros2_humble/install/examples_rclpy_minimal_service:/home/dammr/ros2_humble/install/examples_rclpy_minimal_publisher:/home/dammr/ros2_humble/install/examples_rclpy_minimal_client:/home/dammr/ros2_humble/install/examples_rclpy_minimal_action_server:/home/dammr/ros2_humble/install/examples_rclpy_minimal_action_client:/home/dammr/ros2_humble/install/examples_rclpy_guard_conditions:/home/dammr/ros2_humble/install/examples_rclpy_executors:/home/dammr/ros2_humble/install/demo_nodes_py:/home/dammr/ros2_humble/install/camera_info_manager_py:/home/dammr/ros2_humble/install/action_tutorials_py:/home/dammr/ros2_humble/install/ament_uncrustify:/home/dammr/ros2_humble/install/tracetools_trace:/home/dammr/ros2_humble/install/tracetools_read:/home/dammr/ros2_humble/install/test_tracetools_launch:/home/dammr/ros2_humble/install/test_launch_ros:/home/dammr/ros2_humble/install/sensor_msgs_py:/home/dammr/ros2_humble/install/rpyutils:/home/dammr/ros2_humble/install/rosidl_runtime_py:/home/dammr/ros2_humble/install/rosidl_cli:/home/dammr/ros2_humble/install/launch_pytest:/home/dammr/ros2_humble/install/launch_testing:/home/dammr/ros2_humble/install/launch_yaml:/home/dammr/ros2_humble/install/launch_xml:/home/dammr/ros2_humble/install/launch:/home/dammr/ros2_humble/install/osrf_pycommon:/home/dammr/ros2_humble/install/domain_coordinator:/home/dammr/ros2_humble/install/ament_xmllint:/home/dammr/ros2_humble/install/ament_pyflakes:/home/dammr/ros2_humble/install/ament_pycodestyle:/home/dammr/ros2_humble/install/ament_pep257:/home/dammr/ros2_humble/install/ament_pclint:/home/dammr/ros2_humble/install/ament_package:/home/dammr/ros2_humble/install/ament_mypy:/home/dammr/ros2_humble/install/ament_lint_cmake:/home/dammr/ros2_humble/install/ament_flake8:/home/dammr/ros2_humble/install/ament_copyright:/home/dammr/ros2_humble/install/ament_lint:/home/dammr/ros2_humble/install/ament_index_python:/home/dammr/ros2_humble/install/ament_cpplint:/home/dammr/ros2_humble/install/ament_cppcheck:/home/dammr/ros2_humble/install/ament_clang_tidy:/home/dammr/ros2_humble/install/ament_clang_format /usr/bin/cmake --build /home/dammr/Desktop/magister_ws/UC_SmartFarmRadar/build/radar_msg -- -j12 -l12
[0.705s] DEBUG:colcon.colcon_core.event_handler.log_command:Invoking command in '/home/dammr/Desktop/magister_ws/UC_SmartFarmRadar/build/ptu_driver': CMAKE_PREFIX_PATH=${CMAKE_PREFIX_PATH}:/home/dammr/Desktop/magister_ws/UC_SmartFarmRadar/install/state_machine:/home/dammr/Desktop/magister_ws/UC_SmartFarmRadar/install/radar_package:/home/dammr/Desktop/magister_ws/UC_SmartFarmRadar/install/ptu_package:/opt/ros/humble:/home/dammr/ros2_humble/install/rqt_bag_plugins:/home/dammr/ros2_humble/install/rqt_bag:/home/dammr/ros2_humble/install/launch_testing_examples:/home/dammr/ros2_humble/install/ros2bag:/home/dammr/ros2_humble/install/tracetools_test:/home/dammr/ros2_humble/install/tracetools_launch:/home/dammr/ros2_humble/install/topic_monitor:/home/dammr/ros2_humble/install/tf2_tools:/home/dammr/ros2_humble/install/examples_tf2_py:/home/dammr/ros2_humble/install/tf2_ros_py:/home/dammr/ros2_humble/install/sros2:/home/dammr/ros2_humble/install/rqt_topic:/home/dammr/ros2_humble/install/rqt_srv:/home/dammr/ros2_humble/install/rqt_shell:/home/dammr/ros2_humble/install/rqt_service_caller:/home/dammr/ros2_humble/install/rqt_reconfigure:/home/dammr/ros2_humble/install/rqt_py_console:/home/dammr/ros2_humble/install/rqt_publisher:/home/dammr/ros2_humble/install/rqt_plot:/home/dammr/ros2_humble/install/rqt_action:/home/dammr/ros2_humble/install/rqt_msg:/home/dammr/ros2_humble/install/rqt_console:/home/dammr/ros2_humble/install/rqt:/home/dammr/ros2_humble/install/rqt_graph:/home/dammr/ros2_humble/install/rqt_gui_py:/home/dammr/ros2_humble/install/rqt_gui:/home/dammr/ros2_humble/install/ros2trace:/home/dammr/ros2_humble/install/ros2topic:/home/dammr/ros2_humble/install/ros2test:/home/dammr/ros2_humble/install/ros2component:/home/dammr/ros2_humble/install/ros2param:/home/dammr/ros2_humble/install/ros2lifecycle:/home/dammr/ros2_humble/install/ros2service:/home/dammr/ros2_humble/install/ros2run:/home/dammr/ros2_humble/install/ros2launch:/home/dammr/ros2_humble/install/ros2pkg:/home/dammr/ros2_humble/install/ros2node:/home/dammr/ros2_humble/install/ros2multicast:/home/dammr/ros2_humble/install/ros2interface:/home/dammr/ros2_humble/install/ros2doctor:/home/dammr/ros2_humble/install/ros2action:/home/dammr/ros2_humble/install/ros2cli:/home/dammr/ros2_humble/install/quality_of_service_demo_py:/home/dammr/ros2_humble/install/lifecycle_py:/home/dammr/ros2_humble/install/launch_testing_ros:/home/dammr/ros2_humble/install/launch_ros:/home/dammr/ros2_humble/install/examples_rclpy_pointcloud_publisher:/home/dammr/ros2_humble/install/examples_rclpy_minimal_subscriber:/home/dammr/ros2_humble/install/examples_rclpy_minimal_service:/home/dammr/ros2_humble/install/examples_rclpy_minimal_publisher:/home/dammr/ros2_humble/install/examples_rclpy_minimal_client:/home/dammr/ros2_humble/install/examples_rclpy_minimal_action_server:/home/dammr/ros2_humble/install/examples_rclpy_minimal_action_client:/home/dammr/ros2_humble/install/examples_rclpy_guard_conditions:/home/dammr/ros2_humble/install/examples_rclpy_executors:/home/dammr/ros2_humble/install/demo_nodes_py:/home/dammr/ros2_humble/install/camera_info_manager_py:/home/dammr/ros2_humble/install/action_tutorials_py:/home/dammr/ros2_humble/install/ament_uncrustify:/home/dammr/ros2_humble/install/tracetools_trace:/home/dammr/ros2_humble/install/tracetools_read:/home/dammr/ros2_humble/install/test_tracetools_launch:/home/dammr/ros2_humble/install/test_launch_ros:/home/dammr/ros2_humble/install/sensor_msgs_py:/home/dammr/ros2_humble/install/rpyutils:/home/dammr/ros2_humble/install/rosidl_runtime_py:/home/dammr/ros2_humble/install/rosidl_cli:/home/dammr/ros2_humble/install/launch_pytest:/home/dammr/ros2_humble/install/launch_testing:/home/dammr/ros2_humble/install/launch_yaml:/home/dammr/ros2_humble/install/launch_xml:/home/dammr/ros2_humble/install/launch:/home/dammr/ros2_humble/install/osrf_pycommon:/home/dammr/ros2_humble/install/domain_coordinator:/home/dammr/ros2_humble/install/ament_xmllint:/home/dammr/ros2_humble/install/ament_pyflakes:/home/dammr/ros2_humble/install/ament_pycodestyle:/home/dammr/ros2_humble/install/ament_pep257:/home/dammr/ros2_humble/install/ament_pclint:/home/dammr/ros2_humble/install/ament_package:/home/dammr/ros2_humble/install/ament_mypy:/home/dammr/ros2_humble/install/ament_lint_cmake:/home/dammr/ros2_humble/install/ament_flake8:/home/dammr/ros2_humble/install/ament_copyright:/home/dammr/ros2_humble/install/ament_lint:/home/dammr/ros2_humble/install/ament_index_python:/home/dammr/ros2_humble/install/ament_cpplint:/home/dammr/ros2_humble/install/ament_cppcheck:/home/dammr/ros2_humble/install/ament_clang_tidy:/home/dammr/ros2_humble/install/ament_clang_format /usr/bin/cmake --build /home/dammr/Desktop/magister_ws/UC_SmartFarmRadar/build/ptu_driver -- -j12 -l12
[0.709s] DEBUG:colcon.colcon_core.event_handler.log_command:Invoking command in '/home/dammr/Desktop/magister_ws/UC_SmartFarmRadar/build/robot_description': CMAKE_PREFIX_PATH=${CMAKE_PREFIX_PATH}:/home/dammr/Desktop/magister_ws/UC_SmartFarmRadar/install/state_machine:/home/dammr/Desktop/magister_ws/UC_SmartFarmRadar/install/radar_package:/home/dammr/Desktop/magister_ws/UC_SmartFarmRadar/install/ptu_package:/opt/ros/humble:/home/dammr/ros2_humble/install/rqt_bag_plugins:/home/dammr/ros2_humble/install/rqt_bag:/home/dammr/ros2_humble/install/launch_testing_examples:/home/dammr/ros2_humble/install/ros2bag:/home/dammr/ros2_humble/install/tracetools_test:/home/dammr/ros2_humble/install/tracetools_launch:/home/dammr/ros2_humble/install/topic_monitor:/home/dammr/ros2_humble/install/tf2_tools:/home/dammr/ros2_humble/install/examples_tf2_py:/home/dammr/ros2_humble/install/tf2_ros_py:/home/dammr/ros2_humble/install/sros2:/home/dammr/ros2_humble/install/rqt_topic:/home/dammr/ros2_humble/install/rqt_srv:/home/dammr/ros2_humble/install/rqt_shell:/home/dammr/ros2_humble/install/rqt_service_caller:/home/dammr/ros2_humble/install/rqt_reconfigure:/home/dammr/ros2_humble/install/rqt_py_console:/home/dammr/ros2_humble/install/rqt_publisher:/home/dammr/ros2_humble/install/rqt_plot:/home/dammr/ros2_humble/install/rqt_action:/home/dammr/ros2_humble/install/rqt_msg:/home/dammr/ros2_humble/install/rqt_console:/home/dammr/ros2_humble/install/rqt:/home/dammr/ros2_humble/install/rqt_graph:/home/dammr/ros2_humble/install/rqt_gui_py:/home/dammr/ros2_humble/install/rqt_gui:/home/dammr/ros2_humble/install/ros2trace:/home/dammr/ros2_humble/install/ros2topic:/home/dammr/ros2_humble/install/ros2test:/home/dammr/ros2_humble/install/ros2component:/home/dammr/ros2_humble/install/ros2param:/home/dammr/ros2_humble/install/ros2lifecycle:/home/dammr/ros2_humble/install/ros2service:/home/dammr/ros2_humble/install/ros2run:/home/dammr/ros2_humble/install/ros2launch:/home/dammr/ros2_humble/install/ros2pkg:/home/dammr/ros2_humble/install/ros2node:/home/dammr/ros2_humble/install/ros2multicast:/home/dammr/ros2_humble/install/ros2interface:/home/dammr/ros2_humble/install/ros2doctor:/home/dammr/ros2_humble/install/ros2action:/home/dammr/ros2_humble/install/ros2cli:/home/dammr/ros2_humble/install/quality_of_service_demo_py:/home/dammr/ros2_humble/install/lifecycle_py:/home/dammr/ros2_humble/install/launch_testing_ros:/home/dammr/ros2_humble/install/launch_ros:/home/dammr/ros2_humble/install/examples_rclpy_pointcloud_publisher:/home/dammr/ros2_humble/install/examples_rclpy_minimal_subscriber:/home/dammr/ros2_humble/install/examples_rclpy_minimal_service:/home/dammr/ros2_humble/install/examples_rclpy_minimal_publisher:/home/dammr/ros2_humble/install/examples_rclpy_minimal_client:/home/dammr/ros2_humble/install/examples_rclpy_minimal_action_server:/home/dammr/ros2_humble/install/examples_rclpy_minimal_action_client:/home/dammr/ros2_humble/install/examples_rclpy_guard_conditions:/home/dammr/ros2_humble/install/examples_rclpy_executors:/home/dammr/ros2_humble/install/demo_nodes_py:/home/dammr/ros2_humble/install/camera_info_manager_py:/home/dammr/ros2_humble/install/action_tutorials_py:/home/dammr/ros2_humble/install/ament_uncrustify:/home/dammr/ros2_humble/install/tracetools_trace:/home/dammr/ros2_humble/install/tracetools_read:/home/dammr/ros2_humble/install/test_tracetools_launch:/home/dammr/ros2_humble/install/test_launch_ros:/home/dammr/ros2_humble/install/sensor_msgs_py:/home/dammr/ros2_humble/install/rpyutils:/home/dammr/ros2_humble/install/rosidl_runtime_py:/home/dammr/ros2_humble/install/rosidl_cli:/home/dammr/ros2_humble/install/launch_pytest:/home/dammr/ros2_humble/install/launch_testing:/home/dammr/ros2_humble/install/launch_yaml:/home/dammr/ros2_humble/install/launch_xml:/home/dammr/ros2_humble/install/launch:/home/dammr/ros2_humble/install/osrf_pycommon:/home/dammr/ros2_humble/install/domain_coordinator:/home/dammr/ros2_humble/install/ament_xmllint:/home/dammr/ros2_humble/install/ament_pyflakes:/home/dammr/ros2_humble/install/ament_pycodestyle:/home/dammr/ros2_humble/install/ament_pep257:/home/dammr/ros2_humble/install/ament_pclint:/home/dammr/ros2_humble/install/ament_package:/home/dammr/ros2_humble/install/ament_mypy:/home/dammr/ros2_humble/install/ament_lint_cmake:/home/dammr/ros2_humble/install/ament_flake8:/home/dammr/ros2_humble/install/ament_copyright:/home/dammr/ros2_humble/install/ament_lint:/home/dammr/ros2_humble/install/ament_index_python:/home/dammr/ros2_humble/install/ament_cpplint:/home/dammr/ros2_humble/install/ament_cppcheck:/home/dammr/ros2_humble/install/ament_clang_tidy:/home/dammr/ros2_humble/install/ament_clang_format /usr/bin/cmake --build /home/dammr/Desktop/magister_ws/UC_SmartFarmRadar/build/robot_description -- -j12 -l12
[0.789s] DEBUG:colcon.colcon_core.event_handler.log_command:Invoked command in '/home/dammr/Desktop/magister_ws/UC_SmartFarmRadar/build/robot_description' returned '0': CMAKE_PREFIX_PATH=${CMAKE_PREFIX_PATH}:/home/dammr/Desktop/magister_ws/UC_SmartFarmRadar/install/state_machine:/home/dammr/Desktop/magister_ws/UC_SmartFarmRadar/install/radar_package:/home/dammr/Desktop/magister_ws/UC_SmartFarmRadar/install/ptu_package:/opt/ros/humble:/home/dammr/ros2_humble/install/rqt_bag_plugins:/home/dammr/ros2_humble/install/rqt_bag:/home/dammr/ros2_humble/install/launch_testing_examples:/home/dammr/ros2_humble/install/ros2bag:/home/dammr/ros2_humble/install/tracetools_test:/home/dammr/ros2_humble/install/tracetools_launch:/home/dammr/ros2_humble/install/topic_monitor:/home/dammr/ros2_humble/install/tf2_tools:/home/dammr/ros2_humble/install/examples_tf2_py:/home/dammr/ros2_humble/install/tf2_ros_py:/home/dammr/ros2_humble/install/sros2:/home/dammr/ros2_humble/install/rqt_topic:/home/dammr/ros2_humble/install/rqt_srv:/home/dammr/ros2_humble/install/rqt_shell:/home/dammr/ros2_humble/install/rqt_service_caller:/home/dammr/ros2_humble/install/rqt_reconfigure:/home/dammr/ros2_humble/install/rqt_py_console:/home/dammr/ros2_humble/install/rqt_publisher:/home/dammr/ros2_humble/install/rqt_plot:/home/dammr/ros2_humble/install/rqt_action:/home/dammr/ros2_humble/install/rqt_msg:/home/dammr/ros2_humble/install/rqt_console:/home/dammr/ros2_humble/install/rqt:/home/dammr/ros2_humble/install/rqt_graph:/home/dammr/ros2_humble/install/rqt_gui_py:/home/dammr/ros2_humble/install/rqt_gui:/home/dammr/ros2_humble/install/ros2trace:/home/dammr/ros2_humble/install/ros2topic:/home/dammr/ros2_humble/install/ros2test:/home/dammr/ros2_humble/install/ros2component:/home/dammr/ros2_humble/install/ros2param:/home/dammr/ros2_humble/install/ros2lifecycle:/home/dammr/ros2_humble/install/ros2service:/home/dammr/ros2_humble/install/ros2run:/home/dammr/ros2_humble/install/ros2launch:/home/dammr/ros2_humble/install/ros2pkg:/home/dammr/ros2_humble/install/ros2node:/home/dammr/ros2_humble/install/ros2multicast:/home/dammr/ros2_humble/install/ros2interface:/home/dammr/ros2_humble/install/ros2doctor:/home/dammr/ros2_humble/install/ros2action:/home/dammr/ros2_humble/install/ros2cli:/home/dammr/ros2_humble/install/quality_of_service_demo_py:/home/dammr/ros2_humble/install/lifecycle_py:/home/dammr/ros2_humble/install/launch_testing_ros:/home/dammr/ros2_humble/install/launch_ros:/home/dammr/ros2_humble/install/examples_rclpy_pointcloud_publisher:/home/dammr/ros2_humble/install/examples_rclpy_minimal_subscriber:/home/dammr/ros2_humble/install/examples_rclpy_minimal_service:/home/dammr/ros2_humble/install/examples_rclpy_minimal_publisher:/home/dammr/ros2_humble/install/examples_rclpy_minimal_client:/home/dammr/ros2_humble/install/examples_rclpy_minimal_action_server:/home/dammr/ros2_humble/install/examples_rclpy_minimal_action_client:/home/dammr/ros2_humble/install/examples_rclpy_guard_conditions:/home/dammr/ros2_humble/install/examples_rclpy_executors:/home/dammr/ros2_humble/install/demo_nodes_py:/home/dammr/ros2_humble/install/camera_info_manager_py:/home/dammr/ros2_humble/install/action_tutorials_py:/home/dammr/ros2_humble/install/ament_uncrustify:/home/dammr/ros2_humble/install/tracetools_trace:/home/dammr/ros2_humble/install/tracetools_read:/home/dammr/ros2_humble/install/test_tracetools_launch:/home/dammr/ros2_humble/install/test_launch_ros:/home/dammr/ros2_humble/install/sensor_msgs_py:/home/dammr/ros2_humble/install/rpyutils:/home/dammr/ros2_humble/install/rosidl_runtime_py:/home/dammr/ros2_humble/install/rosidl_cli:/home/dammr/ros2_humble/install/launch_pytest:/home/dammr/ros2_humble/install/launch_testing:/home/dammr/ros2_humble/install/launch_yaml:/home/dammr/ros2_humble/install/launch_xml:/home/dammr/ros2_humble/install/launch:/home/dammr/ros2_humble/install/osrf_pycommon:/home/dammr/ros2_humble/install/domain_coordinator:/home/dammr/ros2_humble/install/ament_xmllint:/home/dammr/ros2_humble/install/ament_pyflakes:/home/dammr/ros2_humble/install/ament_pycodestyle:/home/dammr/ros2_humble/install/ament_pep257:/home/dammr/ros2_humble/install/ament_pclint:/home/dammr/ros2_humble/install/ament_package:/home/dammr/ros2_humble/install/ament_mypy:/home/dammr/ros2_humble/install/ament_lint_cmake:/home/dammr/ros2_humble/install/ament_flake8:/home/dammr/ros2_humble/install/ament_copyright:/home/dammr/ros2_humble/install/ament_lint:/home/dammr/ros2_humble/install/ament_index_python:/home/dammr/ros2_humble/install/ament_cpplint:/home/dammr/ros2_humble/install/ament_cppcheck:/home/dammr/ros2_humble/install/ament_clang_tidy:/home/dammr/ros2_humble/install/ament_clang_format /usr/bin/cmake --build /home/dammr/Desktop/magister_ws/UC_SmartFarmRadar/build/robot_description -- -j12 -l12
[0.808s] DEBUG:colcon.colcon_core.event_handler.log_command:Invoking command in '/home/dammr/Desktop/magister_ws/UC_SmartFarmRadar/build/robot_description': CMAKE_PREFIX_PATH=${CMAKE_PREFIX_PATH}:/home/dammr/Desktop/magister_ws/UC_SmartFarmRadar/install/state_machine:/home/dammr/Desktop/magister_ws/UC_SmartFarmRadar/install/radar_package:/home/dammr/Desktop/magister_ws/UC_SmartFarmRadar/install/ptu_package:/opt/ros/humble:/home/dammr/ros2_humble/install/rqt_bag_plugins:/home/dammr/ros2_humble/install/rqt_bag:/home/dammr/ros2_humble/install/launch_testing_examples:/home/dammr/ros2_humble/install/ros2bag:/home/dammr/ros2_humble/install/tracetools_test:/home/dammr/ros2_humble/install/tracetools_launch:/home/dammr/ros2_humble/install/topic_monitor:/home/dammr/ros2_humble/install/tf2_tools:/home/dammr/ros2_humble/install/examples_tf2_py:/home/dammr/ros2_humble/install/tf2_ros_py:/home/dammr/ros2_humble/install/sros2:/home/dammr/ros2_humble/install/rqt_topic:/home/dammr/ros2_humble/install/rqt_srv:/home/dammr/ros2_humble/install/rqt_shell:/home/dammr/ros2_humble/install/rqt_service_caller:/home/dammr/ros2_humble/install/rqt_reconfigure:/home/dammr/ros2_humble/install/rqt_py_console:/home/dammr/ros2_humble/install/rqt_publisher:/home/dammr/ros2_humble/install/rqt_plot:/home/dammr/ros2_humble/install/rqt_action:/home/dammr/ros2_humble/install/rqt_msg:/home/dammr/ros2_humble/install/rqt_console:/home/dammr/ros2_humble/install/rqt:/home/dammr/ros2_humble/install/rqt_graph:/home/dammr/ros2_humble/install/rqt_gui_py:/home/dammr/ros2_humble/install/rqt_gui:/home/dammr/ros2_humble/install/ros2trace:/home/dammr/ros2_humble/install/ros2topic:/home/dammr/ros2_humble/install/ros2test:/home/dammr/ros2_humble/install/ros2component:/home/dammr/ros2_humble/install/ros2param:/home/dammr/ros2_humble/install/ros2lifecycle:/home/dammr/ros2_humble/install/ros2service:/home/dammr/ros2_humble/install/ros2run:/home/dammr/ros2_humble/install/ros2launch:/home/dammr/ros2_humble/install/ros2pkg:/home/dammr/ros2_humble/install/ros2node:/home/dammr/ros2_humble/install/ros2multicast:/home/dammr/ros2_humble/install/ros2interface:/home/dammr/ros2_humble/install/ros2doctor:/home/dammr/ros2_humble/install/ros2action:/home/dammr/ros2_humble/install/ros2cli:/home/dammr/ros2_humble/install/quality_of_service_demo_py:/home/dammr/ros2_humble/install/lifecycle_py:/home/dammr/ros2_humble/install/launch_testing_ros:/home/dammr/ros2_humble/install/launch_ros:/home/dammr/ros2_humble/install/examples_rclpy_pointcloud_publisher:/home/dammr/ros2_humble/install/examples_rclpy_minimal_subscriber:/home/dammr/ros2_humble/install/examples_rclpy_minimal_service:/home/dammr/ros2_humble/install/examples_rclpy_minimal_publisher:/home/dammr/ros2_humble/install/examples_rclpy_minimal_client:/home/dammr/ros2_humble/install/examples_rclpy_minimal_action_server:/home/dammr/ros2_humble/install/examples_rclpy_minimal_action_client:/home/dammr/ros2_humble/install/examples_rclpy_guard_conditions:/home/dammr/ros2_humble/install/examples_rclpy_executors:/home/dammr/ros2_humble/install/demo_nodes_py:/home/dammr/ros2_humble/install/camera_info_manager_py:/home/dammr/ros2_humble/install/action_tutorials_py:/home/dammr/ros2_humble/install/ament_uncrustify:/home/dammr/ros2_humble/install/tracetools_trace:/home/dammr/ros2_humble/install/tracetools_read:/home/dammr/ros2_humble/install/test_tracetools_launch:/home/dammr/ros2_humble/install/test_launch_ros:/home/dammr/ros2_humble/install/sensor_msgs_py:/home/dammr/ros2_humble/install/rpyutils:/home/dammr/ros2_humble/install/rosidl_runtime_py:/home/dammr/ros2_humble/install/rosidl_cli:/home/dammr/ros2_humble/install/launch_pytest:/home/dammr/ros2_humble/install/launch_testing:/home/dammr/ros2_humble/install/launch_yaml:/home/dammr/ros2_humble/install/launch_xml:/home/dammr/ros2_humble/install/launch:/home/dammr/ros2_humble/install/osrf_pycommon:/home/dammr/ros2_humble/install/domain_coordinator:/home/dammr/ros2_humble/install/ament_xmllint:/home/dammr/ros2_humble/install/ament_pyflakes:/home/dammr/ros2_humble/install/ament_pycodestyle:/home/dammr/ros2_humble/install/ament_pep257:/home/dammr/ros2_humble/install/ament_pclint:/home/dammr/ros2_humble/install/ament_package:/home/dammr/ros2_humble/install/ament_mypy:/home/dammr/ros2_humble/install/ament_lint_cmake:/home/dammr/ros2_humble/install/ament_flake8:/home/dammr/ros2_humble/install/ament_copyright:/home/dammr/ros2_humble/install/ament_lint:/home/dammr/ros2_humble/install/ament_index_python:/home/dammr/ros2_humble/install/ament_cpplint:/home/dammr/ros2_humble/install/ament_cppcheck:/home/dammr/ros2_humble/install/ament_clang_tidy:/home/dammr/ros2_humble/install/ament_clang_format /usr/bin/cmake --install /home/dammr/Desktop/magister_ws/UC_SmartFarmRadar/build/robot_description
[0.828s] Level 1:colcon.colcon_core.environment:create_environment_scripts_only(robot_description)
[0.828s] DEBUG:colcon.colcon_core.event_handler.log_command:Invoked command in '/home/dammr/Desktop/magister_ws/UC_SmartFarmRadar/build/robot_description' returned '0': CMAKE_PREFIX_PATH=${CMAKE_PREFIX_PATH}:/home/dammr/Desktop/magister_ws/UC_SmartFarmRadar/install/state_machine:/home/dammr/Desktop/magister_ws/UC_SmartFarmRadar/install/radar_package:/home/dammr/Desktop/magister_ws/UC_SmartFarmRadar/install/ptu_package:/opt/ros/humble:/home/dammr/ros2_humble/install/rqt_bag_plugins:/home/dammr/ros2_humble/install/rqt_bag:/home/dammr/ros2_humble/install/launch_testing_examples:/home/dammr/ros2_humble/install/ros2bag:/home/dammr/ros2_humble/install/tracetools_test:/home/dammr/ros2_humble/install/tracetools_launch:/home/dammr/ros2_humble/install/topic_monitor:/home/dammr/ros2_humble/install/tf2_tools:/home/dammr/ros2_humble/install/examples_tf2_py:/home/dammr/ros2_humble/install/tf2_ros_py:/home/dammr/ros2_humble/install/sros2:/home/dammr/ros2_humble/install/rqt_topic:/home/dammr/ros2_humble/install/rqt_srv:/home/dammr/ros2_humble/install/rqt_shell:/home/dammr/ros2_humble/install/rqt_service_caller:/home/dammr/ros2_humble/install/rqt_reconfigure:/home/dammr/ros2_humble/install/rqt_py_console:/home/dammr/ros2_humble/install/rqt_publisher:/home/dammr/ros2_humble/install/rqt_plot:/home/dammr/ros2_humble/install/rqt_action:/home/dammr/ros2_humble/install/rqt_msg:/home/dammr/ros2_humble/install/rqt_console:/home/dammr/ros2_humble/install/rqt:/home/dammr/ros2_humble/install/rqt_graph:/home/dammr/ros2_humble/install/rqt_gui_py:/home/dammr/ros2_humble/install/rqt_gui:/home/dammr/ros2_humble/install/ros2trace:/home/dammr/ros2_humble/install/ros2topic:/home/dammr/ros2_humble/install/ros2test:/home/dammr/ros2_humble/install/ros2component:/home/dammr/ros2_humble/install/ros2param:/home/dammr/ros2_humble/install/ros2lifecycle:/home/dammr/ros2_humble/install/ros2service:/home/dammr/ros2_humble/install/ros2run:/home/dammr/ros2_humble/install/ros2launch:/home/dammr/ros2_humble/install/ros2pkg:/home/dammr/ros2_humble/install/ros2node:/home/dammr/ros2_humble/install/ros2multicast:/home/dammr/ros2_humble/install/ros2interface:/home/dammr/ros2_humble/install/ros2doctor:/home/dammr/ros2_humble/install/ros2action:/home/dammr/ros2_humble/install/ros2cli:/home/dammr/ros2_humble/install/quality_of_service_demo_py:/home/dammr/ros2_humble/install/lifecycle_py:/home/dammr/ros2_humble/install/launch_testing_ros:/home/dammr/ros2_humble/install/launch_ros:/home/dammr/ros2_humble/install/examples_rclpy_pointcloud_publisher:/home/dammr/ros2_humble/install/examples_rclpy_minimal_subscriber:/home/dammr/ros2_humble/install/examples_rclpy_minimal_service:/home/dammr/ros2_humble/install/examples_rclpy_minimal_publisher:/home/dammr/ros2_humble/install/examples_rclpy_minimal_client:/home/dammr/ros2_humble/install/examples_rclpy_minimal_action_server:/home/dammr/ros2_humble/install/examples_rclpy_minimal_action_client:/home/dammr/ros2_humble/install/examples_rclpy_guard_conditions:/home/dammr/ros2_humble/install/examples_rclpy_executors:/home/dammr/ros2_humble/install/demo_nodes_py:/home/dammr/ros2_humble/install/camera_info_manager_py:/home/dammr/ros2_humble/install/action_tutorials_py:/home/dammr/ros2_humble/install/ament_uncrustify:/home/dammr/ros2_humble/install/tracetools_trace:/home/dammr/ros2_humble/install/tracetools_read:/home/dammr/ros2_humble/install/test_tracetools_launch:/home/dammr/ros2_humble/install/test_launch_ros:/home/dammr/ros2_humble/install/sensor_msgs_py:/home/dammr/ros2_humble/install/rpyutils:/home/dammr/ros2_humble/install/rosidl_runtime_py:/home/dammr/ros2_humble/install/rosidl_cli:/home/dammr/ros2_humble/install/launch_pytest:/home/dammr/ros2_humble/install/launch_testing:/home/dammr/ros2_humble/install/launch_yaml:/home/dammr/ros2_humble/install/launch_xml:/home/dammr/ros2_humble/install/launch:/home/dammr/ros2_humble/install/osrf_pycommon:/home/dammr/ros2_humble/install/domain_coordinator:/home/dammr/ros2_humble/install/ament_xmllint:/home/dammr/ros2_humble/install/ament_pyflakes:/home/dammr/ros2_humble/install/ament_pycodestyle:/home/dammr/ros2_humble/install/ament_pep257:/home/dammr/ros2_humble/install/ament_pclint:/home/dammr/ros2_humble/install/ament_package:/home/dammr/ros2_humble/install/ament_mypy:/home/dammr/ros2_humble/install/ament_lint_cmake:/home/dammr/ros2_humble/install/ament_flake8:/home/dammr/ros2_humble/install/ament_copyright:/home/dammr/ros2_humble/install/ament_lint:/home/dammr/ros2_humble/install/ament_index_python:/home/dammr/ros2_humble/install/ament_cpplint:/home/dammr/ros2_humble/install/ament_cppcheck:/home/dammr/ros2_humble/install/ament_clang_tidy:/home/dammr/ros2_humble/install/ament_clang_format /usr/bin/cmake --install /home/dammr/Desktop/magister_ws/UC_SmartFarmRadar/build/robot_description
[0.835s] Level 1:colcon.colcon_core.environment:checking '/home/dammr/Desktop/magister_ws/UC_SmartFarmRadar/install/robot_description' for CMake module files
[0.835s] Level 1:colcon.colcon_core.environment:checking '/home/dammr/Desktop/magister_ws/UC_SmartFarmRadar/install/robot_description' for CMake config files
[0.835s] Level 1:colcon.colcon_core.shell:create_environment_hook('robot_description', 'cmake_prefix_path')
[0.836s] INFO:colcon.colcon_core.shell:Creating environment hook '/home/dammr/Desktop/magister_ws/UC_SmartFarmRadar/install/robot_description/share/robot_description/hook/cmake_prefix_path.ps1'
[0.836s] INFO:colcon.colcon_core.shell:Creating environment descriptor '/home/dammr/Desktop/magister_ws/UC_SmartFarmRadar/install/robot_description/share/robot_description/hook/cmake_prefix_path.dsv'
[0.837s] INFO:colcon.colcon_core.shell:Creating environment hook '/home/dammr/Desktop/magister_ws/UC_SmartFarmRadar/install/robot_description/share/robot_description/hook/cmake_prefix_path.sh'
[0.837s] Level 1:colcon.colcon_core.environment:checking '/home/dammr/Desktop/magister_ws/UC_SmartFarmRadar/install/robot_description/bin'
[0.838s] Level 1:colcon.colcon_core.environment:checking '/home/dammr/Desktop/magister_ws/UC_SmartFarmRadar/install/robot_description/lib/pkgconfig/robot_description.pc'
[0.838s] Level 1:colcon.colcon_core.environment:checking '/home/dammr/Desktop/magister_ws/UC_SmartFarmRadar/install/robot_description/lib/python3.10/site-packages'
[0.838s] Level 1:colcon.colcon_core.environment:checking '/home/dammr/Desktop/magister_ws/UC_SmartFarmRadar/install/robot_description/bin'
[0.838s] INFO:colcon.colcon_core.shell:Creating package script '/home/dammr/Desktop/magister_ws/UC_SmartFarmRadar/install/robot_description/share/robot_description/package.ps1'
[0.839s] INFO:colcon.colcon_core.shell:Creating package descriptor '/home/dammr/Desktop/magister_ws/UC_SmartFarmRadar/install/robot_description/share/robot_description/package.dsv'
[0.839s] INFO:colcon.colcon_core.shell:Creating package script '/home/dammr/Desktop/magister_ws/UC_SmartFarmRadar/install/robot_description/share/robot_description/package.sh'
[0.840s] INFO:colcon.colcon_core.shell:Creating package script '/home/dammr/Desktop/magister_ws/UC_SmartFarmRadar/install/robot_description/share/robot_description/package.bash'
[0.841s] INFO:colcon.colcon_core.shell:Creating package script '/home/dammr/Desktop/magister_ws/UC_SmartFarmRadar/install/robot_description/share/robot_description/package.zsh'
[0.842s] Level 1:colcon.colcon_core.environment:create_file_with_runtime_dependencies(/home/dammr/Desktop/magister_ws/UC_SmartFarmRadar/install/robot_description/share/colcon-core/packages/robot_description)
[0.842s] Level 1:colcon.colcon_core.environment:create_environment_scripts_only(robot_description)
[0.842s] Level 1:colcon.colcon_core.environment:checking '/home/dammr/Desktop/magister_ws/UC_SmartFarmRadar/install/robot_description' for CMake module files
[0.843s] Level 1:colcon.colcon_core.environment:checking '/home/dammr/Desktop/magister_ws/UC_SmartFarmRadar/install/robot_description' for CMake config files
[0.843s] Level 1:colcon.colcon_core.shell:create_environment_hook('robot_description', 'cmake_prefix_path')
[0.843s] INFO:colcon.colcon_core.shell:Creating environment hook '/home/dammr/Desktop/magister_ws/UC_SmartFarmRadar/install/robot_description/share/robot_description/hook/cmake_prefix_path.ps1'
[0.844s] INFO:colcon.colcon_core.shell:Creating environment descriptor '/home/dammr/Desktop/magister_ws/UC_SmartFarmRadar/install/robot_description/share/robot_description/hook/cmake_prefix_path.dsv'
[0.845s] INFO:colcon.colcon_core.shell:Creating environment hook '/home/dammr/Desktop/magister_ws/UC_SmartFarmRadar/install/robot_description/share/robot_description/hook/cmake_prefix_path.sh'
[0.845s] Level 1:colcon.colcon_core.environment:checking '/home/dammr/Desktop/magister_ws/UC_SmartFarmRadar/install/robot_description/bin'
[0.845s] Level 1:colcon.colcon_core.environment:checking '/home/dammr/Desktop/magister_ws/UC_SmartFarmRadar/install/robot_description/lib/pkgconfig/robot_description.pc'
[0.846s] Level 1:colcon.colcon_core.environment:checking '/home/dammr/Desktop/magister_ws/UC_SmartFarmRadar/install/robot_description/lib/python3.10/site-packages'
[0.846s] Level 1:colcon.colcon_core.environment:checking '/home/dammr/Desktop/magister_ws/UC_SmartFarmRadar/install/robot_description/bin'
[0.846s] INFO:colcon.colcon_core.shell:Creating package script '/home/dammr/Desktop/magister_ws/UC_SmartFarmRadar/install/robot_description/share/robot_description/package.ps1'
[0.847s] INFO:colcon.colcon_core.shell:Creating package descriptor '/home/dammr/Desktop/magister_ws/UC_SmartFarmRadar/install/robot_description/share/robot_description/package.dsv'
[0.847s] INFO:colcon.colcon_core.shell:Creating package script '/home/dammr/Desktop/magister_ws/UC_SmartFarmRadar/install/robot_description/share/robot_description/package.sh'
[0.847s] INFO:colcon.colcon_core.shell:Creating package script '/home/dammr/Desktop/magister_ws/UC_SmartFarmRadar/install/robot_description/share/robot_description/package.bash'
[0.848s] INFO:colcon.colcon_core.shell:Creating package script '/home/dammr/Desktop/magister_ws/UC_SmartFarmRadar/install/robot_description/share/robot_description/package.zsh'
[0.848s] Level 1:colcon.colcon_core.environment:create_file_with_runtime_dependencies(/home/dammr/Desktop/magister_ws/UC_SmartFarmRadar/install/robot_description/share/colcon-core/packages/robot_description)
[0.850s] DEBUG:colcon.colcon_core.event_handler.log_command:Invoked command in '/home/dammr/Desktop/magister_ws/UC_SmartFarmRadar/build/ptu_driver' returned '0': CMAKE_PREFIX_PATH=${CMAKE_PREFIX_PATH}:/home/dammr/Desktop/magister_ws/UC_SmartFarmRadar/install/state_machine:/home/dammr/Desktop/magister_ws/UC_SmartFarmRadar/install/radar_package:/home/dammr/Desktop/magister_ws/UC_SmartFarmRadar/install/ptu_package:/opt/ros/humble:/home/dammr/ros2_humble/install/rqt_bag_plugins:/home/dammr/ros2_humble/install/rqt_bag:/home/dammr/ros2_humble/install/launch_testing_examples:/home/dammr/ros2_humble/install/ros2bag:/home/dammr/ros2_humble/install/tracetools_test:/home/dammr/ros2_humble/install/tracetools_launch:/home/dammr/ros2_humble/install/topic_monitor:/home/dammr/ros2_humble/install/tf2_tools:/home/dammr/ros2_humble/install/examples_tf2_py:/home/dammr/ros2_humble/install/tf2_ros_py:/home/dammr/ros2_humble/install/sros2:/home/dammr/ros2_humble/install/rqt_topic:/home/dammr/ros2_humble/install/rqt_srv:/home/dammr/ros2_humble/install/rqt_shell:/home/dammr/ros2_humble/install/rqt_service_caller:/home/dammr/ros2_humble/install/rqt_reconfigure:/home/dammr/ros2_humble/install/rqt_py_console:/home/dammr/ros2_humble/install/rqt_publisher:/home/dammr/ros2_humble/install/rqt_plot:/home/dammr/ros2_humble/install/rqt_action:/home/dammr/ros2_humble/install/rqt_msg:/home/dammr/ros2_humble/install/rqt_console:/home/dammr/ros2_humble/install/rqt:/home/dammr/ros2_humble/install/rqt_graph:/home/dammr/ros2_humble/install/rqt_gui_py:/home/dammr/ros2_humble/install/rqt_gui:/home/dammr/ros2_humble/install/ros2trace:/home/dammr/ros2_humble/install/ros2topic:/home/dammr/ros2_humble/install/ros2test:/home/dammr/ros2_humble/install/ros2component:/home/dammr/ros2_humble/install/ros2param:/home/dammr/ros2_humble/install/ros2lifecycle:/home/dammr/ros2_humble/install/ros2service:/home/dammr/ros2_humble/install/ros2run:/home/dammr/ros2_humble/install/ros2launch:/home/dammr/ros2_humble/install/ros2pkg:/home/dammr/ros2_humble/install/ros2node:/home/dammr/ros2_humble/install/ros2multicast:/home/dammr/ros2_humble/install/ros2interface:/home/dammr/ros2_humble/install/ros2doctor:/home/dammr/ros2_humble/install/ros2action:/home/dammr/ros2_humble/install/ros2cli:/home/dammr/ros2_humble/install/quality_of_service_demo_py:/home/dammr/ros2_humble/install/lifecycle_py:/home/dammr/ros2_humble/install/launch_testing_ros:/home/dammr/ros2_humble/install/launch_ros:/home/dammr/ros2_humble/install/examples_rclpy_pointcloud_publisher:/home/dammr/ros2_humble/install/examples_rclpy_minimal_subscriber:/home/dammr/ros2_humble/install/examples_rclpy_minimal_service:/home/dammr/ros2_humble/install/examples_rclpy_minimal_publisher:/home/dammr/ros2_humble/install/examples_rclpy_minimal_client:/home/dammr/ros2_humble/install/examples_rclpy_minimal_action_server:/home/dammr/ros2_humble/install/examples_rclpy_minimal_action_client:/home/dammr/ros2_humble/install/examples_rclpy_guard_conditions:/home/dammr/ros2_humble/install/examples_rclpy_executors:/home/dammr/ros2_humble/install/demo_nodes_py:/home/dammr/ros2_humble/install/camera_info_manager_py:/home/dammr/ros2_humble/install/action_tutorials_py:/home/dammr/ros2_humble/install/ament_uncrustify:/home/dammr/ros2_humble/install/tracetools_trace:/home/dammr/ros2_humble/install/tracetools_read:/home/dammr/ros2_humble/install/test_tracetools_launch:/home/dammr/ros2_humble/install/test_launch_ros:/home/dammr/ros2_humble/install/sensor_msgs_py:/home/dammr/ros2_humble/install/rpyutils:/home/dammr/ros2_humble/install/rosidl_runtime_py:/home/dammr/ros2_humble/install/rosidl_cli:/home/dammr/ros2_humble/install/launch_pytest:/home/dammr/ros2_humble/install/launch_testing:/home/dammr/ros2_humble/install/launch_yaml:/home/dammr/ros2_humble/install/launch_xml:/home/dammr/ros2_humble/install/launch:/home/dammr/ros2_humble/install/osrf_pycommon:/home/dammr/ros2_humble/install/domain_coordinator:/home/dammr/ros2_humble/install/ament_xmllint:/home/dammr/ros2_humble/install/ament_pyflakes:/home/dammr/ros2_humble/install/ament_pycodestyle:/home/dammr/ros2_humble/install/ament_pep257:/home/dammr/ros2_humble/install/ament_pclint:/home/dammr/ros2_humble/install/ament_package:/home/dammr/ros2_humble/install/ament_mypy:/home/dammr/ros2_humble/install/ament_lint_cmake:/home/dammr/ros2_humble/install/ament_flake8:/home/dammr/ros2_humble/install/ament_copyright:/home/dammr/ros2_humble/install/ament_lint:/home/dammr/ros2_humble/install/ament_index_python:/home/dammr/ros2_humble/install/ament_cpplint:/home/dammr/ros2_humble/install/ament_cppcheck:/home/dammr/ros2_humble/install/ament_clang_tidy:/home/dammr/ros2_humble/install/ament_clang_format /usr/bin/cmake --build /home/dammr/Desktop/magister_ws/UC_SmartFarmRadar/build/ptu_driver -- -j12 -l12
[0.852s] DEBUG:colcon.colcon_core.event_handler.log_command:Invoking command in '/home/dammr/Desktop/magister_ws/UC_SmartFarmRadar/build/ptu_driver': CMAKE_PREFIX_PATH=${CMAKE_PREFIX_PATH}:/home/dammr/Desktop/magister_ws/UC_SmartFarmRadar/install/state_machine:/home/dammr/Desktop/magister_ws/UC_SmartFarmRadar/install/radar_package:/home/dammr/Desktop/magister_ws/UC_SmartFarmRadar/install/ptu_package:/opt/ros/humble:/home/dammr/ros2_humble/install/rqt_bag_plugins:/home/dammr/ros2_humble/install/rqt_bag:/home/dammr/ros2_humble/install/launch_testing_examples:/home/dammr/ros2_humble/install/ros2bag:/home/dammr/ros2_humble/install/tracetools_test:/home/dammr/ros2_humble/install/tracetools_launch:/home/dammr/ros2_humble/install/topic_monitor:/home/dammr/ros2_humble/install/tf2_tools:/home/dammr/ros2_humble/install/examples_tf2_py:/home/dammr/ros2_humble/install/tf2_ros_py:/home/dammr/ros2_humble/install/sros2:/home/dammr/ros2_humble/install/rqt_topic:/home/dammr/ros2_humble/install/rqt_srv:/home/dammr/ros2_humble/install/rqt_shell:/home/dammr/ros2_humble/install/rqt_service_caller:/home/dammr/ros2_humble/install/rqt_reconfigure:/home/dammr/ros2_humble/install/rqt_py_console:/home/dammr/ros2_humble/install/rqt_publisher:/home/dammr/ros2_humble/install/rqt_plot:/home/dammr/ros2_humble/install/rqt_action:/home/dammr/ros2_humble/install/rqt_msg:/home/dammr/ros2_humble/install/rqt_console:/home/dammr/ros2_humble/install/rqt:/home/dammr/ros2_humble/install/rqt_graph:/home/dammr/ros2_humble/install/rqt_gui_py:/home/dammr/ros2_humble/install/rqt_gui:/home/dammr/ros2_humble/install/ros2trace:/home/dammr/ros2_humble/install/ros2topic:/home/dammr/ros2_humble/install/ros2test:/home/dammr/ros2_humble/install/ros2component:/home/dammr/ros2_humble/install/ros2param:/home/dammr/ros2_humble/install/ros2lifecycle:/home/dammr/ros2_humble/install/ros2service:/home/dammr/ros2_humble/install/ros2run:/home/dammr/ros2_humble/install/ros2launch:/home/dammr/ros2_humble/install/ros2pkg:/home/dammr/ros2_humble/install/ros2node:/home/dammr/ros2_humble/install/ros2multicast:/home/dammr/ros2_humble/install/ros2interface:/home/dammr/ros2_humble/install/ros2doctor:/home/dammr/ros2_humble/install/ros2action:/home/dammr/ros2_humble/install/ros2cli:/home/dammr/ros2_humble/install/quality_of_service_demo_py:/home/dammr/ros2_humble/install/lifecycle_py:/home/dammr/ros2_humble/install/launch_testing_ros:/home/dammr/ros2_humble/install/launch_ros:/home/dammr/ros2_humble/install/examples_rclpy_pointcloud_publisher:/home/dammr/ros2_humble/install/examples_rclpy_minimal_subscriber:/home/dammr/ros2_humble/install/examples_rclpy_minimal_service:/home/dammr/ros2_humble/install/examples_rclpy_minimal_publisher:/home/dammr/ros2_humble/install/examples_rclpy_minimal_client:/home/dammr/ros2_humble/install/examples_rclpy_minimal_action_server:/home/dammr/ros2_humble/install/examples_rclpy_minimal_action_client:/home/dammr/ros2_humble/install/examples_rclpy_guard_conditions:/home/dammr/ros2_humble/install/examples_rclpy_executors:/home/dammr/ros2_humble/install/demo_nodes_py:/home/dammr/ros2_humble/install/camera_info_manager_py:/home/dammr/ros2_humble/install/action_tutorials_py:/home/dammr/ros2_humble/install/ament_uncrustify:/home/dammr/ros2_humble/install/tracetools_trace:/home/dammr/ros2_humble/install/tracetools_read:/home/dammr/ros2_humble/install/test_tracetools_launch:/home/dammr/ros2_humble/install/test_launch_ros:/home/dammr/ros2_humble/install/sensor_msgs_py:/home/dammr/ros2_humble/install/rpyutils:/home/dammr/ros2_humble/install/rosidl_runtime_py:/home/dammr/ros2_humble/install/rosidl_cli:/home/dammr/ros2_humble/install/launch_pytest:/home/dammr/ros2_humble/install/launch_testing:/home/dammr/ros2_humble/install/launch_yaml:/home/dammr/ros2_humble/install/launch_xml:/home/dammr/ros2_humble/install/launch:/home/dammr/ros2_humble/install/osrf_pycommon:/home/dammr/ros2_humble/install/domain_coordinator:/home/dammr/ros2_humble/install/ament_xmllint:/home/dammr/ros2_humble/install/ament_pyflakes:/home/dammr/ros2_humble/install/ament_pycodestyle:/home/dammr/ros2_humble/install/ament_pep257:/home/dammr/ros2_humble/install/ament_pclint:/home/dammr/ros2_humble/install/ament_package:/home/dammr/ros2_humble/install/ament_mypy:/home/dammr/ros2_humble/install/ament_lint_cmake:/home/dammr/ros2_humble/install/ament_flake8:/home/dammr/ros2_humble/install/ament_copyright:/home/dammr/ros2_humble/install/ament_lint:/home/dammr/ros2_humble/install/ament_index_python:/home/dammr/ros2_humble/install/ament_cpplint:/home/dammr/ros2_humble/install/ament_cppcheck:/home/dammr/ros2_humble/install/ament_clang_tidy:/home/dammr/ros2_humble/install/ament_clang_format /usr/bin/cmake --install /home/dammr/Desktop/magister_ws/UC_SmartFarmRadar/build/ptu_driver
[0.875s] Level 1:colcon.colcon_core.environment:create_environment_scripts_only(ptu_driver)
[0.875s] Level 1:colcon.colcon_core.environment:checking '/home/dammr/Desktop/magister_ws/UC_SmartFarmRadar/install/ptu_driver' for CMake module files
[0.875s] DEBUG:colcon.colcon_core.event_handler.log_command:Invoked command in '/home/dammr/Desktop/magister_ws/UC_SmartFarmRadar/build/ptu_driver' returned '0': CMAKE_PREFIX_PATH=${CMAKE_PREFIX_PATH}:/home/dammr/Desktop/magister_ws/UC_SmartFarmRadar/install/state_machine:/home/dammr/Desktop/magister_ws/UC_SmartFarmRadar/install/radar_package:/home/dammr/Desktop/magister_ws/UC_SmartFarmRadar/install/ptu_package:/opt/ros/humble:/home/dammr/ros2_humble/install/rqt_bag_plugins:/home/dammr/ros2_humble/install/rqt_bag:/home/dammr/ros2_humble/install/launch_testing_examples:/home/dammr/ros2_humble/install/ros2bag:/home/dammr/ros2_humble/install/tracetools_test:/home/dammr/ros2_humble/install/tracetools_launch:/home/dammr/ros2_humble/install/topic_monitor:/home/dammr/ros2_humble/install/tf2_tools:/home/dammr/ros2_humble/install/examples_tf2_py:/home/dammr/ros2_humble/install/tf2_ros_py:/home/dammr/ros2_humble/install/sros2:/home/dammr/ros2_humble/install/rqt_topic:/home/dammr/ros2_humble/install/rqt_srv:/home/dammr/ros2_humble/install/rqt_shell:/home/dammr/ros2_humble/install/rqt_service_caller:/home/dammr/ros2_humble/install/rqt_reconfigure:/home/dammr/ros2_humble/install/rqt_py_console:/home/dammr/ros2_humble/install/rqt_publisher:/home/dammr/ros2_humble/install/rqt_plot:/home/dammr/ros2_humble/install/rqt_action:/home/dammr/ros2_humble/install/rqt_msg:/home/dammr/ros2_humble/install/rqt_console:/home/dammr/ros2_humble/install/rqt:/home/dammr/ros2_humble/install/rqt_graph:/home/dammr/ros2_humble/install/rqt_gui_py:/home/dammr/ros2_humble/install/rqt_gui:/home/dammr/ros2_humble/install/ros2trace:/home/dammr/ros2_humble/install/ros2topic:/home/dammr/ros2_humble/install/ros2test:/home/dammr/ros2_humble/install/ros2component:/home/dammr/ros2_humble/install/ros2param:/home/dammr/ros2_humble/install/ros2lifecycle:/home/dammr/ros2_humble/install/ros2service:/home/dammr/ros2_humble/install/ros2run:/home/dammr/ros2_humble/install/ros2launch:/home/dammr/ros2_humble/install/ros2pkg:/home/dammr/ros2_humble/install/ros2node:/home/dammr/ros2_humble/install/ros2multicast:/home/dammr/ros2_humble/install/ros2interface:/home/dammr/ros2_humble/install/ros2doctor:/home/dammr/ros2_humble/install/ros2action:/home/dammr/ros2_humble/install/ros2cli:/home/dammr/ros2_humble/install/quality_of_service_demo_py:/home/dammr/ros2_humble/install/lifecycle_py:/home/dammr/ros2_humble/install/launch_testing_ros:/home/dammr/ros2_humble/install/launch_ros:/home/dammr/ros2_humble/install/examples_rclpy_pointcloud_publisher:/home/dammr/ros2_humble/install/examples_rclpy_minimal_subscriber:/home/dammr/ros2_humble/install/examples_rclpy_minimal_service:/home/dammr/ros2_humble/install/examples_rclpy_minimal_publisher:/home/dammr/ros2_humble/install/examples_rclpy_minimal_client:/home/dammr/ros2_humble/install/examples_rclpy_minimal_action_server:/home/dammr/ros2_humble/install/examples_rclpy_minimal_action_client:/home/dammr/ros2_humble/install/examples_rclpy_guard_conditions:/home/dammr/ros2_humble/install/examples_rclpy_executors:/home/dammr/ros2_humble/install/demo_nodes_py:/home/dammr/ros2_humble/install/camera_info_manager_py:/home/dammr/ros2_humble/install/action_tutorials_py:/home/dammr/ros2_humble/install/ament_uncrustify:/home/dammr/ros2_humble/install/tracetools_trace:/home/dammr/ros2_humble/install/tracetools_read:/home/dammr/ros2_humble/install/test_tracetools_launch:/home/dammr/ros2_humble/install/test_launch_ros:/home/dammr/ros2_humble/install/sensor_msgs_py:/home/dammr/ros2_humble/install/rpyutils:/home/dammr/ros2_humble/install/rosidl_runtime_py:/home/dammr/ros2_humble/install/rosidl_cli:/home/dammr/ros2_humble/install/launch_pytest:/home/dammr/ros2_humble/install/launch_testing:/home/dammr/ros2_humble/install/launch_yaml:/home/dammr/ros2_humble/install/launch_xml:/home/dammr/ros2_humble/install/launch:/home/dammr/ros2_humble/install/osrf_pycommon:/home/dammr/ros2_humble/install/domain_coordinator:/home/dammr/ros2_humble/install/ament_xmllint:/home/dammr/ros2_humble/install/ament_pyflakes:/home/dammr/ros2_humble/install/ament_pycodestyle:/home/dammr/ros2_humble/install/ament_pep257:/home/dammr/ros2_humble/install/ament_pclint:/home/dammr/ros2_humble/install/ament_package:/home/dammr/ros2_humble/install/ament_mypy:/home/dammr/ros2_humble/install/ament_lint_cmake:/home/dammr/ros2_humble/install/ament_flake8:/home/dammr/ros2_humble/install/ament_copyright:/home/dammr/ros2_humble/install/ament_lint:/home/dammr/ros2_humble/install/ament_index_python:/home/dammr/ros2_humble/install/ament_cpplint:/home/dammr/ros2_humble/install/ament_cppcheck:/home/dammr/ros2_humble/install/ament_clang_tidy:/home/dammr/ros2_humble/install/ament_clang_format /usr/bin/cmake --install /home/dammr/Desktop/magister_ws/UC_SmartFarmRadar/build/ptu_driver
[0.876s] Level 1:colcon.colcon_core.environment:checking '/home/dammr/Desktop/magister_ws/UC_SmartFarmRadar/install/ptu_driver' for CMake config files
[0.876s] Level 1:colcon.colcon_core.shell:create_environment_hook('ptu_driver', 'cmake_prefix_path')
[0.876s] INFO:colcon.colcon_core.shell:Creating environment hook '/home/dammr/Desktop/magister_ws/UC_SmartFarmRadar/install/ptu_driver/share/ptu_driver/hook/cmake_prefix_path.ps1'
[0.876s] INFO:colcon.colcon_core.shell:Creating environment descriptor '/home/dammr/Desktop/magister_ws/UC_SmartFarmRadar/install/ptu_driver/share/ptu_driver/hook/cmake_prefix_path.dsv'
[0.877s] INFO:colcon.colcon_core.shell:Creating environment hook '/home/dammr/Desktop/magister_ws/UC_SmartFarmRadar/install/ptu_driver/share/ptu_driver/hook/cmake_prefix_path.sh'
[0.877s] Level 1:colcon.colcon_core.environment:checking '/home/dammr/Desktop/magister_ws/UC_SmartFarmRadar/install/ptu_driver/lib'
[0.877s] Level 1:colcon.colcon_core.environment:checking '/home/dammr/Desktop/magister_ws/UC_SmartFarmRadar/install/ptu_driver/bin'
[0.877s] Level 1:colcon.colcon_core.environment:checking '/home/dammr/Desktop/magister_ws/UC_SmartFarmRadar/install/ptu_driver/lib/pkgconfig/ptu_driver.pc'
[0.878s] Level 1:colcon.colcon_core.environment:checking '/home/dammr/Desktop/magister_ws/UC_SmartFarmRadar/install/ptu_driver/lib/python3.10/site-packages'
[0.878s] Level 1:colcon.colcon_core.environment:checking '/home/dammr/Desktop/magister_ws/UC_SmartFarmRadar/install/ptu_driver/bin'
[0.878s] INFO:colcon.colcon_core.shell:Creating package script '/home/dammr/Desktop/magister_ws/UC_SmartFarmRadar/install/ptu_driver/share/ptu_driver/package.ps1'
[0.878s] INFO:colcon.colcon_core.shell:Creating package descriptor '/home/dammr/Desktop/magister_ws/UC_SmartFarmRadar/install/ptu_driver/share/ptu_driver/package.dsv'
[0.879s] INFO:colcon.colcon_core.shell:Creating package script '/home/dammr/Desktop/magister_ws/UC_SmartFarmRadar/install/ptu_driver/share/ptu_driver/package.sh'
[0.879s] INFO:colcon.colcon_core.shell:Creating package script '/home/dammr/Desktop/magister_ws/UC_SmartFarmRadar/install/ptu_driver/share/ptu_driver/package.bash'
[0.880s] INFO:colcon.colcon_core.shell:Creating package script '/home/dammr/Desktop/magister_ws/UC_SmartFarmRadar/install/ptu_driver/share/ptu_driver/package.zsh'
[0.880s] Level 1:colcon.colcon_core.environment:create_file_with_runtime_dependencies(/home/dammr/Desktop/magister_ws/UC_SmartFarmRadar/install/ptu_driver/share/colcon-core/packages/ptu_driver)
[0.881s] Level 1:colcon.colcon_core.environment:create_environment_scripts_only(ptu_driver)
[0.881s] Level 1:colcon.colcon_core.environment:checking '/home/dammr/Desktop/magister_ws/UC_SmartFarmRadar/install/ptu_driver' for CMake module files
[0.881s] Level 1:colcon.colcon_core.environment:checking '/home/dammr/Desktop/magister_ws/UC_SmartFarmRadar/install/ptu_driver' for CMake config files
[0.882s] Level 1:colcon.colcon_core.shell:create_environment_hook('ptu_driver', 'cmake_prefix_path')
[0.882s] INFO:colcon.colcon_core.shell:Creating environment hook '/home/dammr/Desktop/magister_ws/UC_SmartFarmRadar/install/ptu_driver/share/ptu_driver/hook/cmake_prefix_path.ps1'
[0.882s] INFO:colcon.colcon_core.shell:Creating environment descriptor '/home/dammr/Desktop/magister_ws/UC_SmartFarmRadar/install/ptu_driver/share/ptu_driver/hook/cmake_prefix_path.dsv'
[0.882s] INFO:colcon.colcon_core.shell:Creating environment hook '/home/dammr/Desktop/magister_ws/UC_SmartFarmRadar/install/ptu_driver/share/ptu_driver/hook/cmake_prefix_path.sh'
[0.883s] Level 1:colcon.colcon_core.environment:checking '/home/dammr/Desktop/magister_ws/UC_SmartFarmRadar/install/ptu_driver/lib'
[0.883s] Level 1:colcon.colcon_core.environment:checking '/home/dammr/Desktop/magister_ws/UC_SmartFarmRadar/install/ptu_driver/bin'
[0.883s] Level 1:colcon.colcon_core.environment:checking '/home/dammr/Desktop/magister_ws/UC_SmartFarmRadar/install/ptu_driver/lib/pkgconfig/ptu_driver.pc'
[0.883s] Level 1:colcon.colcon_core.environment:checking '/home/dammr/Desktop/magister_ws/UC_SmartFarmRadar/install/ptu_driver/lib/python3.10/site-packages'
[0.883s] Level 1:colcon.colcon_core.environment:checking '/home/dammr/Desktop/magister_ws/UC_SmartFarmRadar/install/ptu_driver/bin'
[0.884s] INFO:colcon.colcon_core.shell:Creating package script '/home/dammr/Desktop/magister_ws/UC_SmartFarmRadar/install/ptu_driver/share/ptu_driver/package.ps1'
[0.884s] INFO:colcon.colcon_core.shell:Creating package descriptor '/home/dammr/Desktop/magister_ws/UC_SmartFarmRadar/install/ptu_driver/share/ptu_driver/package.dsv'
[0.885s] INFO:colcon.colcon_core.shell:Creating package script '/home/dammr/Desktop/magister_ws/UC_SmartFarmRadar/install/ptu_driver/share/ptu_driver/package.sh'
[0.885s] INFO:colcon.colcon_core.shell:Creating package script '/home/dammr/Desktop/magister_ws/UC_SmartFarmRadar/install/ptu_driver/share/ptu_driver/package.bash'
[0.886s] INFO:colcon.colcon_core.shell:Creating package script '/home/dammr/Desktop/magister_ws/UC_SmartFarmRadar/install/ptu_driver/share/ptu_driver/package.zsh'
[0.886s] Level 1:colcon.colcon_core.environment:create_file_with_runtime_dependencies(/home/dammr/Desktop/magister_ws/UC_SmartFarmRadar/install/ptu_driver/share/colcon-core/packages/ptu_driver)
[1.299s] DEBUG:colcon.colcon_core.event_handler.log_command:Invoked command in '/home/dammr/Desktop/magister_ws/UC_SmartFarmRadar/build/radar_msg' returned '0': CMAKE_PREFIX_PATH=${CMAKE_PREFIX_PATH}:/home/dammr/Desktop/magister_ws/UC_SmartFarmRadar/install/state_machine:/home/dammr/Desktop/magister_ws/UC_SmartFarmRadar/install/radar_package:/home/dammr/Desktop/magister_ws/UC_SmartFarmRadar/install/ptu_package:/opt/ros/humble:/home/dammr/ros2_humble/install/rqt_bag_plugins:/home/dammr/ros2_humble/install/rqt_bag:/home/dammr/ros2_humble/install/launch_testing_examples:/home/dammr/ros2_humble/install/ros2bag:/home/dammr/ros2_humble/install/tracetools_test:/home/dammr/ros2_humble/install/tracetools_launch:/home/dammr/ros2_humble/install/topic_monitor:/home/dammr/ros2_humble/install/tf2_tools:/home/dammr/ros2_humble/install/examples_tf2_py:/home/dammr/ros2_humble/install/tf2_ros_py:/home/dammr/ros2_humble/install/sros2:/home/dammr/ros2_humble/install/rqt_topic:/home/dammr/ros2_humble/install/rqt_srv:/home/dammr/ros2_humble/install/rqt_shell:/home/dammr/ros2_humble/install/rqt_service_caller:/home/dammr/ros2_humble/install/rqt_reconfigure:/home/dammr/ros2_humble/install/rqt_py_console:/home/dammr/ros2_humble/install/rqt_publisher:/home/dammr/ros2_humble/install/rqt_plot:/home/dammr/ros2_humble/install/rqt_action:/home/dammr/ros2_humble/install/rqt_msg:/home/dammr/ros2_humble/install/rqt_console:/home/dammr/ros2_humble/install/rqt:/home/dammr/ros2_humble/install/rqt_graph:/home/dammr/ros2_humble/install/rqt_gui_py:/home/dammr/ros2_humble/install/rqt_gui:/home/dammr/ros2_humble/install/ros2trace:/home/dammr/ros2_humble/install/ros2topic:/home/dammr/ros2_humble/install/ros2test:/home/dammr/ros2_humble/install/ros2component:/home/dammr/ros2_humble/install/ros2param:/home/dammr/ros2_humble/install/ros2lifecycle:/home/dammr/ros2_humble/install/ros2service:/home/dammr/ros2_humble/install/ros2run:/home/dammr/ros2_humble/install/ros2launch:/home/dammr/ros2_humble/install/ros2pkg:/home/dammr/ros2_humble/install/ros2node:/home/dammr/ros2_humble/install/ros2multicast:/home/dammr/ros2_humble/install/ros2interface:/home/dammr/ros2_humble/install/ros2doctor:/home/dammr/ros2_humble/install/ros2action:/home/dammr/ros2_humble/install/ros2cli:/home/dammr/ros2_humble/install/quality_of_service_demo_py:/home/dammr/ros2_humble/install/lifecycle_py:/home/dammr/ros2_humble/install/launch_testing_ros:/home/dammr/ros2_humble/install/launch_ros:/home/dammr/ros2_humble/install/examples_rclpy_pointcloud_publisher:/home/dammr/ros2_humble/install/examples_rclpy_minimal_subscriber:/home/dammr/ros2_humble/install/examples_rclpy_minimal_service:/home/dammr/ros2_humble/install/examples_rclpy_minimal_publisher:/home/dammr/ros2_humble/install/examples_rclpy_minimal_client:/home/dammr/ros2_humble/install/examples_rclpy_minimal_action_server:/home/dammr/ros2_humble/install/examples_rclpy_minimal_action_client:/home/dammr/ros2_humble/install/examples_rclpy_guard_conditions:/home/dammr/ros2_humble/install/examples_rclpy_executors:/home/dammr/ros2_humble/install/demo_nodes_py:/home/dammr/ros2_humble/install/camera_info_manager_py:/home/dammr/ros2_humble/install/action_tutorials_py:/home/dammr/ros2_humble/install/ament_uncrustify:/home/dammr/ros2_humble/install/tracetools_trace:/home/dammr/ros2_humble/install/tracetools_read:/home/dammr/ros2_humble/install/test_tracetools_launch:/home/dammr/ros2_humble/install/test_launch_ros:/home/dammr/ros2_humble/install/sensor_msgs_py:/home/dammr/ros2_humble/install/rpyutils:/home/dammr/ros2_humble/install/rosidl_runtime_py:/home/dammr/ros2_humble/install/rosidl_cli:/home/dammr/ros2_humble/install/launch_pytest:/home/dammr/ros2_humble/install/launch_testing:/home/dammr/ros2_humble/install/launch_yaml:/home/dammr/ros2_humble/install/launch_xml:/home/dammr/ros2_humble/install/launch:/home/dammr/ros2_humble/install/osrf_pycommon:/home/dammr/ros2_humble/install/domain_coordinator:/home/dammr/ros2_humble/install/ament_xmllint:/home/dammr/ros2_humble/install/ament_pyflakes:/home/dammr/ros2_humble/install/ament_pycodestyle:/home/dammr/ros2_humble/install/ament_pep257:/home/dammr/ros2_humble/install/ament_pclint:/home/dammr/ros2_humble/install/ament_package:/home/dammr/ros2_humble/install/ament_mypy:/home/dammr/ros2_humble/install/ament_lint_cmake:/home/dammr/ros2_humble/install/ament_flake8:/home/dammr/ros2_humble/install/ament_copyright:/home/dammr/ros2_humble/install/ament_lint:/home/dammr/ros2_humble/install/ament_index_python:/home/dammr/ros2_humble/install/ament_cpplint:/home/dammr/ros2_humble/install/ament_cppcheck:/home/dammr/ros2_humble/install/ament_clang_tidy:/home/dammr/ros2_humble/install/ament_clang_format /usr/bin/cmake --build /home/dammr/Desktop/magister_ws/UC_SmartFarmRadar/build/radar_msg -- -j12 -l12
[1.301s] DEBUG:colcon.colcon_core.event_handler.log_command:Invoking command in '/home/dammr/Desktop/magister_ws/UC_SmartFarmRadar/build/radar_msg': CMAKE_PREFIX_PATH=${CMAKE_PREFIX_PATH}:/home/dammr/Desktop/magister_ws/UC_SmartFarmRadar/install/state_machine:/home/dammr/Desktop/magister_ws/UC_SmartFarmRadar/install/radar_package:/home/dammr/Desktop/magister_ws/UC_SmartFarmRadar/install/ptu_package:/opt/ros/humble:/home/dammr/ros2_humble/install/rqt_bag_plugins:/home/dammr/ros2_humble/install/rqt_bag:/home/dammr/ros2_humble/install/launch_testing_examples:/home/dammr/ros2_humble/install/ros2bag:/home/dammr/ros2_humble/install/tracetools_test:/home/dammr/ros2_humble/install/tracetools_launch:/home/dammr/ros2_humble/install/topic_monitor:/home/dammr/ros2_humble/install/tf2_tools:/home/dammr/ros2_humble/install/examples_tf2_py:/home/dammr/ros2_humble/install/tf2_ros_py:/home/dammr/ros2_humble/install/sros2:/home/dammr/ros2_humble/install/rqt_topic:/home/dammr/ros2_humble/install/rqt_srv:/home/dammr/ros2_humble/install/rqt_shell:/home/dammr/ros2_humble/install/rqt_service_caller:/home/dammr/ros2_humble/install/rqt_reconfigure:/home/dammr/ros2_humble/install/rqt_py_console:/home/dammr/ros2_humble/install/rqt_publisher:/home/dammr/ros2_humble/install/rqt_plot:/home/dammr/ros2_humble/install/rqt_action:/home/dammr/ros2_humble/install/rqt_msg:/home/dammr/ros2_humble/install/rqt_console:/home/dammr/ros2_humble/install/rqt:/home/dammr/ros2_humble/install/rqt_graph:/home/dammr/ros2_humble/install/rqt_gui_py:/home/dammr/ros2_humble/install/rqt_gui:/home/dammr/ros2_humble/install/ros2trace:/home/dammr/ros2_humble/install/ros2topic:/home/dammr/ros2_humble/install/ros2test:/home/dammr/ros2_humble/install/ros2component:/home/dammr/ros2_humble/install/ros2param:/home/dammr/ros2_humble/install/ros2lifecycle:/home/dammr/ros2_humble/install/ros2service:/home/dammr/ros2_humble/install/ros2run:/home/dammr/ros2_humble/install/ros2launch:/home/dammr/ros2_humble/install/ros2pkg:/home/dammr/ros2_humble/install/ros2node:/home/dammr/ros2_humble/install/ros2multicast:/home/dammr/ros2_humble/install/ros2interface:/home/dammr/ros2_humble/install/ros2doctor:/home/dammr/ros2_humble/install/ros2action:/home/dammr/ros2_humble/install/ros2cli:/home/dammr/ros2_humble/install/quality_of_service_demo_py:/home/dammr/ros2_humble/install/lifecycle_py:/home/dammr/ros2_humble/install/launch_testing_ros:/home/dammr/ros2_humble/install/launch_ros:/home/dammr/ros2_humble/install/examples_rclpy_pointcloud_publisher:/home/dammr/ros2_humble/install/examples_rclpy_minimal_subscriber:/home/dammr/ros2_humble/install/examples_rclpy_minimal_service:/home/dammr/ros2_humble/install/examples_rclpy_minimal_publisher:/home/dammr/ros2_humble/install/examples_rclpy_minimal_client:/home/dammr/ros2_humble/install/examples_rclpy_minimal_action_server:/home/dammr/ros2_humble/install/examples_rclpy_minimal_action_client:/home/dammr/ros2_humble/install/examples_rclpy_guard_conditions:/home/dammr/ros2_humble/install/examples_rclpy_executors:/home/dammr/ros2_humble/install/demo_nodes_py:/home/dammr/ros2_humble/install/camera_info_manager_py:/home/dammr/ros2_humble/install/action_tutorials_py:/home/dammr/ros2_humble/install/ament_uncrustify:/home/dammr/ros2_humble/install/tracetools_trace:/home/dammr/ros2_humble/install/tracetools_read:/home/dammr/ros2_humble/install/test_tracetools_launch:/home/dammr/ros2_humble/install/test_launch_ros:/home/dammr/ros2_humble/install/sensor_msgs_py:/home/dammr/ros2_humble/install/rpyutils:/home/dammr/ros2_humble/install/rosidl_runtime_py:/home/dammr/ros2_humble/install/rosidl_cli:/home/dammr/ros2_humble/install/launch_pytest:/home/dammr/ros2_humble/install/launch_testing:/home/dammr/ros2_humble/install/launch_yaml:/home/dammr/ros2_humble/install/launch_xml:/home/dammr/ros2_humble/install/launch:/home/dammr/ros2_humble/install/osrf_pycommon:/home/dammr/ros2_humble/install/domain_coordinator:/home/dammr/ros2_humble/install/ament_xmllint:/home/dammr/ros2_humble/install/ament_pyflakes:/home/dammr/ros2_humble/install/ament_pycodestyle:/home/dammr/ros2_humble/install/ament_pep257:/home/dammr/ros2_humble/install/ament_pclint:/home/dammr/ros2_humble/install/ament_package:/home/dammr/ros2_humble/install/ament_mypy:/home/dammr/ros2_humble/install/ament_lint_cmake:/home/dammr/ros2_humble/install/ament_flake8:/home/dammr/ros2_humble/install/ament_copyright:/home/dammr/ros2_humble/install/ament_lint:/home/dammr/ros2_humble/install/ament_index_python:/home/dammr/ros2_humble/install/ament_cpplint:/home/dammr/ros2_humble/install/ament_cppcheck:/home/dammr/ros2_humble/install/ament_clang_tidy:/home/dammr/ros2_humble/install/ament_clang_format /usr/bin/cmake --install /home/dammr/Desktop/magister_ws/UC_SmartFarmRadar/build/radar_msg
[1.444s] Level 1:colcon.colcon_core.environment:create_environment_scripts_only(radar_msg)
[1.445s] Level 1:colcon.colcon_core.environment:checking '/home/dammr/Desktop/magister_ws/UC_SmartFarmRadar/install/radar_msg' for CMake module files
[1.445s] DEBUG:colcon.colcon_core.event_handler.log_command:Invoked command in '/home/dammr/Desktop/magister_ws/UC_SmartFarmRadar/build/radar_msg' returned '0': CMAKE_PREFIX_PATH=${CMAKE_PREFIX_PATH}:/home/dammr/Desktop/magister_ws/UC_SmartFarmRadar/install/state_machine:/home/dammr/Desktop/magister_ws/UC_SmartFarmRadar/install/radar_package:/home/dammr/Desktop/magister_ws/UC_SmartFarmRadar/install/ptu_package:/opt/ros/humble:/home/dammr/ros2_humble/install/rqt_bag_plugins:/home/dammr/ros2_humble/install/rqt_bag:/home/dammr/ros2_humble/install/launch_testing_examples:/home/dammr/ros2_humble/install/ros2bag:/home/dammr/ros2_humble/install/tracetools_test:/home/dammr/ros2_humble/install/tracetools_launch:/home/dammr/ros2_humble/install/topic_monitor:/home/dammr/ros2_humble/install/tf2_tools:/home/dammr/ros2_humble/install/examples_tf2_py:/home/dammr/ros2_humble/install/tf2_ros_py:/home/dammr/ros2_humble/install/sros2:/home/dammr/ros2_humble/install/rqt_topic:/home/dammr/ros2_humble/install/rqt_srv:/home/dammr/ros2_humble/install/rqt_shell:/home/dammr/ros2_humble/install/rqt_service_caller:/home/dammr/ros2_humble/install/rqt_reconfigure:/home/dammr/ros2_humble/install/rqt_py_console:/home/dammr/ros2_humble/install/rqt_publisher:/home/dammr/ros2_humble/install/rqt_plot:/home/dammr/ros2_humble/install/rqt_action:/home/dammr/ros2_humble/install/rqt_msg:/home/dammr/ros2_humble/install/rqt_console:/home/dammr/ros2_humble/install/rqt:/home/dammr/ros2_humble/install/rqt_graph:/home/dammr/ros2_humble/install/rqt_gui_py:/home/dammr/ros2_humble/install/rqt_gui:/home/dammr/ros2_humble/install/ros2trace:/home/dammr/ros2_humble/install/ros2topic:/home/dammr/ros2_humble/install/ros2test:/home/dammr/ros2_humble/install/ros2component:/home/dammr/ros2_humble/install/ros2param:/home/dammr/ros2_humble/install/ros2lifecycle:/home/dammr/ros2_humble/install/ros2service:/home/dammr/ros2_humble/install/ros2run:/home/dammr/ros2_humble/install/ros2launch:/home/dammr/ros2_humble/install/ros2pkg:/home/dammr/ros2_humble/install/ros2node:/home/dammr/ros2_humble/install/ros2multicast:/home/dammr/ros2_humble/install/ros2interface:/home/dammr/ros2_humble/install/ros2doctor:/home/dammr/ros2_humble/install/ros2action:/home/dammr/ros2_humble/install/ros2cli:/home/dammr/ros2_humble/install/quality_of_service_demo_py:/home/dammr/ros2_humble/install/lifecycle_py:/home/dammr/ros2_humble/install/launch_testing_ros:/home/dammr/ros2_humble/install/launch_ros:/home/dammr/ros2_humble/install/examples_rclpy_pointcloud_publisher:/home/dammr/ros2_humble/install/examples_rclpy_minimal_subscriber:/home/dammr/ros2_humble/install/examples_rclpy_minimal_service:/home/dammr/ros2_humble/install/examples_rclpy_minimal_publisher:/home/dammr/ros2_humble/install/examples_rclpy_minimal_client:/home/dammr/ros2_humble/install/examples_rclpy_minimal_action_server:/home/dammr/ros2_humble/install/examples_rclpy_minimal_action_client:/home/dammr/ros2_humble/install/examples_rclpy_guard_conditions:/home/dammr/ros2_humble/install/examples_rclpy_executors:/home/dammr/ros2_humble/install/demo_nodes_py:/home/dammr/ros2_humble/install/camera_info_manager_py:/home/dammr/ros2_humble/install/action_tutorials_py:/home/dammr/ros2_humble/install/ament_uncrustify:/home/dammr/ros2_humble/install/tracetools_trace:/home/dammr/ros2_humble/install/tracetools_read:/home/dammr/ros2_humble/install/test_tracetools_launch:/home/dammr/ros2_humble/install/test_launch_ros:/home/dammr/ros2_humble/install/sensor_msgs_py:/home/dammr/ros2_humble/install/rpyutils:/home/dammr/ros2_humble/install/rosidl_runtime_py:/home/dammr/ros2_humble/install/rosidl_cli:/home/dammr/ros2_humble/install/launch_pytest:/home/dammr/ros2_humble/install/launch_testing:/home/dammr/ros2_humble/install/launch_yaml:/home/dammr/ros2_humble/install/launch_xml:/home/dammr/ros2_humble/install/launch:/home/dammr/ros2_humble/install/osrf_pycommon:/home/dammr/ros2_humble/install/domain_coordinator:/home/dammr/ros2_humble/install/ament_xmllint:/home/dammr/ros2_humble/install/ament_pyflakes:/home/dammr/ros2_humble/install/ament_pycodestyle:/home/dammr/ros2_humble/install/ament_pep257:/home/dammr/ros2_humble/install/ament_pclint:/home/dammr/ros2_humble/install/ament_package:/home/dammr/ros2_humble/install/ament_mypy:/home/dammr/ros2_humble/install/ament_lint_cmake:/home/dammr/ros2_humble/install/ament_flake8:/home/dammr/ros2_humble/install/ament_copyright:/home/dammr/ros2_humble/install/ament_lint:/home/dammr/ros2_humble/install/ament_index_python:/home/dammr/ros2_humble/install/ament_cpplint:/home/dammr/ros2_humble/install/ament_cppcheck:/home/dammr/ros2_humble/install/ament_clang_tidy:/home/dammr/ros2_humble/install/ament_clang_format /usr/bin/cmake --install /home/dammr/Desktop/magister_ws/UC_SmartFarmRadar/build/radar_msg
[1.445s] Level 1:colcon.colcon_core.environment:checking '/home/dammr/Desktop/magister_ws/UC_SmartFarmRadar/install/radar_msg' for CMake config files
[1.446s] Level 1:colcon.colcon_core.shell:create_environment_hook('radar_msg', 'cmake_prefix_path')
[1.446s] INFO:colcon.colcon_core.shell:Creating environment hook '/home/dammr/Desktop/magister_ws/UC_SmartFarmRadar/install/radar_msg/share/radar_msg/hook/cmake_prefix_path.ps1'
[1.446s] INFO:colcon.colcon_core.shell:Creating environment descriptor '/home/dammr/Desktop/magister_ws/UC_SmartFarmRadar/install/radar_msg/share/radar_msg/hook/cmake_prefix_path.dsv'
[1.447s] INFO:colcon.colcon_core.shell:Creating environment hook '/home/dammr/Desktop/magister_ws/UC_SmartFarmRadar/install/radar_msg/share/radar_msg/hook/cmake_prefix_path.sh'
[1.447s] Level 1:colcon.colcon_core.environment:checking '/home/dammr/Desktop/magister_ws/UC_SmartFarmRadar/install/radar_msg/lib'
[1.447s] Level 1:colcon.colcon_core.shell:create_environment_hook('radar_msg', 'ld_library_path_lib')
[1.447s] INFO:colcon.colcon_core.shell:Creating environment hook '/home/dammr/Desktop/magister_ws/UC_SmartFarmRadar/install/radar_msg/share/radar_msg/hook/ld_library_path_lib.ps1'
[1.447s] INFO:colcon.colcon_core.shell:Creating environment descriptor '/home/dammr/Desktop/magister_ws/UC_SmartFarmRadar/install/radar_msg/share/radar_msg/hook/ld_library_path_lib.dsv'
[1.448s] INFO:colcon.colcon_core.shell:Creating environment hook '/home/dammr/Desktop/magister_ws/UC_SmartFarmRadar/install/radar_msg/share/radar_msg/hook/ld_library_path_lib.sh'
[1.448s] Level 1:colcon.colcon_core.environment:checking '/home/dammr/Desktop/magister_ws/UC_SmartFarmRadar/install/radar_msg/bin'
[1.448s] Level 1:colcon.colcon_core.environment:checking '/home/dammr/Desktop/magister_ws/UC_SmartFarmRadar/install/radar_msg/lib/pkgconfig/radar_msg.pc'
[1.448s] Level 1:colcon.colcon_core.environment:checking '/home/dammr/Desktop/magister_ws/UC_SmartFarmRadar/install/radar_msg/lib/python3.10/site-packages'
[1.448s] Level 1:colcon.colcon_core.environment:checking '/home/dammr/Desktop/magister_ws/UC_SmartFarmRadar/install/radar_msg/bin'
[1.449s] INFO:colcon.colcon_core.shell:Creating package script '/home/dammr/Desktop/magister_ws/UC_SmartFarmRadar/install/radar_msg/share/radar_msg/package.ps1'
[1.449s] INFO:colcon.colcon_core.shell:Creating package descriptor '/home/dammr/Desktop/magister_ws/UC_SmartFarmRadar/install/radar_msg/share/radar_msg/package.dsv'
[1.449s] INFO:colcon.colcon_core.shell:Creating package script '/home/dammr/Desktop/magister_ws/UC_SmartFarmRadar/install/radar_msg/share/radar_msg/package.sh'
[1.449s] INFO:colcon.colcon_core.shell:Creating package script '/home/dammr/Desktop/magister_ws/UC_SmartFarmRadar/install/radar_msg/share/radar_msg/package.bash'
[1.450s] INFO:colcon.colcon_core.shell:Creating package script '/home/dammr/Desktop/magister_ws/UC_SmartFarmRadar/install/radar_msg/share/radar_msg/package.zsh'
[1.450s] Level 1:colcon.colcon_core.environment:create_file_with_runtime_dependencies(/home/dammr/Desktop/magister_ws/UC_SmartFarmRadar/install/radar_msg/share/colcon-core/packages/radar_msg)
[1.450s] Level 1:colcon.colcon_core.environment:create_environment_scripts_only(radar_msg)
[1.451s] Level 1:colcon.colcon_core.environment:checking '/home/dammr/Desktop/magister_ws/UC_SmartFarmRadar/install/radar_msg' for CMake module files
[1.451s] Level 1:colcon.colcon_core.environment:checking '/home/dammr/Desktop/magister_ws/UC_SmartFarmRadar/install/radar_msg' for CMake config files
[1.451s] Level 1:colcon.colcon_core.shell:create_environment_hook('radar_msg', 'cmake_prefix_path')
[1.452s] INFO:colcon.colcon_core.shell:Creating environment hook '/home/dammr/Desktop/magister_ws/UC_SmartFarmRadar/install/radar_msg/share/radar_msg/hook/cmake_prefix_path.ps1'
[1.452s] INFO:colcon.colcon_core.shell:Creating environment descriptor '/home/dammr/Desktop/magister_ws/UC_SmartFarmRadar/install/radar_msg/share/radar_msg/hook/cmake_prefix_path.dsv'
[1.452s] INFO:colcon.colcon_core.shell:Creating environment hook '/home/dammr/Desktop/magister_ws/UC_SmartFarmRadar/install/radar_msg/share/radar_msg/hook/cmake_prefix_path.sh'
[1.452s] Level 1:colcon.colcon_core.environment:checking '/home/dammr/Desktop/magister_ws/UC_SmartFarmRadar/install/radar_msg/lib'
[1.452s] Level 1:colcon.colcon_core.shell:create_environment_hook('radar_msg', 'ld_library_path_lib')
[1.453s] INFO:colcon.colcon_core.shell:Creating environment hook '/home/dammr/Desktop/magister_ws/UC_SmartFarmRadar/install/radar_msg/share/radar_msg/hook/ld_library_path_lib.ps1'
[1.453s] INFO:colcon.colcon_core.shell:Creating environment descriptor '/home/dammr/Desktop/magister_ws/UC_SmartFarmRadar/install/radar_msg/share/radar_msg/hook/ld_library_path_lib.dsv'
[1.453s] INFO:colcon.colcon_core.shell:Creating environment hook '/home/dammr/Desktop/magister_ws/UC_SmartFarmRadar/install/radar_msg/share/radar_msg/hook/ld_library_path_lib.sh'
[1.453s] Level 1:colcon.colcon_core.environment:checking '/home/dammr/Desktop/magister_ws/UC_SmartFarmRadar/install/radar_msg/bin'
[1.453s] Level 1:colcon.colcon_core.environment:checking '/home/dammr/Desktop/magister_ws/UC_SmartFarmRadar/install/radar_msg/lib/pkgconfig/radar_msg.pc'
[1.454s] Level 1:colcon.colcon_core.environment:checking '/home/dammr/Desktop/magister_ws/UC_SmartFarmRadar/install/radar_msg/lib/python3.10/site-packages'
[1.454s] Level 1:colcon.colcon_core.environment:checking '/home/dammr/Desktop/magister_ws/UC_SmartFarmRadar/install/radar_msg/bin'
[1.454s] INFO:colcon.colcon_core.shell:Creating package script '/home/dammr/Desktop/magister_ws/UC_SmartFarmRadar/install/radar_msg/share/radar_msg/package.ps1'
[1.454s] INFO:colcon.colcon_core.shell:Creating package descriptor '/home/dammr/Desktop/magister_ws/UC_SmartFarmRadar/install/radar_msg/share/radar_msg/package.dsv'
[1.455s] INFO:colcon.colcon_core.shell:Creating package script '/home/dammr/Desktop/magister_ws/UC_SmartFarmRadar/install/radar_msg/share/radar_msg/package.sh'
[1.455s] INFO:colcon.colcon_core.shell:Creating package script '/home/dammr/Desktop/magister_ws/UC_SmartFarmRadar/install/radar_msg/share/radar_msg/package.bash'
[1.455s] INFO:colcon.colcon_core.shell:Creating package script '/home/dammr/Desktop/magister_ws/UC_SmartFarmRadar/install/radar_msg/share/radar_msg/package.zsh'
[1.456s] Level 1:colcon.colcon_core.environment:create_file_with_runtime_dependencies(/home/dammr/Desktop/magister_ws/UC_SmartFarmRadar/install/radar_msg/share/colcon-core/packages/radar_msg)
[1.456s] INFO:colcon.colcon_ros.task.ament_python.build:Building ROS package in '/home/dammr/Desktop/magister_ws/UC_SmartFarmRadar/ptu_package' with build type 'ament_python'
[1.456s] Level 1:colcon.colcon_core.shell:create_environment_hook('ptu_package', 'ament_prefix_path')
[1.456s] INFO:colcon.colcon_core.shell:Creating environment hook '/home/dammr/Desktop/magister_ws/UC_SmartFarmRadar/install/ptu_package/share/ptu_package/hook/ament_prefix_path.ps1'
[1.457s] INFO:colcon.colcon_core.shell:Creating environment descriptor '/home/dammr/Desktop/magister_ws/UC_SmartFarmRadar/install/ptu_package/share/ptu_package/hook/ament_prefix_path.dsv'
[1.457s] INFO:colcon.colcon_core.shell:Creating environment hook '/home/dammr/Desktop/magister_ws/UC_SmartFarmRadar/install/ptu_package/share/ptu_package/hook/ament_prefix_path.sh'
[1.457s] INFO:colcon.colcon_core.shell:Skip shell extension 'powershell' for command environment: Not usable outside of PowerShell
[1.457s] DEBUG:colcon.colcon_core.shell:Skip shell extension 'dsv' for command environment
[1.477s] INFO:colcon.colcon_ros.task.ament_python.build:Building ROS package in '/home/dammr/Desktop/magister_ws/UC_SmartFarmRadar/radar_package' with build type 'ament_python'
[1.478s] Level 1:colcon.colcon_core.shell:create_environment_hook('radar_package', 'ament_prefix_path')
[1.478s] INFO:colcon.colcon_core.shell:Creating environment hook '/home/dammr/Desktop/magister_ws/UC_SmartFarmRadar/install/radar_package/share/radar_package/hook/ament_prefix_path.ps1'
[1.478s] INFO:colcon.colcon_core.shell:Creating environment descriptor '/home/dammr/Desktop/magister_ws/UC_SmartFarmRadar/install/radar_package/share/radar_package/hook/ament_prefix_path.dsv'
[1.479s] INFO:colcon.colcon_core.shell:Creating environment hook '/home/dammr/Desktop/magister_ws/UC_SmartFarmRadar/install/radar_package/share/radar_package/hook/ament_prefix_path.sh'
[1.479s] INFO:colcon.colcon_core.shell:Skip shell extension 'powershell' for command environment: Not usable outside of PowerShell
[1.479s] DEBUG:colcon.colcon_core.shell:Skip shell extension 'dsv' for command environment
[1.498s] INFO:colcon.colcon_ros.task.ament_python.build:Building ROS package in '/home/dammr/Desktop/magister_ws/UC_SmartFarmRadar/state_machine' with build type 'ament_python'
[1.498s] Level 1:colcon.colcon_core.shell:create_environment_hook('state_machine', 'ament_prefix_path')
[1.498s] INFO:colcon.colcon_core.shell:Creating environment hook '/home/dammr/Desktop/magister_ws/UC_SmartFarmRadar/install/state_machine/share/state_machine/hook/ament_prefix_path.ps1'
[1.498s] INFO:colcon.colcon_core.shell:Creating environment descriptor '/home/dammr/Desktop/magister_ws/UC_SmartFarmRadar/install/state_machine/share/state_machine/hook/ament_prefix_path.dsv'
[1.499s] INFO:colcon.colcon_core.shell:Creating environment hook '/home/dammr/Desktop/magister_ws/UC_SmartFarmRadar/install/state_machine/share/state_machine/hook/ament_prefix_path.sh'
[1.499s] INFO:colcon.colcon_core.shell:Skip shell extension 'powershell' for command environment: Not usable outside of PowerShell
[1.499s] DEBUG:colcon.colcon_core.shell:Skip shell extension 'dsv' for command environment
[1.901s] INFO:colcon.colcon_core.task.python.build:Building Python package in '/home/dammr/Desktop/magister_ws/UC_SmartFarmRadar/ptu_package'
[1.901s] INFO:colcon.colcon_core.shell:Skip shell extension 'powershell' for command environment: Not usable outside of PowerShell
[1.901s] DEBUG:colcon.colcon_core.shell:Skip shell extension 'dsv' for command environment
[2.329s] INFO:colcon.colcon_core.task.python.build:Building Python package in '/home/dammr/Desktop/magister_ws/UC_SmartFarmRadar/radar_package'
[2.329s] INFO:colcon.colcon_core.shell:Skip shell extension 'powershell' for command environment: Not usable outside of PowerShell
[2.329s] DEBUG:colcon.colcon_core.shell:Skip shell extension 'dsv' for command environment
[2.755s] INFO:colcon.colcon_core.task.python.build:Building Python package in '/home/dammr/Desktop/magister_ws/UC_SmartFarmRadar/state_machine'
[2.755s] INFO:colcon.colcon_core.shell:Skip shell extension 'powershell' for command environment: Not usable outside of PowerShell
[2.755s] DEBUG:colcon.colcon_core.shell:Skip shell extension 'dsv' for command environment
[3.345s] DEBUG:colcon.colcon_core.event_handler.log_command:Invoking command in '/home/dammr/Desktop/magister_ws/UC_SmartFarmRadar/state_machine': CMAKE_PREFIX_PATH=/home/dammr/Desktop/magister_ws/UC_SmartFarmRadar/install/radar_msg:/home/dammr/Desktop/magister_ws/UC_SmartFarmRadar/install/robot_description:/home/dammr/Desktop/magister_ws/UC_SmartFarmRadar/install/ptu_driver:/home/dammr/ros2_humble/install/rosbag2_storage_mcap:/home/dammr/ros2_humble/install/rosbag2:/home/dammr/ros2_humble/install/rosbag2_compression_zstd:/home/dammr/ros2_humble/install/mcap_vendor:/home/dammr/ros2_humble/install/zstd_vendor:/home/dammr/ros2_humble/install/rviz_visual_testing_framework:/home/dammr/ros2_humble/install/rviz2:/home/dammr/ros2_humble/install/rviz_default_plugins:/home/dammr/ros2_humble/install/rviz_common:/home/dammr/ros2_humble/install/rosbag2_py:/home/dammr/ros2_humble/install/rosbag2_transport:/home/dammr/ros2_humble/install/rosbag2_storage_default_plugins:/home/dammr/ros2_humble/install/rosbag2_performance_benchmarking:/home/dammr/ros2_humble/install/rosbag2_compression:/home/dammr/ros2_humble/install/rosbag2_cpp:/home/dammr/ros2_humble/install/rosbag2_storage:/home/dammr/ros2_humble/install/image_common:/home/dammr/ros2_humble/install/camera_info_manager:/home/dammr/ros2_humble/install/camera_calibration_parsers:/home/dammr/ros2_humble/install/yaml_cpp_vendor:/home/dammr/ros2_humble/install/interactive_markers:/home/dammr/ros2_humble/install/common_interfaces:/home/dammr/ros2_humble/install/visualization_msgs:/home/dammr/ros2_humble/install/dummy_robot_bringup:/home/dammr/ros2_humble/install/robot_state_publisher:/home/dammr/ros2_humble/install/kdl_parser:/home/dammr/ros2_humble/install/urdf:/home/dammr/ros2_humble/install/urdfdom:/home/dammr/ros2_humble/install/urdf_parser_plugin:/home/dammr/ros2_humble/install/urdfdom_headers:/home/dammr/ros2_humble/install/turtlesim:/home/dammr/ros2_humble/install/geometry2:/home/dammr/ros2_humble/install/tf2_sensor_msgs:/home/dammr/ros2_humble/install/test_tf2:/home/dammr/ros2_humble/install/tf2_kdl:/home/dammr/ros2_humble/install/tf2_geometry_msgs:/home/dammr/ros2_humble/install/tf2_eigen:/home/dammr/ros2_humble/install/tf2_bullet:/home/dammr/ros2_humble/install/tf2_ros:/home/dammr/ros2_humble/install/tf2_py:/home/dammr/ros2_humble/install/tf2_msgs:/home/dammr/ros2_humble/install/test_msgs:/home/dammr/ros2_humble/install/sros2_cmake:/home/dammr/ros2_humble/install/ros2cli_common_extensions:/home/dammr/ros2_humble/install/rqt_py_common:/home/dammr/ros2_humble/install/rosbag2_storage_mcap_testdata:/home/dammr/ros2_humble/install/ros_testing:/home/dammr/ros2_humble/install/ros2cli_test_interfaces:/home/dammr/ros2_humble/install/quality_of_service_demo_cpp:/home/dammr/ros2_humble/install/image_transport:/home/dammr/ros2_humble/install/message_filters:/home/dammr/ros2_humble/install/demo_nodes_cpp:/home/dammr/ros2_humble/install/composition:/home/dammr/ros2_humble/install/laser_geometry:/home/dammr/ros2_humble/install/rclpy:/home/dammr/ros2_humble/install/examples_rclcpp_minimal_action_server:/home/dammr/ros2_humble/install/examples_rclcpp_minimal_action_client:/home/dammr/ros2_humble/install/action_tutorials_cpp:/home/dammr/ros2_humble/install/rclcpp_action:/home/dammr/ros2_humble/install/rcl_action:/home/dammr/ros2_humble/install/examples_rclcpp_wait_set:/home/dammr/ros2_humble/install/examples_rclcpp_minimal_service:/home/dammr/ros2_humble/install/examples_rclcpp_minimal_client:/home/dammr/ros2_humble/install/examples_rclcpp_async_client:/home/dammr/ros2_humble/install/example_interfaces:/home/dammr/ros2_humble/install/action_tutorials_interfaces:/home/dammr/ros2_humble/install/action_msgs:/home/dammr/ros2_humble/install/unique_identifier_msgs:/home/dammr/ros2_humble/install/ament_lint_common:/home/dammr/ros2_humble/install/ament_cmake_uncrustify:/home/dammr/ros2_humble/install/uncrustify_vendor:/home/dammr/ros2_humble/install/trajectory_msgs:/home/dammr/ros2_humble/install/topic_statistics_demo:/home/dammr/ros2_humble/install/pendulum_control:/home/dammr/ros2_humble/install/tlsf_cpp:/home/dammr/ros2_humble/install/test_tracetools:/home/dammr/ros2_humble/install/rqt_gui_cpp:/home/dammr/ros2_humble/install/rosbag2_test_common:/home/dammr/ros2_humble/install/ros2lifecycle_test_fixtures:/home/dammr/ros2_humble/install/lifecycle:/home/dammr/ros2_humble/install/rclcpp_lifecycle:/home/dammr/ros2_humble/install/logging_demo:/home/dammr/ros2_humble/install/image_tools:/home/dammr/ros2_humble/install/examples_rclcpp_minimal_subscriber:/home/dammr/ros2_humble/install/examples_rclcpp_minimal_composition:/home/dammr/ros2_humble/install/demo_nodes_cpp_native:/home/dammr/ros2_humble/install/rclcpp_components:/home/dammr/ros2_humble/install/intra_process_demo:/home/dammr/ros2_humble/install/examples_rclcpp_multithreaded_executor:/home/dammr/ros2_humble/install/examples_rclcpp_minimal_timer:/home/dammr/ros2_humble/install/examples_rclcpp_minimal_publisher:/home/dammr/ros2_humble/install/examples_rclcpp_cbg_executor:/home/dammr/ros2_humble/install/dummy_sensors:/home/dammr/ros2_humble/install/dummy_map_server:/home/dammr/ros2_humble/install/rclcpp:/home/dammr/ros2_humble/install/rcl_lifecycle:/home/dammr/ros2_humble/install/libstatistics_collector:/home/dammr/ros2_humble/install/rcl:/home/dammr/ros2_humble/install/rmw_implementation:/home/dammr/ros2_humble/install/rmw_fastrtps_dynamic_cpp:/home/dammr/ros2_humble/install/rmw_fastrtps_cpp:/home/dammr/ros2_humble/install/rmw_fastrtps_shared_cpp:/home/dammr/ros2_humble/install/rmw_cyclonedds_cpp:/home/dammr/ros2_humble/install/tracetools:/home/dammr/ros2_humble/install/tlsf:/home/dammr/ros2_humble/install/tinyxml_vendor:/home/dammr/ros2_humble/install/qt_gui_core:/home/dammr/ros2_humble/install/qt_gui_cpp:/home/dammr/ros2_humble/install/pluginlib:/home/dammr/ros2_humble/install/tinyxml2_vendor:/home/dammr/ros2_humble/install/tf2_eigen_kdl:/home/dammr/ros2_humble/install/tf2:/home/dammr/ros2_humble/install/test_security:/home/dammr/ros2_humble/install/test_rmw_implementation:/home/dammr/ros2_humble/install/test_rclcpp:/home/dammr/ros2_humble/install/test_quality_of_service:/home/dammr/ros2_humble/install/test_launch_testing:/home/dammr/ros2_humble/install/test_interface_files:/home/dammr/ros2_humble/install/test_communication:/home/dammr/ros2_humble/install/test_cli_remapping:/home/dammr/ros2_humble/install/test_cli:/home/dammr/ros2_humble/install/qt_gui_app:/home/dammr/ros2_humble/install/qt_gui:/home/dammr/ros2_humble/install/tango_icons_vendor:/home/dammr/ros2_humble/install/stereo_msgs:/home/dammr/ros2_humble/install/std_srvs:/home/dammr/ros2_humble/install/shape_msgs:/home/dammr/ros2_humble/install/map_msgs:/home/dammr/ros2_humble/install/sensor_msgs:/home/dammr/ros2_humble/install/nav_msgs:/home/dammr/ros2_humble/install/diagnostic_msgs:/home/dammr/ros2_humble/install/geometry_msgs:/home/dammr/ros2_humble/install/actionlib_msgs:/home/dammr/ros2_humble/install/std_msgs:/home/dammr/ros2_humble/install/statistics_msgs:/home/dammr/ros2_humble/install/sqlite3_vendor:/home/dammr/ros2_humble/install/rcl_logging_spdlog:/home/dammr/ros2_humble/install/spdlog_vendor:/home/dammr/ros2_humble/install/shared_queues_vendor:/home/dammr/ros2_humble/install/rviz_rendering_tests:/home/dammr/ros2_humble/install/rviz_rendering:/home/dammr/ros2_humble/install/rviz_ogre_vendor:/home/dammr/ros2_humble/install/rviz_assimp_vendor:/home/dammr/ros2_humble/install/rttest:/home/dammr/ros2_humble/install/rmw_connextddsmicro:/home/dammr/ros2_humble/install/rmw_connextdds:/home/dammr/ros2_humble/install/rmw_connextdds_common:/home/dammr/ros2_humble/install/rti_connext_dds_cmake_module:/home/dammr/ros2_humble/install/rosgraph_msgs:/home/dammr/ros2_humble/install/rosbag2_interfaces:/home/dammr/ros2_humble/install/rmw_dds_common:/home/dammr/ros2_humble/install/composition_interfaces:/home/dammr/ros2_humble/install/rcl_interfaces:/home/dammr/ros2_humble/install/pendulum_msgs:/home/dammr/ros2_humble/install/lifecycle_msgs:/home/dammr/ros2_humble/install/builtin_interfaces:/home/dammr/ros2_humble/install/rosidl_default_runtime:/home/dammr/ros2_humble/install/rosidl_default_generators:/home/dammr/ros2_humble/install/rosidl_generator_py:/home/dammr/ros2_humble/install/rosidl_typesupport_introspection_tests:/home/dammr/ros2_humble/install/rosidl_typesupport_cpp:/home/dammr/ros2_humble/install/rosidl_typesupport_introspection_cpp:/home/dammr/ros2_humble/install/rosidl_typesupport_c:/home/dammr/ros2_humble/install/rosidl_typesupport_introspection_c:/home/dammr/ros2_humble/install/rosidl_typesupport_fastrtps_c:/home/dammr/ros2_humble/install/rosidl_typesupport_fastrtps_cpp:/home/dammr/ros2_humble/install/rosidl_generator_cpp:/home/dammr/ros2_humble/install/rosidl_runtime_cpp:/home/dammr/ros2_humble/install/rcl_yaml_param_parser:/home/dammr/ros2_humble/install/rmw:/home/dammr/ros2_humble/install/rosidl_runtime_c:/home/dammr/ros2_humble/install/rosidl_generator_c:/home/dammr/ros2_humble/install/rosidl_typesupport_interface:/home/dammr/ros2_humble/install/rosidl_generator_dds_idl:/home/dammr/ros2_humble/install/rosidl_cmake:/home/dammr/ros2_humble/install/rosidl_parser:/home/dammr/ros2_humble/install/rosidl_adapter:/home/dammr/ros2_humble/install/rosbag2_tests:/home/dammr/ros2_humble/install/ros_environment:/home/dammr/ros2_humble/install/rmw_implementation_cmake:/home/dammr/ros2_humble/install/resource_retriever:/home/dammr/ros2_humble/install/class_loader:/home/dammr/ros2_humble/install/rcpputils:/home/dammr/ros2_humble/install/rcl_logging_noop:/home/dammr/ros2_humble/install/rcl_logging_interface:/home/dammr/ros2_humble/install/rcutils:/home/dammr/ros2_humble/install/qt_gui_py_common:/home/dammr/ros2_humble/install/qt_dotgraph:/home/dammr/ros2_humble/install/python_qt_binding:/home/dammr/ros2_humble/install/python_orocos_kdl_vendor:/home/dammr/ros2_humble/install/launch_testing_ament_cmake:/home/dammr/ros2_humble/install/python_cmake_module:/home/dammr/ros2_humble/install/pybind11_vendor:/home/dammr/ros2_humble/install/performance_test_fixture:/home/dammr/ros2_humble/install/osrf_testing_tools_cpp:/home/dammr/ros2_humble/install/orocos_kdl_vendor:/home/dammr/ros2_humble/install/mimick_vendor:/home/dammr/ros2_humble/install/libyaml_vendor:/home/dammr/ros2_humble/install/libcurl_vendor:/home/dammr/ros2_humble/install/keyboard_handler:/home/dammr/ros2_humble/install/iceoryx_introspection:/home/dammr/ros2_humble/install/cyclonedds:/home/dammr/ros2_humble/install/iceoryx_posh:/home/dammr/ros2_humble/install/iceoryx_hoofs:/home/dammr/ros2_humble/install/iceoryx_binding_c:/home/dammr/ros2_humble/install/ament_cmake_ros:/home/dammr/ros2_humble/install/ament_cmake_auto:/home/dammr/ros2_humble/install/ament_cmake_gmock:/home/dammr/ros2_humble/install/gmock_vendor:/home/dammr/ros2_humble/install/ament_cmake_gtest:/home/dammr/ros2_humble/install/gtest_vendor:/home/dammr/ros2_humble/install/ament_cmake_google_benchmark:/home/dammr/ros2_humble/install/google_benchmark_vendor:/home/dammr/ros2_humble/install/fastrtps:/home/dammr/ros2_humble/install/foonathan_memory_vendor:/home/dammr/ros2_humble/install/fastrtps_cmake_module:/home/dammr/ros2_humble/install/fastcdr:/home/dammr/ros2_humble/install/eigen3_cmake_module:/home/dammr/ros2_humble/install/console_bridge_vendor:/home/dammr/ros2_humble/install/ament_cmake_xmllint:/home/dammr/ros2_humble/install/ament_cmake_pyflakes:/home/dammr/ros2_humble/install/ament_cmake_pycodestyle:/home/dammr/ros2_humble/install/ament_cmake_pep257:/home/dammr/ros2_humble/install/ament_cmake_pclint:/home/dammr/ros2_humble/install/ament_lint_auto:/home/dammr/ros2_humble/install/ament_cmake:/home/dammr/ros2_humble/install/ament_cmake_version:/home/dammr/ros2_humble/install/ament_cmake_vendor_package:/home/dammr/ros2_humble/install/ament_cmake_pytest:/home/dammr/ros2_humble/install/ament_cmake_nose:/home/dammr/ros2_humble/install/ament_cmake_mypy:/home/dammr/ros2_humble/install/ament_cmake_lint_cmake:/home/dammr/ros2_humble/install/ament_cmake_flake8:/home/dammr/ros2_humble/install/ament_cmake_cpplint:/home/dammr/ros2_humble/install/ament_cmake_cppcheck:/home/dammr/ros2_humble/install/ament_cmake_copyright:/home/dammr/ros2_humble/install/ament_cmake_clang_tidy:/home/dammr/ros2_humble/install/ament_cmake_clang_format:/home/dammr/ros2_humble/install/ament_cmake_test:/home/dammr/ros2_humble/install/ament_cmake_target_dependencies:/home/dammr/ros2_humble/install/ament_cmake_python:/home/dammr/ros2_humble/install/ament_cmake_export_dependencies:/home/dammr/ros2_humble/install/ament_cmake_libraries:/home/dammr/ros2_humble/install/ament_cmake_include_directories:/home/dammr/ros2_humble/install/ament_cmake_gen_version_h:/home/dammr/ros2_humble/install/ament_cmake_export_targets:/home/dammr/ros2_humble/install/ament_cmake_export_link_flags:/home/dammr/ros2_humble/install/ament_cmake_export_interfaces:/home/dammr/ros2_humble/install/ament_cmake_export_libraries:/home/dammr/ros2_humble/install/ament_cmake_export_include_directories:/home/dammr/ros2_humble/install/ament_cmake_export_definitions:/home/dammr/ros2_humble/install/ament_cmake_core:/home/dammr/ros2_humble/install/ament_index_cpp PYTHONPATH=/home/dammr/Desktop/magister_ws/UC_SmartFarmRadar/build/state_machine/prefix_override:/usr/lib/python3/dist-packages/colcon_core/task/python/colcon_distutils_commands:/home/dammr/Desktop/magister_ws/UC_SmartFarmRadar/install/state_machine/lib/python3.10/site-packages:${PYTHONPATH} /usr/bin/python3 -W ignore:setup.py install is deprecated -W ignore:easy_install command is deprecated setup.py egg_info --egg-base ../build/state_machine build --build-base /home/dammr/Desktop/magister_ws/UC_SmartFarmRadar/build/state_machine/build install --record /home/dammr/Desktop/magister_ws/UC_SmartFarmRadar/build/state_machine/install.log --single-version-externally-managed install_data
[3.346s] DEBUG:colcon.colcon_core.event_handler.log_command:Invoking command in '/home/dammr/Desktop/magister_ws/UC_SmartFarmRadar/radar_package': CMAKE_PREFIX_PATH=/home/dammr/Desktop/magister_ws/UC_SmartFarmRadar/install/radar_msg:/home/dammr/Desktop/magister_ws/UC_SmartFarmRadar/install/robot_description:/home/dammr/Desktop/magister_ws/UC_SmartFarmRadar/install/ptu_driver:/home/dammr/ros2_humble/install/rosbag2_storage_mcap:/home/dammr/ros2_humble/install/rosbag2:/home/dammr/ros2_humble/install/rosbag2_compression_zstd:/home/dammr/ros2_humble/install/mcap_vendor:/home/dammr/ros2_humble/install/zstd_vendor:/home/dammr/ros2_humble/install/rviz_visual_testing_framework:/home/dammr/ros2_humble/install/rviz2:/home/dammr/ros2_humble/install/rviz_default_plugins:/home/dammr/ros2_humble/install/rviz_common:/home/dammr/ros2_humble/install/rosbag2_py:/home/dammr/ros2_humble/install/rosbag2_transport:/home/dammr/ros2_humble/install/rosbag2_storage_default_plugins:/home/dammr/ros2_humble/install/rosbag2_performance_benchmarking:/home/dammr/ros2_humble/install/rosbag2_compression:/home/dammr/ros2_humble/install/rosbag2_cpp:/home/dammr/ros2_humble/install/rosbag2_storage:/home/dammr/ros2_humble/install/image_common:/home/dammr/ros2_humble/install/camera_info_manager:/home/dammr/ros2_humble/install/camera_calibration_parsers:/home/dammr/ros2_humble/install/yaml_cpp_vendor:/home/dammr/ros2_humble/install/interactive_markers:/home/dammr/ros2_humble/install/common_interfaces:/home/dammr/ros2_humble/install/visualization_msgs:/home/dammr/ros2_humble/install/dummy_robot_bringup:/home/dammr/ros2_humble/install/robot_state_publisher:/home/dammr/ros2_humble/install/kdl_parser:/home/dammr/ros2_humble/install/urdf:/home/dammr/ros2_humble/install/urdfdom:/home/dammr/ros2_humble/install/urdf_parser_plugin:/home/dammr/ros2_humble/install/urdfdom_headers:/home/dammr/ros2_humble/install/turtlesim:/home/dammr/ros2_humble/install/geometry2:/home/dammr/ros2_humble/install/tf2_sensor_msgs:/home/dammr/ros2_humble/install/test_tf2:/home/dammr/ros2_humble/install/tf2_kdl:/home/dammr/ros2_humble/install/tf2_geometry_msgs:/home/dammr/ros2_humble/install/tf2_eigen:/home/dammr/ros2_humble/install/tf2_bullet:/home/dammr/ros2_humble/install/tf2_ros:/home/dammr/ros2_humble/install/tf2_py:/home/dammr/ros2_humble/install/tf2_msgs:/home/dammr/ros2_humble/install/test_msgs:/home/dammr/ros2_humble/install/sros2_cmake:/home/dammr/ros2_humble/install/ros2cli_common_extensions:/home/dammr/ros2_humble/install/rqt_py_common:/home/dammr/ros2_humble/install/rosbag2_storage_mcap_testdata:/home/dammr/ros2_humble/install/ros_testing:/home/dammr/ros2_humble/install/ros2cli_test_interfaces:/home/dammr/ros2_humble/install/quality_of_service_demo_cpp:/home/dammr/ros2_humble/install/image_transport:/home/dammr/ros2_humble/install/message_filters:/home/dammr/ros2_humble/install/demo_nodes_cpp:/home/dammr/ros2_humble/install/composition:/home/dammr/ros2_humble/install/laser_geometry:/home/dammr/ros2_humble/install/rclpy:/home/dammr/ros2_humble/install/examples_rclcpp_minimal_action_server:/home/dammr/ros2_humble/install/examples_rclcpp_minimal_action_client:/home/dammr/ros2_humble/install/action_tutorials_cpp:/home/dammr/ros2_humble/install/rclcpp_action:/home/dammr/ros2_humble/install/rcl_action:/home/dammr/ros2_humble/install/examples_rclcpp_wait_set:/home/dammr/ros2_humble/install/examples_rclcpp_minimal_service:/home/dammr/ros2_humble/install/examples_rclcpp_minimal_client:/home/dammr/ros2_humble/install/examples_rclcpp_async_client:/home/dammr/ros2_humble/install/example_interfaces:/home/dammr/ros2_humble/install/action_tutorials_interfaces:/home/dammr/ros2_humble/install/action_msgs:/home/dammr/ros2_humble/install/unique_identifier_msgs:/home/dammr/ros2_humble/install/ament_lint_common:/home/dammr/ros2_humble/install/ament_cmake_uncrustify:/home/dammr/ros2_humble/install/uncrustify_vendor:/home/dammr/ros2_humble/install/trajectory_msgs:/home/dammr/ros2_humble/install/topic_statistics_demo:/home/dammr/ros2_humble/install/pendulum_control:/home/dammr/ros2_humble/install/tlsf_cpp:/home/dammr/ros2_humble/install/test_tracetools:/home/dammr/ros2_humble/install/rqt_gui_cpp:/home/dammr/ros2_humble/install/rosbag2_test_common:/home/dammr/ros2_humble/install/ros2lifecycle_test_fixtures:/home/dammr/ros2_humble/install/lifecycle:/home/dammr/ros2_humble/install/rclcpp_lifecycle:/home/dammr/ros2_humble/install/logging_demo:/home/dammr/ros2_humble/install/image_tools:/home/dammr/ros2_humble/install/examples_rclcpp_minimal_subscriber:/home/dammr/ros2_humble/install/examples_rclcpp_minimal_composition:/home/dammr/ros2_humble/install/demo_nodes_cpp_native:/home/dammr/ros2_humble/install/rclcpp_components:/home/dammr/ros2_humble/install/intra_process_demo:/home/dammr/ros2_humble/install/examples_rclcpp_multithreaded_executor:/home/dammr/ros2_humble/install/examples_rclcpp_minimal_timer:/home/dammr/ros2_humble/install/examples_rclcpp_minimal_publisher:/home/dammr/ros2_humble/install/examples_rclcpp_cbg_executor:/home/dammr/ros2_humble/install/dummy_sensors:/home/dammr/ros2_humble/install/dummy_map_server:/home/dammr/ros2_humble/install/rclcpp:/home/dammr/ros2_humble/install/rcl_lifecycle:/home/dammr/ros2_humble/install/libstatistics_collector:/home/dammr/ros2_humble/install/rcl:/home/dammr/ros2_humble/install/rmw_implementation:/home/dammr/ros2_humble/install/rmw_fastrtps_dynamic_cpp:/home/dammr/ros2_humble/install/rmw_fastrtps_cpp:/home/dammr/ros2_humble/install/rmw_fastrtps_shared_cpp:/home/dammr/ros2_humble/install/rmw_cyclonedds_cpp:/home/dammr/ros2_humble/install/tracetools:/home/dammr/ros2_humble/install/tlsf:/home/dammr/ros2_humble/install/tinyxml_vendor:/home/dammr/ros2_humble/install/qt_gui_core:/home/dammr/ros2_humble/install/qt_gui_cpp:/home/dammr/ros2_humble/install/pluginlib:/home/dammr/ros2_humble/install/tinyxml2_vendor:/home/dammr/ros2_humble/install/tf2_eigen_kdl:/home/dammr/ros2_humble/install/tf2:/home/dammr/ros2_humble/install/test_security:/home/dammr/ros2_humble/install/test_rmw_implementation:/home/dammr/ros2_humble/install/test_rclcpp:/home/dammr/ros2_humble/install/test_quality_of_service:/home/dammr/ros2_humble/install/test_launch_testing:/home/dammr/ros2_humble/install/test_interface_files:/home/dammr/ros2_humble/install/test_communication:/home/dammr/ros2_humble/install/test_cli_remapping:/home/dammr/ros2_humble/install/test_cli:/home/dammr/ros2_humble/install/qt_gui_app:/home/dammr/ros2_humble/install/qt_gui:/home/dammr/ros2_humble/install/tango_icons_vendor:/home/dammr/ros2_humble/install/stereo_msgs:/home/dammr/ros2_humble/install/std_srvs:/home/dammr/ros2_humble/install/shape_msgs:/home/dammr/ros2_humble/install/map_msgs:/home/dammr/ros2_humble/install/sensor_msgs:/home/dammr/ros2_humble/install/nav_msgs:/home/dammr/ros2_humble/install/diagnostic_msgs:/home/dammr/ros2_humble/install/geometry_msgs:/home/dammr/ros2_humble/install/actionlib_msgs:/home/dammr/ros2_humble/install/std_msgs:/home/dammr/ros2_humble/install/statistics_msgs:/home/dammr/ros2_humble/install/sqlite3_vendor:/home/dammr/ros2_humble/install/rcl_logging_spdlog:/home/dammr/ros2_humble/install/spdlog_vendor:/home/dammr/ros2_humble/install/shared_queues_vendor:/home/dammr/ros2_humble/install/rviz_rendering_tests:/home/dammr/ros2_humble/install/rviz_rendering:/home/dammr/ros2_humble/install/rviz_ogre_vendor:/home/dammr/ros2_humble/install/rviz_assimp_vendor:/home/dammr/ros2_humble/install/rttest:/home/dammr/ros2_humble/install/rmw_connextddsmicro:/home/dammr/ros2_humble/install/rmw_connextdds:/home/dammr/ros2_humble/install/rmw_connextdds_common:/home/dammr/ros2_humble/install/rti_connext_dds_cmake_module:/home/dammr/ros2_humble/install/rosgraph_msgs:/home/dammr/ros2_humble/install/rosbag2_interfaces:/home/dammr/ros2_humble/install/rmw_dds_common:/home/dammr/ros2_humble/install/composition_interfaces:/home/dammr/ros2_humble/install/rcl_interfaces:/home/dammr/ros2_humble/install/pendulum_msgs:/home/dammr/ros2_humble/install/lifecycle_msgs:/home/dammr/ros2_humble/install/builtin_interfaces:/home/dammr/ros2_humble/install/rosidl_default_runtime:/home/dammr/ros2_humble/install/rosidl_default_generators:/home/dammr/ros2_humble/install/rosidl_generator_py:/home/dammr/ros2_humble/install/rosidl_typesupport_introspection_tests:/home/dammr/ros2_humble/install/rosidl_typesupport_cpp:/home/dammr/ros2_humble/install/rosidl_typesupport_introspection_cpp:/home/dammr/ros2_humble/install/rosidl_typesupport_c:/home/dammr/ros2_humble/install/rosidl_typesupport_introspection_c:/home/dammr/ros2_humble/install/rosidl_typesupport_fastrtps_c:/home/dammr/ros2_humble/install/rosidl_typesupport_fastrtps_cpp:/home/dammr/ros2_humble/install/rosidl_generator_cpp:/home/dammr/ros2_humble/install/rosidl_runtime_cpp:/home/dammr/ros2_humble/install/rcl_yaml_param_parser:/home/dammr/ros2_humble/install/rmw:/home/dammr/ros2_humble/install/rosidl_runtime_c:/home/dammr/ros2_humble/install/rosidl_generator_c:/home/dammr/ros2_humble/install/rosidl_typesupport_interface:/home/dammr/ros2_humble/install/rosidl_generator_dds_idl:/home/dammr/ros2_humble/install/rosidl_cmake:/home/dammr/ros2_humble/install/rosidl_parser:/home/dammr/ros2_humble/install/rosidl_adapter:/home/dammr/ros2_humble/install/rosbag2_tests:/home/dammr/ros2_humble/install/ros_environment:/home/dammr/ros2_humble/install/rmw_implementation_cmake:/home/dammr/ros2_humble/install/resource_retriever:/home/dammr/ros2_humble/install/class_loader:/home/dammr/ros2_humble/install/rcpputils:/home/dammr/ros2_humble/install/rcl_logging_noop:/home/dammr/ros2_humble/install/rcl_logging_interface:/home/dammr/ros2_humble/install/rcutils:/home/dammr/ros2_humble/install/qt_gui_py_common:/home/dammr/ros2_humble/install/qt_dotgraph:/home/dammr/ros2_humble/install/python_qt_binding:/home/dammr/ros2_humble/install/python_orocos_kdl_vendor:/home/dammr/ros2_humble/install/launch_testing_ament_cmake:/home/dammr/ros2_humble/install/python_cmake_module:/home/dammr/ros2_humble/install/pybind11_vendor:/home/dammr/ros2_humble/install/performance_test_fixture:/home/dammr/ros2_humble/install/osrf_testing_tools_cpp:/home/dammr/ros2_humble/install/orocos_kdl_vendor:/home/dammr/ros2_humble/install/mimick_vendor:/home/dammr/ros2_humble/install/libyaml_vendor:/home/dammr/ros2_humble/install/libcurl_vendor:/home/dammr/ros2_humble/install/keyboard_handler:/home/dammr/ros2_humble/install/iceoryx_introspection:/home/dammr/ros2_humble/install/cyclonedds:/home/dammr/ros2_humble/install/iceoryx_posh:/home/dammr/ros2_humble/install/iceoryx_hoofs:/home/dammr/ros2_humble/install/iceoryx_binding_c:/home/dammr/ros2_humble/install/ament_cmake_ros:/home/dammr/ros2_humble/install/ament_cmake_auto:/home/dammr/ros2_humble/install/ament_cmake_gmock:/home/dammr/ros2_humble/install/gmock_vendor:/home/dammr/ros2_humble/install/ament_cmake_gtest:/home/dammr/ros2_humble/install/gtest_vendor:/home/dammr/ros2_humble/install/ament_cmake_google_benchmark:/home/dammr/ros2_humble/install/google_benchmark_vendor:/home/dammr/ros2_humble/install/fastrtps:/home/dammr/ros2_humble/install/foonathan_memory_vendor:/home/dammr/ros2_humble/install/fastrtps_cmake_module:/home/dammr/ros2_humble/install/fastcdr:/home/dammr/ros2_humble/install/eigen3_cmake_module:/home/dammr/ros2_humble/install/console_bridge_vendor:/home/dammr/ros2_humble/install/ament_cmake_xmllint:/home/dammr/ros2_humble/install/ament_cmake_pyflakes:/home/dammr/ros2_humble/install/ament_cmake_pycodestyle:/home/dammr/ros2_humble/install/ament_cmake_pep257:/home/dammr/ros2_humble/install/ament_cmake_pclint:/home/dammr/ros2_humble/install/ament_lint_auto:/home/dammr/ros2_humble/install/ament_cmake:/home/dammr/ros2_humble/install/ament_cmake_version:/home/dammr/ros2_humble/install/ament_cmake_vendor_package:/home/dammr/ros2_humble/install/ament_cmake_pytest:/home/dammr/ros2_humble/install/ament_cmake_nose:/home/dammr/ros2_humble/install/ament_cmake_mypy:/home/dammr/ros2_humble/install/ament_cmake_lint_cmake:/home/dammr/ros2_humble/install/ament_cmake_flake8:/home/dammr/ros2_humble/install/ament_cmake_cpplint:/home/dammr/ros2_humble/install/ament_cmake_cppcheck:/home/dammr/ros2_humble/install/ament_cmake_copyright:/home/dammr/ros2_humble/install/ament_cmake_clang_tidy:/home/dammr/ros2_humble/install/ament_cmake_clang_format:/home/dammr/ros2_humble/install/ament_cmake_test:/home/dammr/ros2_humble/install/ament_cmake_target_dependencies:/home/dammr/ros2_humble/install/ament_cmake_python:/home/dammr/ros2_humble/install/ament_cmake_export_dependencies:/home/dammr/ros2_humble/install/ament_cmake_libraries:/home/dammr/ros2_humble/install/ament_cmake_include_directories:/home/dammr/ros2_humble/install/ament_cmake_gen_version_h:/home/dammr/ros2_humble/install/ament_cmake_export_targets:/home/dammr/ros2_humble/install/ament_cmake_export_link_flags:/home/dammr/ros2_humble/install/ament_cmake_export_interfaces:/home/dammr/ros2_humble/install/ament_cmake_export_libraries:/home/dammr/ros2_humble/install/ament_cmake_export_include_directories:/home/dammr/ros2_humble/install/ament_cmake_export_definitions:/home/dammr/ros2_humble/install/ament_cmake_core:/home/dammr/ros2_humble/install/ament_index_cpp PYTHONPATH=/home/dammr/Desktop/magister_ws/UC_SmartFarmRadar/build/radar_package/prefix_override:/usr/lib/python3/dist-packages/colcon_core/task/python/colcon_distutils_commands:/home/dammr/Desktop/magister_ws/UC_SmartFarmRadar/install/radar_package/lib/python3.10/site-packages:${PYTHONPATH} /usr/bin/python3 -W ignore:setup.py install is deprecated -W ignore:easy_install command is deprecated setup.py egg_info --egg-base ../build/radar_package build --build-base /home/dammr/Desktop/magister_ws/UC_SmartFarmRadar/build/radar_package/build install --record /home/dammr/Desktop/magister_ws/UC_SmartFarmRadar/build/radar_package/install.log --single-version-externally-managed install_data
[3.352s] DEBUG:colcon.colcon_core.event_handler.log_command:Invoking command in '/home/dammr/Desktop/magister_ws/UC_SmartFarmRadar/ptu_package': CMAKE_PREFIX_PATH=/home/dammr/Desktop/magister_ws/UC_SmartFarmRadar/install/radar_msg:/home/dammr/Desktop/magister_ws/UC_SmartFarmRadar/install/robot_description:/home/dammr/Desktop/magister_ws/UC_SmartFarmRadar/install/ptu_driver:/home/dammr/ros2_humble/install/rosbag2_storage_mcap:/home/dammr/ros2_humble/install/rosbag2:/home/dammr/ros2_humble/install/rosbag2_compression_zstd:/home/dammr/ros2_humble/install/mcap_vendor:/home/dammr/ros2_humble/install/zstd_vendor:/home/dammr/ros2_humble/install/rviz_visual_testing_framework:/home/dammr/ros2_humble/install/rviz2:/home/dammr/ros2_humble/install/rviz_default_plugins:/home/dammr/ros2_humble/install/rviz_common:/home/dammr/ros2_humble/install/rosbag2_py:/home/dammr/ros2_humble/install/rosbag2_transport:/home/dammr/ros2_humble/install/rosbag2_storage_default_plugins:/home/dammr/ros2_humble/install/rosbag2_performance_benchmarking:/home/dammr/ros2_humble/install/rosbag2_compression:/home/dammr/ros2_humble/install/rosbag2_cpp:/home/dammr/ros2_humble/install/rosbag2_storage:/home/dammr/ros2_humble/install/image_common:/home/dammr/ros2_humble/install/camera_info_manager:/home/dammr/ros2_humble/install/camera_calibration_parsers:/home/dammr/ros2_humble/install/yaml_cpp_vendor:/home/dammr/ros2_humble/install/interactive_markers:/home/dammr/ros2_humble/install/common_interfaces:/home/dammr/ros2_humble/install/visualization_msgs:/home/dammr/ros2_humble/install/dummy_robot_bringup:/home/dammr/ros2_humble/install/robot_state_publisher:/home/dammr/ros2_humble/install/kdl_parser:/home/dammr/ros2_humble/install/urdf:/home/dammr/ros2_humble/install/urdfdom:/home/dammr/ros2_humble/install/urdf_parser_plugin:/home/dammr/ros2_humble/install/urdfdom_headers:/home/dammr/ros2_humble/install/turtlesim:/home/dammr/ros2_humble/install/geometry2:/home/dammr/ros2_humble/install/tf2_sensor_msgs:/home/dammr/ros2_humble/install/test_tf2:/home/dammr/ros2_humble/install/tf2_kdl:/home/dammr/ros2_humble/install/tf2_geometry_msgs:/home/dammr/ros2_humble/install/tf2_eigen:/home/dammr/ros2_humble/install/tf2_bullet:/home/dammr/ros2_humble/install/tf2_ros:/home/dammr/ros2_humble/install/tf2_py:/home/dammr/ros2_humble/install/tf2_msgs:/home/dammr/ros2_humble/install/test_msgs:/home/dammr/ros2_humble/install/sros2_cmake:/home/dammr/ros2_humble/install/ros2cli_common_extensions:/home/dammr/ros2_humble/install/rqt_py_common:/home/dammr/ros2_humble/install/rosbag2_storage_mcap_testdata:/home/dammr/ros2_humble/install/ros_testing:/home/dammr/ros2_humble/install/ros2cli_test_interfaces:/home/dammr/ros2_humble/install/quality_of_service_demo_cpp:/home/dammr/ros2_humble/install/image_transport:/home/dammr/ros2_humble/install/message_filters:/home/dammr/ros2_humble/install/demo_nodes_cpp:/home/dammr/ros2_humble/install/composition:/home/dammr/ros2_humble/install/laser_geometry:/home/dammr/ros2_humble/install/rclpy:/home/dammr/ros2_humble/install/examples_rclcpp_minimal_action_server:/home/dammr/ros2_humble/install/examples_rclcpp_minimal_action_client:/home/dammr/ros2_humble/install/action_tutorials_cpp:/home/dammr/ros2_humble/install/rclcpp_action:/home/dammr/ros2_humble/install/rcl_action:/home/dammr/ros2_humble/install/examples_rclcpp_wait_set:/home/dammr/ros2_humble/install/examples_rclcpp_minimal_service:/home/dammr/ros2_humble/install/examples_rclcpp_minimal_client:/home/dammr/ros2_humble/install/examples_rclcpp_async_client:/home/dammr/ros2_humble/install/example_interfaces:/home/dammr/ros2_humble/install/action_tutorials_interfaces:/home/dammr/ros2_humble/install/action_msgs:/home/dammr/ros2_humble/install/unique_identifier_msgs:/home/dammr/ros2_humble/install/ament_lint_common:/home/dammr/ros2_humble/install/ament_cmake_uncrustify:/home/dammr/ros2_humble/install/uncrustify_vendor:/home/dammr/ros2_humble/install/trajectory_msgs:/home/dammr/ros2_humble/install/topic_statistics_demo:/home/dammr/ros2_humble/install/pendulum_control:/home/dammr/ros2_humble/install/tlsf_cpp:/home/dammr/ros2_humble/install/test_tracetools:/home/dammr/ros2_humble/install/rqt_gui_cpp:/home/dammr/ros2_humble/install/rosbag2_test_common:/home/dammr/ros2_humble/install/ros2lifecycle_test_fixtures:/home/dammr/ros2_humble/install/lifecycle:/home/dammr/ros2_humble/install/rclcpp_lifecycle:/home/dammr/ros2_humble/install/logging_demo:/home/dammr/ros2_humble/install/image_tools:/home/dammr/ros2_humble/install/examples_rclcpp_minimal_subscriber:/home/dammr/ros2_humble/install/examples_rclcpp_minimal_composition:/home/dammr/ros2_humble/install/demo_nodes_cpp_native:/home/dammr/ros2_humble/install/rclcpp_components:/home/dammr/ros2_humble/install/intra_process_demo:/home/dammr/ros2_humble/install/examples_rclcpp_multithreaded_executor:/home/dammr/ros2_humble/install/examples_rclcpp_minimal_timer:/home/dammr/ros2_humble/install/examples_rclcpp_minimal_publisher:/home/dammr/ros2_humble/install/examples_rclcpp_cbg_executor:/home/dammr/ros2_humble/install/dummy_sensors:/home/dammr/ros2_humble/install/dummy_map_server:/home/dammr/ros2_humble/install/rclcpp:/home/dammr/ros2_humble/install/rcl_lifecycle:/home/dammr/ros2_humble/install/libstatistics_collector:/home/dammr/ros2_humble/install/rcl:/home/dammr/ros2_humble/install/rmw_implementation:/home/dammr/ros2_humble/install/rmw_fastrtps_dynamic_cpp:/home/dammr/ros2_humble/install/rmw_fastrtps_cpp:/home/dammr/ros2_humble/install/rmw_fastrtps_shared_cpp:/home/dammr/ros2_humble/install/rmw_cyclonedds_cpp:/home/dammr/ros2_humble/install/tracetools:/home/dammr/ros2_humble/install/tlsf:/home/dammr/ros2_humble/install/tinyxml_vendor:/home/dammr/ros2_humble/install/qt_gui_core:/home/dammr/ros2_humble/install/qt_gui_cpp:/home/dammr/ros2_humble/install/pluginlib:/home/dammr/ros2_humble/install/tinyxml2_vendor:/home/dammr/ros2_humble/install/tf2_eigen_kdl:/home/dammr/ros2_humble/install/tf2:/home/dammr/ros2_humble/install/test_security:/home/dammr/ros2_humble/install/test_rmw_implementation:/home/dammr/ros2_humble/install/test_rclcpp:/home/dammr/ros2_humble/install/test_quality_of_service:/home/dammr/ros2_humble/install/test_launch_testing:/home/dammr/ros2_humble/install/test_interface_files:/home/dammr/ros2_humble/install/test_communication:/home/dammr/ros2_humble/install/test_cli_remapping:/home/dammr/ros2_humble/install/test_cli:/home/dammr/ros2_humble/install/qt_gui_app:/home/dammr/ros2_humble/install/qt_gui:/home/dammr/ros2_humble/install/tango_icons_vendor:/home/dammr/ros2_humble/install/stereo_msgs:/home/dammr/ros2_humble/install/std_srvs:/home/dammr/ros2_humble/install/shape_msgs:/home/dammr/ros2_humble/install/map_msgs:/home/dammr/ros2_humble/install/sensor_msgs:/home/dammr/ros2_humble/install/nav_msgs:/home/dammr/ros2_humble/install/diagnostic_msgs:/home/dammr/ros2_humble/install/geometry_msgs:/home/dammr/ros2_humble/install/actionlib_msgs:/home/dammr/ros2_humble/install/std_msgs:/home/dammr/ros2_humble/install/statistics_msgs:/home/dammr/ros2_humble/install/sqlite3_vendor:/home/dammr/ros2_humble/install/rcl_logging_spdlog:/home/dammr/ros2_humble/install/spdlog_vendor:/home/dammr/ros2_humble/install/shared_queues_vendor:/home/dammr/ros2_humble/install/rviz_rendering_tests:/home/dammr/ros2_humble/install/rviz_rendering:/home/dammr/ros2_humble/install/rviz_ogre_vendor:/home/dammr/ros2_humble/install/rviz_assimp_vendor:/home/dammr/ros2_humble/install/rttest:/home/dammr/ros2_humble/install/rmw_connextddsmicro:/home/dammr/ros2_humble/install/rmw_connextdds:/home/dammr/ros2_humble/install/rmw_connextdds_common:/home/dammr/ros2_humble/install/rti_connext_dds_cmake_module:/home/dammr/ros2_humble/install/rosgraph_msgs:/home/dammr/ros2_humble/install/rosbag2_interfaces:/home/dammr/ros2_humble/install/rmw_dds_common:/home/dammr/ros2_humble/install/composition_interfaces:/home/dammr/ros2_humble/install/rcl_interfaces:/home/dammr/ros2_humble/install/pendulum_msgs:/home/dammr/ros2_humble/install/lifecycle_msgs:/home/dammr/ros2_humble/install/builtin_interfaces:/home/dammr/ros2_humble/install/rosidl_default_runtime:/home/dammr/ros2_humble/install/rosidl_default_generators:/home/dammr/ros2_humble/install/rosidl_generator_py:/home/dammr/ros2_humble/install/rosidl_typesupport_introspection_tests:/home/dammr/ros2_humble/install/rosidl_typesupport_cpp:/home/dammr/ros2_humble/install/rosidl_typesupport_introspection_cpp:/home/dammr/ros2_humble/install/rosidl_typesupport_c:/home/dammr/ros2_humble/install/rosidl_typesupport_introspection_c:/home/dammr/ros2_humble/install/rosidl_typesupport_fastrtps_c:/home/dammr/ros2_humble/install/rosidl_typesupport_fastrtps_cpp:/home/dammr/ros2_humble/install/rosidl_generator_cpp:/home/dammr/ros2_humble/install/rosidl_runtime_cpp:/home/dammr/ros2_humble/install/rcl_yaml_param_parser:/home/dammr/ros2_humble/install/rmw:/home/dammr/ros2_humble/install/rosidl_runtime_c:/home/dammr/ros2_humble/install/rosidl_generator_c:/home/dammr/ros2_humble/install/rosidl_typesupport_interface:/home/dammr/ros2_humble/install/rosidl_generator_dds_idl:/home/dammr/ros2_humble/install/rosidl_cmake:/home/dammr/ros2_humble/install/rosidl_parser:/home/dammr/ros2_humble/install/rosidl_adapter:/home/dammr/ros2_humble/install/rosbag2_tests:/home/dammr/ros2_humble/install/ros_environment:/home/dammr/ros2_humble/install/rmw_implementation_cmake:/home/dammr/ros2_humble/install/resource_retriever:/home/dammr/ros2_humble/install/class_loader:/home/dammr/ros2_humble/install/rcpputils:/home/dammr/ros2_humble/install/rcl_logging_noop:/home/dammr/ros2_humble/install/rcl_logging_interface:/home/dammr/ros2_humble/install/rcutils:/home/dammr/ros2_humble/install/qt_gui_py_common:/home/dammr/ros2_humble/install/qt_dotgraph:/home/dammr/ros2_humble/install/python_qt_binding:/home/dammr/ros2_humble/install/python_orocos_kdl_vendor:/home/dammr/ros2_humble/install/launch_testing_ament_cmake:/home/dammr/ros2_humble/install/python_cmake_module:/home/dammr/ros2_humble/install/pybind11_vendor:/home/dammr/ros2_humble/install/performance_test_fixture:/home/dammr/ros2_humble/install/osrf_testing_tools_cpp:/home/dammr/ros2_humble/install/orocos_kdl_vendor:/home/dammr/ros2_humble/install/mimick_vendor:/home/dammr/ros2_humble/install/libyaml_vendor:/home/dammr/ros2_humble/install/libcurl_vendor:/home/dammr/ros2_humble/install/keyboard_handler:/home/dammr/ros2_humble/install/iceoryx_introspection:/home/dammr/ros2_humble/install/cyclonedds:/home/dammr/ros2_humble/install/iceoryx_posh:/home/dammr/ros2_humble/install/iceoryx_hoofs:/home/dammr/ros2_humble/install/iceoryx_binding_c:/home/dammr/ros2_humble/install/ament_cmake_ros:/home/dammr/ros2_humble/install/ament_cmake_auto:/home/dammr/ros2_humble/install/ament_cmake_gmock:/home/dammr/ros2_humble/install/gmock_vendor:/home/dammr/ros2_humble/install/ament_cmake_gtest:/home/dammr/ros2_humble/install/gtest_vendor:/home/dammr/ros2_humble/install/ament_cmake_google_benchmark:/home/dammr/ros2_humble/install/google_benchmark_vendor:/home/dammr/ros2_humble/install/fastrtps:/home/dammr/ros2_humble/install/foonathan_memory_vendor:/home/dammr/ros2_humble/install/fastrtps_cmake_module:/home/dammr/ros2_humble/install/fastcdr:/home/dammr/ros2_humble/install/eigen3_cmake_module:/home/dammr/ros2_humble/install/console_bridge_vendor:/home/dammr/ros2_humble/install/ament_cmake_xmllint:/home/dammr/ros2_humble/install/ament_cmake_pyflakes:/home/dammr/ros2_humble/install/ament_cmake_pycodestyle:/home/dammr/ros2_humble/install/ament_cmake_pep257:/home/dammr/ros2_humble/install/ament_cmake_pclint:/home/dammr/ros2_humble/install/ament_lint_auto:/home/dammr/ros2_humble/install/ament_cmake:/home/dammr/ros2_humble/install/ament_cmake_version:/home/dammr/ros2_humble/install/ament_cmake_vendor_package:/home/dammr/ros2_humble/install/ament_cmake_pytest:/home/dammr/ros2_humble/install/ament_cmake_nose:/home/dammr/ros2_humble/install/ament_cmake_mypy:/home/dammr/ros2_humble/install/ament_cmake_lint_cmake:/home/dammr/ros2_humble/install/ament_cmake_flake8:/home/dammr/ros2_humble/install/ament_cmake_cpplint:/home/dammr/ros2_humble/install/ament_cmake_cppcheck:/home/dammr/ros2_humble/install/ament_cmake_copyright:/home/dammr/ros2_humble/install/ament_cmake_clang_tidy:/home/dammr/ros2_humble/install/ament_cmake_clang_format:/home/dammr/ros2_humble/install/ament_cmake_test:/home/dammr/ros2_humble/install/ament_cmake_target_dependencies:/home/dammr/ros2_humble/install/ament_cmake_python:/home/dammr/ros2_humble/install/ament_cmake_export_dependencies:/home/dammr/ros2_humble/install/ament_cmake_libraries:/home/dammr/ros2_humble/install/ament_cmake_include_directories:/home/dammr/ros2_humble/install/ament_cmake_gen_version_h:/home/dammr/ros2_humble/install/ament_cmake_export_targets:/home/dammr/ros2_humble/install/ament_cmake_export_link_flags:/home/dammr/ros2_humble/install/ament_cmake_export_interfaces:/home/dammr/ros2_humble/install/ament_cmake_export_libraries:/home/dammr/ros2_humble/install/ament_cmake_export_include_directories:/home/dammr/ros2_humble/install/ament_cmake_export_definitions:/home/dammr/ros2_humble/install/ament_cmake_core:/home/dammr/ros2_humble/install/ament_index_cpp PYTHONPATH=/home/dammr/Desktop/magister_ws/UC_SmartFarmRadar/build/ptu_package/prefix_override:/usr/lib/python3/dist-packages/colcon_core/task/python/colcon_distutils_commands:/home/dammr/Desktop/magister_ws/UC_SmartFarmRadar/install/ptu_package/lib/python3.10/site-packages:${PYTHONPATH} /usr/bin/python3 -W ignore:setup.py install is deprecated -W ignore:easy_install command is deprecated setup.py egg_info --egg-base ../build/ptu_package build --build-base /home/dammr/Desktop/magister_ws/UC_SmartFarmRadar/build/ptu_package/build install --record /home/dammr/Desktop/magister_ws/UC_SmartFarmRadar/build/ptu_package/install.log --single-version-externally-managed install_data
[3.773s] Level 1:colcon.colcon_core.environment:checking '/home/dammr/Desktop/magister_ws/UC_SmartFarmRadar/install/state_machine' for CMake module files
[3.773s] DEBUG:colcon.colcon_core.event_handler.log_command:Invoked command in '/home/dammr/Desktop/magister_ws/UC_SmartFarmRadar/state_machine' returned '0': CMAKE_PREFIX_PATH=/home/dammr/Desktop/magister_ws/UC_SmartFarmRadar/install/radar_msg:/home/dammr/Desktop/magister_ws/UC_SmartFarmRadar/install/robot_description:/home/dammr/Desktop/magister_ws/UC_SmartFarmRadar/install/ptu_driver:/home/dammr/ros2_humble/install/rosbag2_storage_mcap:/home/dammr/ros2_humble/install/rosbag2:/home/dammr/ros2_humble/install/rosbag2_compression_zstd:/home/dammr/ros2_humble/install/mcap_vendor:/home/dammr/ros2_humble/install/zstd_vendor:/home/dammr/ros2_humble/install/rviz_visual_testing_framework:/home/dammr/ros2_humble/install/rviz2:/home/dammr/ros2_humble/install/rviz_default_plugins:/home/dammr/ros2_humble/install/rviz_common:/home/dammr/ros2_humble/install/rosbag2_py:/home/dammr/ros2_humble/install/rosbag2_transport:/home/dammr/ros2_humble/install/rosbag2_storage_default_plugins:/home/dammr/ros2_humble/install/rosbag2_performance_benchmarking:/home/dammr/ros2_humble/install/rosbag2_compression:/home/dammr/ros2_humble/install/rosbag2_cpp:/home/dammr/ros2_humble/install/rosbag2_storage:/home/dammr/ros2_humble/install/image_common:/home/dammr/ros2_humble/install/camera_info_manager:/home/dammr/ros2_humble/install/camera_calibration_parsers:/home/dammr/ros2_humble/install/yaml_cpp_vendor:/home/dammr/ros2_humble/install/interactive_markers:/home/dammr/ros2_humble/install/common_interfaces:/home/dammr/ros2_humble/install/visualization_msgs:/home/dammr/ros2_humble/install/dummy_robot_bringup:/home/dammr/ros2_humble/install/robot_state_publisher:/home/dammr/ros2_humble/install/kdl_parser:/home/dammr/ros2_humble/install/urdf:/home/dammr/ros2_humble/install/urdfdom:/home/dammr/ros2_humble/install/urdf_parser_plugin:/home/dammr/ros2_humble/install/urdfdom_headers:/home/dammr/ros2_humble/install/turtlesim:/home/dammr/ros2_humble/install/geometry2:/home/dammr/ros2_humble/install/tf2_sensor_msgs:/home/dammr/ros2_humble/install/test_tf2:/home/dammr/ros2_humble/install/tf2_kdl:/home/dammr/ros2_humble/install/tf2_geometry_msgs:/home/dammr/ros2_humble/install/tf2_eigen:/home/dammr/ros2_humble/install/tf2_bullet:/home/dammr/ros2_humble/install/tf2_ros:/home/dammr/ros2_humble/install/tf2_py:/home/dammr/ros2_humble/install/tf2_msgs:/home/dammr/ros2_humble/install/test_msgs:/home/dammr/ros2_humble/install/sros2_cmake:/home/dammr/ros2_humble/install/ros2cli_common_extensions:/home/dammr/ros2_humble/install/rqt_py_common:/home/dammr/ros2_humble/install/rosbag2_storage_mcap_testdata:/home/dammr/ros2_humble/install/ros_testing:/home/dammr/ros2_humble/install/ros2cli_test_interfaces:/home/dammr/ros2_humble/install/quality_of_service_demo_cpp:/home/dammr/ros2_humble/install/image_transport:/home/dammr/ros2_humble/install/message_filters:/home/dammr/ros2_humble/install/demo_nodes_cpp:/home/dammr/ros2_humble/install/composition:/home/dammr/ros2_humble/install/laser_geometry:/home/dammr/ros2_humble/install/rclpy:/home/dammr/ros2_humble/install/examples_rclcpp_minimal_action_server:/home/dammr/ros2_humble/install/examples_rclcpp_minimal_action_client:/home/dammr/ros2_humble/install/action_tutorials_cpp:/home/dammr/ros2_humble/install/rclcpp_action:/home/dammr/ros2_humble/install/rcl_action:/home/dammr/ros2_humble/install/examples_rclcpp_wait_set:/home/dammr/ros2_humble/install/examples_rclcpp_minimal_service:/home/dammr/ros2_humble/install/examples_rclcpp_minimal_client:/home/dammr/ros2_humble/install/examples_rclcpp_async_client:/home/dammr/ros2_humble/install/example_interfaces:/home/dammr/ros2_humble/install/action_tutorials_interfaces:/home/dammr/ros2_humble/install/action_msgs:/home/dammr/ros2_humble/install/unique_identifier_msgs:/home/dammr/ros2_humble/install/ament_lint_common:/home/dammr/ros2_humble/install/ament_cmake_uncrustify:/home/dammr/ros2_humble/install/uncrustify_vendor:/home/dammr/ros2_humble/install/trajectory_msgs:/home/dammr/ros2_humble/install/topic_statistics_demo:/home/dammr/ros2_humble/install/pendulum_control:/home/dammr/ros2_humble/install/tlsf_cpp:/home/dammr/ros2_humble/install/test_tracetools:/home/dammr/ros2_humble/install/rqt_gui_cpp:/home/dammr/ros2_humble/install/rosbag2_test_common:/home/dammr/ros2_humble/install/ros2lifecycle_test_fixtures:/home/dammr/ros2_humble/install/lifecycle:/home/dammr/ros2_humble/install/rclcpp_lifecycle:/home/dammr/ros2_humble/install/logging_demo:/home/dammr/ros2_humble/install/image_tools:/home/dammr/ros2_humble/install/examples_rclcpp_minimal_subscriber:/home/dammr/ros2_humble/install/examples_rclcpp_minimal_composition:/home/dammr/ros2_humble/install/demo_nodes_cpp_native:/home/dammr/ros2_humble/install/rclcpp_components:/home/dammr/ros2_humble/install/intra_process_demo:/home/dammr/ros2_humble/install/examples_rclcpp_multithreaded_executor:/home/dammr/ros2_humble/install/examples_rclcpp_minimal_timer:/home/dammr/ros2_humble/install/examples_rclcpp_minimal_publisher:/home/dammr/ros2_humble/install/examples_rclcpp_cbg_executor:/home/dammr/ros2_humble/install/dummy_sensors:/home/dammr/ros2_humble/install/dummy_map_server:/home/dammr/ros2_humble/install/rclcpp:/home/dammr/ros2_humble/install/rcl_lifecycle:/home/dammr/ros2_humble/install/libstatistics_collector:/home/dammr/ros2_humble/install/rcl:/home/dammr/ros2_humble/install/rmw_implementation:/home/dammr/ros2_humble/install/rmw_fastrtps_dynamic_cpp:/home/dammr/ros2_humble/install/rmw_fastrtps_cpp:/home/dammr/ros2_humble/install/rmw_fastrtps_shared_cpp:/home/dammr/ros2_humble/install/rmw_cyclonedds_cpp:/home/dammr/ros2_humble/install/tracetools:/home/dammr/ros2_humble/install/tlsf:/home/dammr/ros2_humble/install/tinyxml_vendor:/home/dammr/ros2_humble/install/qt_gui_core:/home/dammr/ros2_humble/install/qt_gui_cpp:/home/dammr/ros2_humble/install/pluginlib:/home/dammr/ros2_humble/install/tinyxml2_vendor:/home/dammr/ros2_humble/install/tf2_eigen_kdl:/home/dammr/ros2_humble/install/tf2:/home/dammr/ros2_humble/install/test_security:/home/dammr/ros2_humble/install/test_rmw_implementation:/home/dammr/ros2_humble/install/test_rclcpp:/home/dammr/ros2_humble/install/test_quality_of_service:/home/dammr/ros2_humble/install/test_launch_testing:/home/dammr/ros2_humble/install/test_interface_files:/home/dammr/ros2_humble/install/test_communication:/home/dammr/ros2_humble/install/test_cli_remapping:/home/dammr/ros2_humble/install/test_cli:/home/dammr/ros2_humble/install/qt_gui_app:/home/dammr/ros2_humble/install/qt_gui:/home/dammr/ros2_humble/install/tango_icons_vendor:/home/dammr/ros2_humble/install/stereo_msgs:/home/dammr/ros2_humble/install/std_srvs:/home/dammr/ros2_humble/install/shape_msgs:/home/dammr/ros2_humble/install/map_msgs:/home/dammr/ros2_humble/install/sensor_msgs:/home/dammr/ros2_humble/install/nav_msgs:/home/dammr/ros2_humble/install/diagnostic_msgs:/home/dammr/ros2_humble/install/geometry_msgs:/home/dammr/ros2_humble/install/actionlib_msgs:/home/dammr/ros2_humble/install/std_msgs:/home/dammr/ros2_humble/install/statistics_msgs:/home/dammr/ros2_humble/install/sqlite3_vendor:/home/dammr/ros2_humble/install/rcl_logging_spdlog:/home/dammr/ros2_humble/install/spdlog_vendor:/home/dammr/ros2_humble/install/shared_queues_vendor:/home/dammr/ros2_humble/install/rviz_rendering_tests:/home/dammr/ros2_humble/install/rviz_rendering:/home/dammr/ros2_humble/install/rviz_ogre_vendor:/home/dammr/ros2_humble/install/rviz_assimp_vendor:/home/dammr/ros2_humble/install/rttest:/home/dammr/ros2_humble/install/rmw_connextddsmicro:/home/dammr/ros2_humble/install/rmw_connextdds:/home/dammr/ros2_humble/install/rmw_connextdds_common:/home/dammr/ros2_humble/install/rti_connext_dds_cmake_module:/home/dammr/ros2_humble/install/rosgraph_msgs:/home/dammr/ros2_humble/install/rosbag2_interfaces:/home/dammr/ros2_humble/install/rmw_dds_common:/home/dammr/ros2_humble/install/composition_interfaces:/home/dammr/ros2_humble/install/rcl_interfaces:/home/dammr/ros2_humble/install/pendulum_msgs:/home/dammr/ros2_humble/install/lifecycle_msgs:/home/dammr/ros2_humble/install/builtin_interfaces:/home/dammr/ros2_humble/install/rosidl_default_runtime:/home/dammr/ros2_humble/install/rosidl_default_generators:/home/dammr/ros2_humble/install/rosidl_generator_py:/home/dammr/ros2_humble/install/rosidl_typesupport_introspection_tests:/home/dammr/ros2_humble/install/rosidl_typesupport_cpp:/home/dammr/ros2_humble/install/rosidl_typesupport_introspection_cpp:/home/dammr/ros2_humble/install/rosidl_typesupport_c:/home/dammr/ros2_humble/install/rosidl_typesupport_introspection_c:/home/dammr/ros2_humble/install/rosidl_typesupport_fastrtps_c:/home/dammr/ros2_humble/install/rosidl_typesupport_fastrtps_cpp:/home/dammr/ros2_humble/install/rosidl_generator_cpp:/home/dammr/ros2_humble/install/rosidl_runtime_cpp:/home/dammr/ros2_humble/install/rcl_yaml_param_parser:/home/dammr/ros2_humble/install/rmw:/home/dammr/ros2_humble/install/rosidl_runtime_c:/home/dammr/ros2_humble/install/rosidl_generator_c:/home/dammr/ros2_humble/install/rosidl_typesupport_interface:/home/dammr/ros2_humble/install/rosidl_generator_dds_idl:/home/dammr/ros2_humble/install/rosidl_cmake:/home/dammr/ros2_humble/install/rosidl_parser:/home/dammr/ros2_humble/install/rosidl_adapter:/home/dammr/ros2_humble/install/rosbag2_tests:/home/dammr/ros2_humble/install/ros_environment:/home/dammr/ros2_humble/install/rmw_implementation_cmake:/home/dammr/ros2_humble/install/resource_retriever:/home/dammr/ros2_humble/install/class_loader:/home/dammr/ros2_humble/install/rcpputils:/home/dammr/ros2_humble/install/rcl_logging_noop:/home/dammr/ros2_humble/install/rcl_logging_interface:/home/dammr/ros2_humble/install/rcutils:/home/dammr/ros2_humble/install/qt_gui_py_common:/home/dammr/ros2_humble/install/qt_dotgraph:/home/dammr/ros2_humble/install/python_qt_binding:/home/dammr/ros2_humble/install/python_orocos_kdl_vendor:/home/dammr/ros2_humble/install/launch_testing_ament_cmake:/home/dammr/ros2_humble/install/python_cmake_module:/home/dammr/ros2_humble/install/pybind11_vendor:/home/dammr/ros2_humble/install/performance_test_fixture:/home/dammr/ros2_humble/install/osrf_testing_tools_cpp:/home/dammr/ros2_humble/install/orocos_kdl_vendor:/home/dammr/ros2_humble/install/mimick_vendor:/home/dammr/ros2_humble/install/libyaml_vendor:/home/dammr/ros2_humble/install/libcurl_vendor:/home/dammr/ros2_humble/install/keyboard_handler:/home/dammr/ros2_humble/install/iceoryx_introspection:/home/dammr/ros2_humble/install/cyclonedds:/home/dammr/ros2_humble/install/iceoryx_posh:/home/dammr/ros2_humble/install/iceoryx_hoofs:/home/dammr/ros2_humble/install/iceoryx_binding_c:/home/dammr/ros2_humble/install/ament_cmake_ros:/home/dammr/ros2_humble/install/ament_cmake_auto:/home/dammr/ros2_humble/install/ament_cmake_gmock:/home/dammr/ros2_humble/install/gmock_vendor:/home/dammr/ros2_humble/install/ament_cmake_gtest:/home/dammr/ros2_humble/install/gtest_vendor:/home/dammr/ros2_humble/install/ament_cmake_google_benchmark:/home/dammr/ros2_humble/install/google_benchmark_vendor:/home/dammr/ros2_humble/install/fastrtps:/home/dammr/ros2_humble/install/foonathan_memory_vendor:/home/dammr/ros2_humble/install/fastrtps_cmake_module:/home/dammr/ros2_humble/install/fastcdr:/home/dammr/ros2_humble/install/eigen3_cmake_module:/home/dammr/ros2_humble/install/console_bridge_vendor:/home/dammr/ros2_humble/install/ament_cmake_xmllint:/home/dammr/ros2_humble/install/ament_cmake_pyflakes:/home/dammr/ros2_humble/install/ament_cmake_pycodestyle:/home/dammr/ros2_humble/install/ament_cmake_pep257:/home/dammr/ros2_humble/install/ament_cmake_pclint:/home/dammr/ros2_humble/install/ament_lint_auto:/home/dammr/ros2_humble/install/ament_cmake:/home/dammr/ros2_humble/install/ament_cmake_version:/home/dammr/ros2_humble/install/ament_cmake_vendor_package:/home/dammr/ros2_humble/install/ament_cmake_pytest:/home/dammr/ros2_humble/install/ament_cmake_nose:/home/dammr/ros2_humble/install/ament_cmake_mypy:/home/dammr/ros2_humble/install/ament_cmake_lint_cmake:/home/dammr/ros2_humble/install/ament_cmake_flake8:/home/dammr/ros2_humble/install/ament_cmake_cpplint:/home/dammr/ros2_humble/install/ament_cmake_cppcheck:/home/dammr/ros2_humble/install/ament_cmake_copyright:/home/dammr/ros2_humble/install/ament_cmake_clang_tidy:/home/dammr/ros2_humble/install/ament_cmake_clang_format:/home/dammr/ros2_humble/install/ament_cmake_test:/home/dammr/ros2_humble/install/ament_cmake_target_dependencies:/home/dammr/ros2_humble/install/ament_cmake_python:/home/dammr/ros2_humble/install/ament_cmake_export_dependencies:/home/dammr/ros2_humble/install/ament_cmake_libraries:/home/dammr/ros2_humble/install/ament_cmake_include_directories:/home/dammr/ros2_humble/install/ament_cmake_gen_version_h:/home/dammr/ros2_humble/install/ament_cmake_export_targets:/home/dammr/ros2_humble/install/ament_cmake_export_link_flags:/home/dammr/ros2_humble/install/ament_cmake_export_interfaces:/home/dammr/ros2_humble/install/ament_cmake_export_libraries:/home/dammr/ros2_humble/install/ament_cmake_export_include_directories:/home/dammr/ros2_humble/install/ament_cmake_export_definitions:/home/dammr/ros2_humble/install/ament_cmake_core:/home/dammr/ros2_humble/install/ament_index_cpp PYTHONPATH=/home/dammr/Desktop/magister_ws/UC_SmartFarmRadar/build/state_machine/prefix_override:/usr/lib/python3/dist-packages/colcon_core/task/python/colcon_distutils_commands:/home/dammr/Desktop/magister_ws/UC_SmartFarmRadar/install/state_machine/lib/python3.10/site-packages:${PYTHONPATH} /usr/bin/python3 -W ignore:setup.py install is deprecated -W ignore:easy_install command is deprecated setup.py egg_info --egg-base ../build/state_machine build --build-base /home/dammr/Desktop/magister_ws/UC_SmartFarmRadar/build/state_machine/build install --record /home/dammr/Desktop/magister_ws/UC_SmartFarmRadar/build/state_machine/install.log --single-version-externally-managed install_data
[3.774s] Level 1:colcon.colcon_core.environment:checking '/home/dammr/Desktop/magister_ws/UC_SmartFarmRadar/install/state_machine' for CMake config files
[3.774s] Level 1:colcon.colcon_core.environment:checking '/home/dammr/Desktop/magister_ws/UC_SmartFarmRadar/install/state_machine/lib'
[3.774s] Level 1:colcon.colcon_core.environment:checking '/home/dammr/Desktop/magister_ws/UC_SmartFarmRadar/install/state_machine/bin'
[3.774s] Level 1:colcon.colcon_core.environment:checking '/home/dammr/Desktop/magister_ws/UC_SmartFarmRadar/install/state_machine/lib/pkgconfig/state_machine.pc'
[3.774s] Level 1:colcon.colcon_core.environment:checking '/home/dammr/Desktop/magister_ws/UC_SmartFarmRadar/install/state_machine/lib/python3.10/site-packages'
[3.774s] Level 1:colcon.colcon_core.shell:create_environment_hook('state_machine', 'pythonpath')
[3.775s] INFO:colcon.colcon_core.shell:Creating environment hook '/home/dammr/Desktop/magister_ws/UC_SmartFarmRadar/install/state_machine/share/state_machine/hook/pythonpath.ps1'
[3.775s] INFO:colcon.colcon_core.shell:Creating environment descriptor '/home/dammr/Desktop/magister_ws/UC_SmartFarmRadar/install/state_machine/share/state_machine/hook/pythonpath.dsv'
[3.775s] INFO:colcon.colcon_core.shell:Creating environment hook '/home/dammr/Desktop/magister_ws/UC_SmartFarmRadar/install/state_machine/share/state_machine/hook/pythonpath.sh'
[3.776s] Level 1:colcon.colcon_core.environment:checking '/home/dammr/Desktop/magister_ws/UC_SmartFarmRadar/install/state_machine/bin'
[3.776s] Level 1:colcon.colcon_core.environment:create_environment_scripts_only(state_machine)
[3.776s] INFO:colcon.colcon_core.shell:Creating package script '/home/dammr/Desktop/magister_ws/UC_SmartFarmRadar/install/state_machine/share/state_machine/package.ps1'
[3.776s] INFO:colcon.colcon_core.shell:Creating package descriptor '/home/dammr/Desktop/magister_ws/UC_SmartFarmRadar/install/state_machine/share/state_machine/package.dsv'
[3.777s] INFO:colcon.colcon_core.shell:Creating package script '/home/dammr/Desktop/magister_ws/UC_SmartFarmRadar/install/state_machine/share/state_machine/package.sh'
[3.777s] INFO:colcon.colcon_core.shell:Creating package script '/home/dammr/Desktop/magister_ws/UC_SmartFarmRadar/install/state_machine/share/state_machine/package.bash'
[3.777s] INFO:colcon.colcon_core.shell:Creating package script '/home/dammr/Desktop/magister_ws/UC_SmartFarmRadar/install/state_machine/share/state_machine/package.zsh'
[3.777s] Level 1:colcon.colcon_core.environment:create_file_with_runtime_dependencies(/home/dammr/Desktop/magister_ws/UC_SmartFarmRadar/install/state_machine/share/colcon-core/packages/state_machine)
[3.792s] Level 1:colcon.colcon_core.environment:checking '/home/dammr/Desktop/magister_ws/UC_SmartFarmRadar/install/radar_package' for CMake module files
[3.793s] DEBUG:colcon.colcon_core.event_handler.log_command:Invoked command in '/home/dammr/Desktop/magister_ws/UC_SmartFarmRadar/radar_package' returned '0': CMAKE_PREFIX_PATH=/home/dammr/Desktop/magister_ws/UC_SmartFarmRadar/install/radar_msg:/home/dammr/Desktop/magister_ws/UC_SmartFarmRadar/install/robot_description:/home/dammr/Desktop/magister_ws/UC_SmartFarmRadar/install/ptu_driver:/home/dammr/ros2_humble/install/rosbag2_storage_mcap:/home/dammr/ros2_humble/install/rosbag2:/home/dammr/ros2_humble/install/rosbag2_compression_zstd:/home/dammr/ros2_humble/install/mcap_vendor:/home/dammr/ros2_humble/install/zstd_vendor:/home/dammr/ros2_humble/install/rviz_visual_testing_framework:/home/dammr/ros2_humble/install/rviz2:/home/dammr/ros2_humble/install/rviz_default_plugins:/home/dammr/ros2_humble/install/rviz_common:/home/dammr/ros2_humble/install/rosbag2_py:/home/dammr/ros2_humble/install/rosbag2_transport:/home/dammr/ros2_humble/install/rosbag2_storage_default_plugins:/home/dammr/ros2_humble/install/rosbag2_performance_benchmarking:/home/dammr/ros2_humble/install/rosbag2_compression:/home/dammr/ros2_humble/install/rosbag2_cpp:/home/dammr/ros2_humble/install/rosbag2_storage:/home/dammr/ros2_humble/install/image_common:/home/dammr/ros2_humble/install/camera_info_manager:/home/dammr/ros2_humble/install/camera_calibration_parsers:/home/dammr/ros2_humble/install/yaml_cpp_vendor:/home/dammr/ros2_humble/install/interactive_markers:/home/dammr/ros2_humble/install/common_interfaces:/home/dammr/ros2_humble/install/visualization_msgs:/home/dammr/ros2_humble/install/dummy_robot_bringup:/home/dammr/ros2_humble/install/robot_state_publisher:/home/dammr/ros2_humble/install/kdl_parser:/home/dammr/ros2_humble/install/urdf:/home/dammr/ros2_humble/install/urdfdom:/home/dammr/ros2_humble/install/urdf_parser_plugin:/home/dammr/ros2_humble/install/urdfdom_headers:/home/dammr/ros2_humble/install/turtlesim:/home/dammr/ros2_humble/install/geometry2:/home/dammr/ros2_humble/install/tf2_sensor_msgs:/home/dammr/ros2_humble/install/test_tf2:/home/dammr/ros2_humble/install/tf2_kdl:/home/dammr/ros2_humble/install/tf2_geometry_msgs:/home/dammr/ros2_humble/install/tf2_eigen:/home/dammr/ros2_humble/install/tf2_bullet:/home/dammr/ros2_humble/install/tf2_ros:/home/dammr/ros2_humble/install/tf2_py:/home/dammr/ros2_humble/install/tf2_msgs:/home/dammr/ros2_humble/install/test_msgs:/home/dammr/ros2_humble/install/sros2_cmake:/home/dammr/ros2_humble/install/ros2cli_common_extensions:/home/dammr/ros2_humble/install/rqt_py_common:/home/dammr/ros2_humble/install/rosbag2_storage_mcap_testdata:/home/dammr/ros2_humble/install/ros_testing:/home/dammr/ros2_humble/install/ros2cli_test_interfaces:/home/dammr/ros2_humble/install/quality_of_service_demo_cpp:/home/dammr/ros2_humble/install/image_transport:/home/dammr/ros2_humble/install/message_filters:/home/dammr/ros2_humble/install/demo_nodes_cpp:/home/dammr/ros2_humble/install/composition:/home/dammr/ros2_humble/install/laser_geometry:/home/dammr/ros2_humble/install/rclpy:/home/dammr/ros2_humble/install/examples_rclcpp_minimal_action_server:/home/dammr/ros2_humble/install/examples_rclcpp_minimal_action_client:/home/dammr/ros2_humble/install/action_tutorials_cpp:/home/dammr/ros2_humble/install/rclcpp_action:/home/dammr/ros2_humble/install/rcl_action:/home/dammr/ros2_humble/install/examples_rclcpp_wait_set:/home/dammr/ros2_humble/install/examples_rclcpp_minimal_service:/home/dammr/ros2_humble/install/examples_rclcpp_minimal_client:/home/dammr/ros2_humble/install/examples_rclcpp_async_client:/home/dammr/ros2_humble/install/example_interfaces:/home/dammr/ros2_humble/install/action_tutorials_interfaces:/home/dammr/ros2_humble/install/action_msgs:/home/dammr/ros2_humble/install/unique_identifier_msgs:/home/dammr/ros2_humble/install/ament_lint_common:/home/dammr/ros2_humble/install/ament_cmake_uncrustify:/home/dammr/ros2_humble/install/uncrustify_vendor:/home/dammr/ros2_humble/install/trajectory_msgs:/home/dammr/ros2_humble/install/topic_statistics_demo:/home/dammr/ros2_humble/install/pendulum_control:/home/dammr/ros2_humble/install/tlsf_cpp:/home/dammr/ros2_humble/install/test_tracetools:/home/dammr/ros2_humble/install/rqt_gui_cpp:/home/dammr/ros2_humble/install/rosbag2_test_common:/home/dammr/ros2_humble/install/ros2lifecycle_test_fixtures:/home/dammr/ros2_humble/install/lifecycle:/home/dammr/ros2_humble/install/rclcpp_lifecycle:/home/dammr/ros2_humble/install/logging_demo:/home/dammr/ros2_humble/install/image_tools:/home/dammr/ros2_humble/install/examples_rclcpp_minimal_subscriber:/home/dammr/ros2_humble/install/examples_rclcpp_minimal_composition:/home/dammr/ros2_humble/install/demo_nodes_cpp_native:/home/dammr/ros2_humble/install/rclcpp_components:/home/dammr/ros2_humble/install/intra_process_demo:/home/dammr/ros2_humble/install/examples_rclcpp_multithreaded_executor:/home/dammr/ros2_humble/install/examples_rclcpp_minimal_timer:/home/dammr/ros2_humble/install/examples_rclcpp_minimal_publisher:/home/dammr/ros2_humble/install/examples_rclcpp_cbg_executor:/home/dammr/ros2_humble/install/dummy_sensors:/home/dammr/ros2_humble/install/dummy_map_server:/home/dammr/ros2_humble/install/rclcpp:/home/dammr/ros2_humble/install/rcl_lifecycle:/home/dammr/ros2_humble/install/libstatistics_collector:/home/dammr/ros2_humble/install/rcl:/home/dammr/ros2_humble/install/rmw_implementation:/home/dammr/ros2_humble/install/rmw_fastrtps_dynamic_cpp:/home/dammr/ros2_humble/install/rmw_fastrtps_cpp:/home/dammr/ros2_humble/install/rmw_fastrtps_shared_cpp:/home/dammr/ros2_humble/install/rmw_cyclonedds_cpp:/home/dammr/ros2_humble/install/tracetools:/home/dammr/ros2_humble/install/tlsf:/home/dammr/ros2_humble/install/tinyxml_vendor:/home/dammr/ros2_humble/install/qt_gui_core:/home/dammr/ros2_humble/install/qt_gui_cpp:/home/dammr/ros2_humble/install/pluginlib:/home/dammr/ros2_humble/install/tinyxml2_vendor:/home/dammr/ros2_humble/install/tf2_eigen_kdl:/home/dammr/ros2_humble/install/tf2:/home/dammr/ros2_humble/install/test_security:/home/dammr/ros2_humble/install/test_rmw_implementation:/home/dammr/ros2_humble/install/test_rclcpp:/home/dammr/ros2_humble/install/test_quality_of_service:/home/dammr/ros2_humble/install/test_launch_testing:/home/dammr/ros2_humble/install/test_interface_files:/home/dammr/ros2_humble/install/test_communication:/home/dammr/ros2_humble/install/test_cli_remapping:/home/dammr/ros2_humble/install/test_cli:/home/dammr/ros2_humble/install/qt_gui_app:/home/dammr/ros2_humble/install/qt_gui:/home/dammr/ros2_humble/install/tango_icons_vendor:/home/dammr/ros2_humble/install/stereo_msgs:/home/dammr/ros2_humble/install/std_srvs:/home/dammr/ros2_humble/install/shape_msgs:/home/dammr/ros2_humble/install/map_msgs:/home/dammr/ros2_humble/install/sensor_msgs:/home/dammr/ros2_humble/install/nav_msgs:/home/dammr/ros2_humble/install/diagnostic_msgs:/home/dammr/ros2_humble/install/geometry_msgs:/home/dammr/ros2_humble/install/actionlib_msgs:/home/dammr/ros2_humble/install/std_msgs:/home/dammr/ros2_humble/install/statistics_msgs:/home/dammr/ros2_humble/install/sqlite3_vendor:/home/dammr/ros2_humble/install/rcl_logging_spdlog:/home/dammr/ros2_humble/install/spdlog_vendor:/home/dammr/ros2_humble/install/shared_queues_vendor:/home/dammr/ros2_humble/install/rviz_rendering_tests:/home/dammr/ros2_humble/install/rviz_rendering:/home/dammr/ros2_humble/install/rviz_ogre_vendor:/home/dammr/ros2_humble/install/rviz_assimp_vendor:/home/dammr/ros2_humble/install/rttest:/home/dammr/ros2_humble/install/rmw_connextddsmicro:/home/dammr/ros2_humble/install/rmw_connextdds:/home/dammr/ros2_humble/install/rmw_connextdds_common:/home/dammr/ros2_humble/install/rti_connext_dds_cmake_module:/home/dammr/ros2_humble/install/rosgraph_msgs:/home/dammr/ros2_humble/install/rosbag2_interfaces:/home/dammr/ros2_humble/install/rmw_dds_common:/home/dammr/ros2_humble/install/composition_interfaces:/home/dammr/ros2_humble/install/rcl_interfaces:/home/dammr/ros2_humble/install/pendulum_msgs:/home/dammr/ros2_humble/install/lifecycle_msgs:/home/dammr/ros2_humble/install/builtin_interfaces:/home/dammr/ros2_humble/install/rosidl_default_runtime:/home/dammr/ros2_humble/install/rosidl_default_generators:/home/dammr/ros2_humble/install/rosidl_generator_py:/home/dammr/ros2_humble/install/rosidl_typesupport_introspection_tests:/home/dammr/ros2_humble/install/rosidl_typesupport_cpp:/home/dammr/ros2_humble/install/rosidl_typesupport_introspection_cpp:/home/dammr/ros2_humble/install/rosidl_typesupport_c:/home/dammr/ros2_humble/install/rosidl_typesupport_introspection_c:/home/dammr/ros2_humble/install/rosidl_typesupport_fastrtps_c:/home/dammr/ros2_humble/install/rosidl_typesupport_fastrtps_cpp:/home/dammr/ros2_humble/install/rosidl_generator_cpp:/home/dammr/ros2_humble/install/rosidl_runtime_cpp:/home/dammr/ros2_humble/install/rcl_yaml_param_parser:/home/dammr/ros2_humble/install/rmw:/home/dammr/ros2_humble/install/rosidl_runtime_c:/home/dammr/ros2_humble/install/rosidl_generator_c:/home/dammr/ros2_humble/install/rosidl_typesupport_interface:/home/dammr/ros2_humble/install/rosidl_generator_dds_idl:/home/dammr/ros2_humble/install/rosidl_cmake:/home/dammr/ros2_humble/install/rosidl_parser:/home/dammr/ros2_humble/install/rosidl_adapter:/home/dammr/ros2_humble/install/rosbag2_tests:/home/dammr/ros2_humble/install/ros_environment:/home/dammr/ros2_humble/install/rmw_implementation_cmake:/home/dammr/ros2_humble/install/resource_retriever:/home/dammr/ros2_humble/install/class_loader:/home/dammr/ros2_humble/install/rcpputils:/home/dammr/ros2_humble/install/rcl_logging_noop:/home/dammr/ros2_humble/install/rcl_logging_interface:/home/dammr/ros2_humble/install/rcutils:/home/dammr/ros2_humble/install/qt_gui_py_common:/home/dammr/ros2_humble/install/qt_dotgraph:/home/dammr/ros2_humble/install/python_qt_binding:/home/dammr/ros2_humble/install/python_orocos_kdl_vendor:/home/dammr/ros2_humble/install/launch_testing_ament_cmake:/home/dammr/ros2_humble/install/python_cmake_module:/home/dammr/ros2_humble/install/pybind11_vendor:/home/dammr/ros2_humble/install/performance_test_fixture:/home/dammr/ros2_humble/install/osrf_testing_tools_cpp:/home/dammr/ros2_humble/install/orocos_kdl_vendor:/home/dammr/ros2_humble/install/mimick_vendor:/home/dammr/ros2_humble/install/libyaml_vendor:/home/dammr/ros2_humble/install/libcurl_vendor:/home/dammr/ros2_humble/install/keyboard_handler:/home/dammr/ros2_humble/install/iceoryx_introspection:/home/dammr/ros2_humble/install/cyclonedds:/home/dammr/ros2_humble/install/iceoryx_posh:/home/dammr/ros2_humble/install/iceoryx_hoofs:/home/dammr/ros2_humble/install/iceoryx_binding_c:/home/dammr/ros2_humble/install/ament_cmake_ros:/home/dammr/ros2_humble/install/ament_cmake_auto:/home/dammr/ros2_humble/install/ament_cmake_gmock:/home/dammr/ros2_humble/install/gmock_vendor:/home/dammr/ros2_humble/install/ament_cmake_gtest:/home/dammr/ros2_humble/install/gtest_vendor:/home/dammr/ros2_humble/install/ament_cmake_google_benchmark:/home/dammr/ros2_humble/install/google_benchmark_vendor:/home/dammr/ros2_humble/install/fastrtps:/home/dammr/ros2_humble/install/foonathan_memory_vendor:/home/dammr/ros2_humble/install/fastrtps_cmake_module:/home/dammr/ros2_humble/install/fastcdr:/home/dammr/ros2_humble/install/eigen3_cmake_module:/home/dammr/ros2_humble/install/console_bridge_vendor:/home/dammr/ros2_humble/install/ament_cmake_xmllint:/home/dammr/ros2_humble/install/ament_cmake_pyflakes:/home/dammr/ros2_humble/install/ament_cmake_pycodestyle:/home/dammr/ros2_humble/install/ament_cmake_pep257:/home/dammr/ros2_humble/install/ament_cmake_pclint:/home/dammr/ros2_humble/install/ament_lint_auto:/home/dammr/ros2_humble/install/ament_cmake:/home/dammr/ros2_humble/install/ament_cmake_version:/home/dammr/ros2_humble/install/ament_cmake_vendor_package:/home/dammr/ros2_humble/install/ament_cmake_pytest:/home/dammr/ros2_humble/install/ament_cmake_nose:/home/dammr/ros2_humble/install/ament_cmake_mypy:/home/dammr/ros2_humble/install/ament_cmake_lint_cmake:/home/dammr/ros2_humble/install/ament_cmake_flake8:/home/dammr/ros2_humble/install/ament_cmake_cpplint:/home/dammr/ros2_humble/install/ament_cmake_cppcheck:/home/dammr/ros2_humble/install/ament_cmake_copyright:/home/dammr/ros2_humble/install/ament_cmake_clang_tidy:/home/dammr/ros2_humble/install/ament_cmake_clang_format:/home/dammr/ros2_humble/install/ament_cmake_test:/home/dammr/ros2_humble/install/ament_cmake_target_dependencies:/home/dammr/ros2_humble/install/ament_cmake_python:/home/dammr/ros2_humble/install/ament_cmake_export_dependencies:/home/dammr/ros2_humble/install/ament_cmake_libraries:/home/dammr/ros2_humble/install/ament_cmake_include_directories:/home/dammr/ros2_humble/install/ament_cmake_gen_version_h:/home/dammr/ros2_humble/install/ament_cmake_export_targets:/home/dammr/ros2_humble/install/ament_cmake_export_link_flags:/home/dammr/ros2_humble/install/ament_cmake_export_interfaces:/home/dammr/ros2_humble/install/ament_cmake_export_libraries:/home/dammr/ros2_humble/install/ament_cmake_export_include_directories:/home/dammr/ros2_humble/install/ament_cmake_export_definitions:/home/dammr/ros2_humble/install/ament_cmake_core:/home/dammr/ros2_humble/install/ament_index_cpp PYTHONPATH=/home/dammr/Desktop/magister_ws/UC_SmartFarmRadar/build/radar_package/prefix_override:/usr/lib/python3/dist-packages/colcon_core/task/python/colcon_distutils_commands:/home/dammr/Desktop/magister_ws/UC_SmartFarmRadar/install/radar_package/lib/python3.10/site-packages:${PYTHONPATH} /usr/bin/python3 -W ignore:setup.py install is deprecated -W ignore:easy_install command is deprecated setup.py egg_info --egg-base ../build/radar_package build --build-base /home/dammr/Desktop/magister_ws/UC_SmartFarmRadar/build/radar_package/build install --record /home/dammr/Desktop/magister_ws/UC_SmartFarmRadar/build/radar_package/install.log --single-version-externally-managed install_data
[3.793s] Level 1:colcon.colcon_core.environment:checking '/home/dammr/Desktop/magister_ws/UC_SmartFarmRadar/install/radar_package' for CMake config files
[3.794s] Level 1:colcon.colcon_core.environment:checking '/home/dammr/Desktop/magister_ws/UC_SmartFarmRadar/install/radar_package/lib'
[3.794s] Level 1:colcon.colcon_core.environment:checking '/home/dammr/Desktop/magister_ws/UC_SmartFarmRadar/install/radar_package/bin'
[3.794s] Level 1:colcon.colcon_core.environment:checking '/home/dammr/Desktop/magister_ws/UC_SmartFarmRadar/install/radar_package/lib/pkgconfig/radar_package.pc'
[3.794s] Level 1:colcon.colcon_core.environment:checking '/home/dammr/Desktop/magister_ws/UC_SmartFarmRadar/install/radar_package/lib/python3.10/site-packages'
[3.794s] Level 1:colcon.colcon_core.shell:create_environment_hook('radar_package', 'pythonpath')
[3.794s] INFO:colcon.colcon_core.shell:Creating environment hook '/home/dammr/Desktop/magister_ws/UC_SmartFarmRadar/install/radar_package/share/radar_package/hook/pythonpath.ps1'
[3.795s] INFO:colcon.colcon_core.shell:Creating environment descriptor '/home/dammr/Desktop/magister_ws/UC_SmartFarmRadar/install/radar_package/share/radar_package/hook/pythonpath.dsv'
[3.795s] INFO:colcon.colcon_core.shell:Creating environment hook '/home/dammr/Desktop/magister_ws/UC_SmartFarmRadar/install/radar_package/share/radar_package/hook/pythonpath.sh'
[3.795s] Level 1:colcon.colcon_core.environment:checking '/home/dammr/Desktop/magister_ws/UC_SmartFarmRadar/install/radar_package/bin'
[3.795s] Level 1:colcon.colcon_core.environment:create_environment_scripts_only(radar_package)
[3.795s] INFO:colcon.colcon_core.shell:Creating package script '/home/dammr/Desktop/magister_ws/UC_SmartFarmRadar/install/radar_package/share/radar_package/package.ps1'
[3.796s] INFO:colcon.colcon_core.shell:Creating package descriptor '/home/dammr/Desktop/magister_ws/UC_SmartFarmRadar/install/radar_package/share/radar_package/package.dsv'
[3.796s] INFO:colcon.colcon_core.shell:Creating package script '/home/dammr/Desktop/magister_ws/UC_SmartFarmRadar/install/radar_package/share/radar_package/package.sh'
[3.796s] INFO:colcon.colcon_core.shell:Creating package script '/home/dammr/Desktop/magister_ws/UC_SmartFarmRadar/install/radar_package/share/radar_package/package.bash'
[3.797s] INFO:colcon.colcon_core.shell:Creating package script '/home/dammr/Desktop/magister_ws/UC_SmartFarmRadar/install/radar_package/share/radar_package/package.zsh'
[3.797s] Level 1:colcon.colcon_core.environment:create_file_with_runtime_dependencies(/home/dammr/Desktop/magister_ws/UC_SmartFarmRadar/install/radar_package/share/colcon-core/packages/radar_package)
[3.798s] Level 1:colcon.colcon_core.environment:checking '/home/dammr/Desktop/magister_ws/UC_SmartFarmRadar/install/ptu_package' for CMake module files
[3.799s] Level 1:colcon.colcon_core.environment:checking '/home/dammr/Desktop/magister_ws/UC_SmartFarmRadar/install/ptu_package' for CMake config files
[3.799s] DEBUG:colcon.colcon_core.event_handler.log_command:Invoked command in '/home/dammr/Desktop/magister_ws/UC_SmartFarmRadar/ptu_package' returned '0': CMAKE_PREFIX_PATH=/home/dammr/Desktop/magister_ws/UC_SmartFarmRadar/install/radar_msg:/home/dammr/Desktop/magister_ws/UC_SmartFarmRadar/install/robot_description:/home/dammr/Desktop/magister_ws/UC_SmartFarmRadar/install/ptu_driver:/home/dammr/ros2_humble/install/rosbag2_storage_mcap:/home/dammr/ros2_humble/install/rosbag2:/home/dammr/ros2_humble/install/rosbag2_compression_zstd:/home/dammr/ros2_humble/install/mcap_vendor:/home/dammr/ros2_humble/install/zstd_vendor:/home/dammr/ros2_humble/install/rviz_visual_testing_framework:/home/dammr/ros2_humble/install/rviz2:/home/dammr/ros2_humble/install/rviz_default_plugins:/home/dammr/ros2_humble/install/rviz_common:/home/dammr/ros2_humble/install/rosbag2_py:/home/dammr/ros2_humble/install/rosbag2_transport:/home/dammr/ros2_humble/install/rosbag2_storage_default_plugins:/home/dammr/ros2_humble/install/rosbag2_performance_benchmarking:/home/dammr/ros2_humble/install/rosbag2_compression:/home/dammr/ros2_humble/install/rosbag2_cpp:/home/dammr/ros2_humble/install/rosbag2_storage:/home/dammr/ros2_humble/install/image_common:/home/dammr/ros2_humble/install/camera_info_manager:/home/dammr/ros2_humble/install/camera_calibration_parsers:/home/dammr/ros2_humble/install/yaml_cpp_vendor:/home/dammr/ros2_humble/install/interactive_markers:/home/dammr/ros2_humble/install/common_interfaces:/home/dammr/ros2_humble/install/visualization_msgs:/home/dammr/ros2_humble/install/dummy_robot_bringup:/home/dammr/ros2_humble/install/robot_state_publisher:/home/dammr/ros2_humble/install/kdl_parser:/home/dammr/ros2_humble/install/urdf:/home/dammr/ros2_humble/install/urdfdom:/home/dammr/ros2_humble/install/urdf_parser_plugin:/home/dammr/ros2_humble/install/urdfdom_headers:/home/dammr/ros2_humble/install/turtlesim:/home/dammr/ros2_humble/install/geometry2:/home/dammr/ros2_humble/install/tf2_sensor_msgs:/home/dammr/ros2_humble/install/test_tf2:/home/dammr/ros2_humble/install/tf2_kdl:/home/dammr/ros2_humble/install/tf2_geometry_msgs:/home/dammr/ros2_humble/install/tf2_eigen:/home/dammr/ros2_humble/install/tf2_bullet:/home/dammr/ros2_humble/install/tf2_ros:/home/dammr/ros2_humble/install/tf2_py:/home/dammr/ros2_humble/install/tf2_msgs:/home/dammr/ros2_humble/install/test_msgs:/home/dammr/ros2_humble/install/sros2_cmake:/home/dammr/ros2_humble/install/ros2cli_common_extensions:/home/dammr/ros2_humble/install/rqt_py_common:/home/dammr/ros2_humble/install/rosbag2_storage_mcap_testdata:/home/dammr/ros2_humble/install/ros_testing:/home/dammr/ros2_humble/install/ros2cli_test_interfaces:/home/dammr/ros2_humble/install/quality_of_service_demo_cpp:/home/dammr/ros2_humble/install/image_transport:/home/dammr/ros2_humble/install/message_filters:/home/dammr/ros2_humble/install/demo_nodes_cpp:/home/dammr/ros2_humble/install/composition:/home/dammr/ros2_humble/install/laser_geometry:/home/dammr/ros2_humble/install/rclpy:/home/dammr/ros2_humble/install/examples_rclcpp_minimal_action_server:/home/dammr/ros2_humble/install/examples_rclcpp_minimal_action_client:/home/dammr/ros2_humble/install/action_tutorials_cpp:/home/dammr/ros2_humble/install/rclcpp_action:/home/dammr/ros2_humble/install/rcl_action:/home/dammr/ros2_humble/install/examples_rclcpp_wait_set:/home/dammr/ros2_humble/install/examples_rclcpp_minimal_service:/home/dammr/ros2_humble/install/examples_rclcpp_minimal_client:/home/dammr/ros2_humble/install/examples_rclcpp_async_client:/home/dammr/ros2_humble/install/example_interfaces:/home/dammr/ros2_humble/install/action_tutorials_interfaces:/home/dammr/ros2_humble/install/action_msgs:/home/dammr/ros2_humble/install/unique_identifier_msgs:/home/dammr/ros2_humble/install/ament_lint_common:/home/dammr/ros2_humble/install/ament_cmake_uncrustify:/home/dammr/ros2_humble/install/uncrustify_vendor:/home/dammr/ros2_humble/install/trajectory_msgs:/home/dammr/ros2_humble/install/topic_statistics_demo:/home/dammr/ros2_humble/install/pendulum_control:/home/dammr/ros2_humble/install/tlsf_cpp:/home/dammr/ros2_humble/install/test_tracetools:/home/dammr/ros2_humble/install/rqt_gui_cpp:/home/dammr/ros2_humble/install/rosbag2_test_common:/home/dammr/ros2_humble/install/ros2lifecycle_test_fixtures:/home/dammr/ros2_humble/install/lifecycle:/home/dammr/ros2_humble/install/rclcpp_lifecycle:/home/dammr/ros2_humble/install/logging_demo:/home/dammr/ros2_humble/install/image_tools:/home/dammr/ros2_humble/install/examples_rclcpp_minimal_subscriber:/home/dammr/ros2_humble/install/examples_rclcpp_minimal_composition:/home/dammr/ros2_humble/install/demo_nodes_cpp_native:/home/dammr/ros2_humble/install/rclcpp_components:/home/dammr/ros2_humble/install/intra_process_demo:/home/dammr/ros2_humble/install/examples_rclcpp_multithreaded_executor:/home/dammr/ros2_humble/install/examples_rclcpp_minimal_timer:/home/dammr/ros2_humble/install/examples_rclcpp_minimal_publisher:/home/dammr/ros2_humble/install/examples_rclcpp_cbg_executor:/home/dammr/ros2_humble/install/dummy_sensors:/home/dammr/ros2_humble/install/dummy_map_server:/home/dammr/ros2_humble/install/rclcpp:/home/dammr/ros2_humble/install/rcl_lifecycle:/home/dammr/ros2_humble/install/libstatistics_collector:/home/dammr/ros2_humble/install/rcl:/home/dammr/ros2_humble/install/rmw_implementation:/home/dammr/ros2_humble/install/rmw_fastrtps_dynamic_cpp:/home/dammr/ros2_humble/install/rmw_fastrtps_cpp:/home/dammr/ros2_humble/install/rmw_fastrtps_shared_cpp:/home/dammr/ros2_humble/install/rmw_cyclonedds_cpp:/home/dammr/ros2_humble/install/tracetools:/home/dammr/ros2_humble/install/tlsf:/home/dammr/ros2_humble/install/tinyxml_vendor:/home/dammr/ros2_humble/install/qt_gui_core:/home/dammr/ros2_humble/install/qt_gui_cpp:/home/dammr/ros2_humble/install/pluginlib:/home/dammr/ros2_humble/install/tinyxml2_vendor:/home/dammr/ros2_humble/install/tf2_eigen_kdl:/home/dammr/ros2_humble/install/tf2:/home/dammr/ros2_humble/install/test_security:/home/dammr/ros2_humble/install/test_rmw_implementation:/home/dammr/ros2_humble/install/test_rclcpp:/home/dammr/ros2_humble/install/test_quality_of_service:/home/dammr/ros2_humble/install/test_launch_testing:/home/dammr/ros2_humble/install/test_interface_files:/home/dammr/ros2_humble/install/test_communication:/home/dammr/ros2_humble/install/test_cli_remapping:/home/dammr/ros2_humble/install/test_cli:/home/dammr/ros2_humble/install/qt_gui_app:/home/dammr/ros2_humble/install/qt_gui:/home/dammr/ros2_humble/install/tango_icons_vendor:/home/dammr/ros2_humble/install/stereo_msgs:/home/dammr/ros2_humble/install/std_srvs:/home/dammr/ros2_humble/install/shape_msgs:/home/dammr/ros2_humble/install/map_msgs:/home/dammr/ros2_humble/install/sensor_msgs:/home/dammr/ros2_humble/install/nav_msgs:/home/dammr/ros2_humble/install/diagnostic_msgs:/home/dammr/ros2_humble/install/geometry_msgs:/home/dammr/ros2_humble/install/actionlib_msgs:/home/dammr/ros2_humble/install/std_msgs:/home/dammr/ros2_humble/install/statistics_msgs:/home/dammr/ros2_humble/install/sqlite3_vendor:/home/dammr/ros2_humble/install/rcl_logging_spdlog:/home/dammr/ros2_humble/install/spdlog_vendor:/home/dammr/ros2_humble/install/shared_queues_vendor:/home/dammr/ros2_humble/install/rviz_rendering_tests:/home/dammr/ros2_humble/install/rviz_rendering:/home/dammr/ros2_humble/install/rviz_ogre_vendor:/home/dammr/ros2_humble/install/rviz_assimp_vendor:/home/dammr/ros2_humble/install/rttest:/home/dammr/ros2_humble/install/rmw_connextddsmicro:/home/dammr/ros2_humble/install/rmw_connextdds:/home/dammr/ros2_humble/install/rmw_connextdds_common:/home/dammr/ros2_humble/install/rti_connext_dds_cmake_module:/home/dammr/ros2_humble/install/rosgraph_msgs:/home/dammr/ros2_humble/install/rosbag2_interfaces:/home/dammr/ros2_humble/install/rmw_dds_common:/home/dammr/ros2_humble/install/composition_interfaces:/home/dammr/ros2_humble/install/rcl_interfaces:/home/dammr/ros2_humble/install/pendulum_msgs:/home/dammr/ros2_humble/install/lifecycle_msgs:/home/dammr/ros2_humble/install/builtin_interfaces:/home/dammr/ros2_humble/install/rosidl_default_runtime:/home/dammr/ros2_humble/install/rosidl_default_generators:/home/dammr/ros2_humble/install/rosidl_generator_py:/home/dammr/ros2_humble/install/rosidl_typesupport_introspection_tests:/home/dammr/ros2_humble/install/rosidl_typesupport_cpp:/home/dammr/ros2_humble/install/rosidl_typesupport_introspection_cpp:/home/dammr/ros2_humble/install/rosidl_typesupport_c:/home/dammr/ros2_humble/install/rosidl_typesupport_introspection_c:/home/dammr/ros2_humble/install/rosidl_typesupport_fastrtps_c:/home/dammr/ros2_humble/install/rosidl_typesupport_fastrtps_cpp:/home/dammr/ros2_humble/install/rosidl_generator_cpp:/home/dammr/ros2_humble/install/rosidl_runtime_cpp:/home/dammr/ros2_humble/install/rcl_yaml_param_parser:/home/dammr/ros2_humble/install/rmw:/home/dammr/ros2_humble/install/rosidl_runtime_c:/home/dammr/ros2_humble/install/rosidl_generator_c:/home/dammr/ros2_humble/install/rosidl_typesupport_interface:/home/dammr/ros2_humble/install/rosidl_generator_dds_idl:/home/dammr/ros2_humble/install/rosidl_cmake:/home/dammr/ros2_humble/install/rosidl_parser:/home/dammr/ros2_humble/install/rosidl_adapter:/home/dammr/ros2_humble/install/rosbag2_tests:/home/dammr/ros2_humble/install/ros_environment:/home/dammr/ros2_humble/install/rmw_implementation_cmake:/home/dammr/ros2_humble/install/resource_retriever:/home/dammr/ros2_humble/install/class_loader:/home/dammr/ros2_humble/install/rcpputils:/home/dammr/ros2_humble/install/rcl_logging_noop:/home/dammr/ros2_humble/install/rcl_logging_interface:/home/dammr/ros2_humble/install/rcutils:/home/dammr/ros2_humble/install/qt_gui_py_common:/home/dammr/ros2_humble/install/qt_dotgraph:/home/dammr/ros2_humble/install/python_qt_binding:/home/dammr/ros2_humble/install/python_orocos_kdl_vendor:/home/dammr/ros2_humble/install/launch_testing_ament_cmake:/home/dammr/ros2_humble/install/python_cmake_module:/home/dammr/ros2_humble/install/pybind11_vendor:/home/dammr/ros2_humble/install/performance_test_fixture:/home/dammr/ros2_humble/install/osrf_testing_tools_cpp:/home/dammr/ros2_humble/install/orocos_kdl_vendor:/home/dammr/ros2_humble/install/mimick_vendor:/home/dammr/ros2_humble/install/libyaml_vendor:/home/dammr/ros2_humble/install/libcurl_vendor:/home/dammr/ros2_humble/install/keyboard_handler:/home/dammr/ros2_humble/install/iceoryx_introspection:/home/dammr/ros2_humble/install/cyclonedds:/home/dammr/ros2_humble/install/iceoryx_posh:/home/dammr/ros2_humble/install/iceoryx_hoofs:/home/dammr/ros2_humble/install/iceoryx_binding_c:/home/dammr/ros2_humble/install/ament_cmake_ros:/home/dammr/ros2_humble/install/ament_cmake_auto:/home/dammr/ros2_humble/install/ament_cmake_gmock:/home/dammr/ros2_humble/install/gmock_vendor:/home/dammr/ros2_humble/install/ament_cmake_gtest:/home/dammr/ros2_humble/install/gtest_vendor:/home/dammr/ros2_humble/install/ament_cmake_google_benchmark:/home/dammr/ros2_humble/install/google_benchmark_vendor:/home/dammr/ros2_humble/install/fastrtps:/home/dammr/ros2_humble/install/foonathan_memory_vendor:/home/dammr/ros2_humble/install/fastrtps_cmake_module:/home/dammr/ros2_humble/install/fastcdr:/home/dammr/ros2_humble/install/eigen3_cmake_module:/home/dammr/ros2_humble/install/console_bridge_vendor:/home/dammr/ros2_humble/install/ament_cmake_xmllint:/home/dammr/ros2_humble/install/ament_cmake_pyflakes:/home/dammr/ros2_humble/install/ament_cmake_pycodestyle:/home/dammr/ros2_humble/install/ament_cmake_pep257:/home/dammr/ros2_humble/install/ament_cmake_pclint:/home/dammr/ros2_humble/install/ament_lint_auto:/home/dammr/ros2_humble/install/ament_cmake:/home/dammr/ros2_humble/install/ament_cmake_version:/home/dammr/ros2_humble/install/ament_cmake_vendor_package:/home/dammr/ros2_humble/install/ament_cmake_pytest:/home/dammr/ros2_humble/install/ament_cmake_nose:/home/dammr/ros2_humble/install/ament_cmake_mypy:/home/dammr/ros2_humble/install/ament_cmake_lint_cmake:/home/dammr/ros2_humble/install/ament_cmake_flake8:/home/dammr/ros2_humble/install/ament_cmake_cpplint:/home/dammr/ros2_humble/install/ament_cmake_cppcheck:/home/dammr/ros2_humble/install/ament_cmake_copyright:/home/dammr/ros2_humble/install/ament_cmake_clang_tidy:/home/dammr/ros2_humble/install/ament_cmake_clang_format:/home/dammr/ros2_humble/install/ament_cmake_test:/home/dammr/ros2_humble/install/ament_cmake_target_dependencies:/home/dammr/ros2_humble/install/ament_cmake_python:/home/dammr/ros2_humble/install/ament_cmake_export_dependencies:/home/dammr/ros2_humble/install/ament_cmake_libraries:/home/dammr/ros2_humble/install/ament_cmake_include_directories:/home/dammr/ros2_humble/install/ament_cmake_gen_version_h:/home/dammr/ros2_humble/install/ament_cmake_export_targets:/home/dammr/ros2_humble/install/ament_cmake_export_link_flags:/home/dammr/ros2_humble/install/ament_cmake_export_interfaces:/home/dammr/ros2_humble/install/ament_cmake_export_libraries:/home/dammr/ros2_humble/install/ament_cmake_export_include_directories:/home/dammr/ros2_humble/install/ament_cmake_export_definitions:/home/dammr/ros2_humble/install/ament_cmake_core:/home/dammr/ros2_humble/install/ament_index_cpp PYTHONPATH=/home/dammr/Desktop/magister_ws/UC_SmartFarmRadar/build/ptu_package/prefix_override:/usr/lib/python3/dist-packages/colcon_core/task/python/colcon_distutils_commands:/home/dammr/Desktop/magister_ws/UC_SmartFarmRadar/install/ptu_package/lib/python3.10/site-packages:${PYTHONPATH} /usr/bin/python3 -W ignore:setup.py install is deprecated -W ignore:easy_install command is deprecated setup.py egg_info --egg-base ../build/ptu_package build --build-base /home/dammr/Desktop/magister_ws/UC_SmartFarmRadar/build/ptu_package/build install --record /home/dammr/Desktop/magister_ws/UC_SmartFarmRadar/build/ptu_package/install.log --single-version-externally-managed install_data
[3.800s] Level 1:colcon.colcon_core.environment:checking '/home/dammr/Desktop/magister_ws/UC_SmartFarmRadar/install/ptu_package/lib'
[3.800s] Level 1:colcon.colcon_core.environment:checking '/home/dammr/Desktop/magister_ws/UC_SmartFarmRadar/install/ptu_package/bin'
[3.800s] Level 1:colcon.colcon_core.environment:checking '/home/dammr/Desktop/magister_ws/UC_SmartFarmRadar/install/ptu_package/lib/pkgconfig/ptu_package.pc'
[3.800s] Level 1:colcon.colcon_core.environment:checking '/home/dammr/Desktop/magister_ws/UC_SmartFarmRadar/install/ptu_package/lib/python3.10/site-packages'
[3.800s] Level 1:colcon.colcon_core.shell:create_environment_hook('ptu_package', 'pythonpath')
[3.800s] INFO:colcon.colcon_core.shell:Creating environment hook '/home/dammr/Desktop/magister_ws/UC_SmartFarmRadar/install/ptu_package/share/ptu_package/hook/pythonpath.ps1'
[3.800s] INFO:colcon.colcon_core.shell:Creating environment descriptor '/home/dammr/Desktop/magister_ws/UC_SmartFarmRadar/install/ptu_package/share/ptu_package/hook/pythonpath.dsv'
[3.801s] INFO:colcon.colcon_core.shell:Creating environment hook '/home/dammr/Desktop/magister_ws/UC_SmartFarmRadar/install/ptu_package/share/ptu_package/hook/pythonpath.sh'
[3.801s] Level 1:colcon.colcon_core.environment:checking '/home/dammr/Desktop/magister_ws/UC_SmartFarmRadar/install/ptu_package/bin'
[3.801s] Level 1:colcon.colcon_core.environment:create_environment_scripts_only(ptu_package)
[3.801s] INFO:colcon.colcon_core.shell:Creating package script '/home/dammr/Desktop/magister_ws/UC_SmartFarmRadar/install/ptu_package/share/ptu_package/package.ps1'
[3.802s] INFO:colcon.colcon_core.shell:Creating package descriptor '/home/dammr/Desktop/magister_ws/UC_SmartFarmRadar/install/ptu_package/share/ptu_package/package.dsv'
[3.802s] INFO:colcon.colcon_core.shell:Creating package script '/home/dammr/Desktop/magister_ws/UC_SmartFarmRadar/install/ptu_package/share/ptu_package/package.sh'
[3.802s] INFO:colcon.colcon_core.shell:Creating package script '/home/dammr/Desktop/magister_ws/UC_SmartFarmRadar/install/ptu_package/share/ptu_package/package.bash'
[3.802s] INFO:colcon.colcon_core.shell:Creating package script '/home/dammr/Desktop/magister_ws/UC_SmartFarmRadar/install/ptu_package/share/ptu_package/package.zsh'
[3.803s] Level 1:colcon.colcon_core.environment:create_file_with_runtime_dependencies(/home/dammr/Desktop/magister_ws/UC_SmartFarmRadar/install/ptu_package/share/colcon-core/packages/ptu_package)
[3.803s] DEBUG:colcon.colcon_parallel_executor.executor.parallel:closing loop
[3.803s] DEBUG:colcon.colcon_parallel_executor.executor.parallel:loop closed
[3.803s] DEBUG:colcon.colcon_parallel_executor.executor.parallel:run_until_complete finished with '0'
[3.803s] DEBUG:colcon.colcon_core.event_reactor:joining thread
[3.813s] INFO:colcon.colcon_core.plugin_system:Skipping extension 'colcon_notification.desktop_notification.terminal_notifier': Not used on non-Darwin systems
[3.813s] INFO:colcon.colcon_core.plugin_system:Skipping extension 'colcon_notification.desktop_notification.win32': Not used on non-Windows systems
[3.814s] INFO:colcon.colcon_notification.desktop_notification:Sending desktop notification using 'notify2'
[3.822s] DEBUG:colcon.colcon_core.event_reactor:joined thread
[3.823s] INFO:colcon.colcon_core.shell:Creating prefix script '/home/dammr/Desktop/magister_ws/UC_SmartFarmRadar/install/local_setup.ps1'
[3.823s] INFO:colcon.colcon_core.shell:Creating prefix util module '/home/dammr/Desktop/magister_ws/UC_SmartFarmRadar/install/_local_setup_util_ps1.py'
[3.824s] INFO:colcon.colcon_core.shell:Creating prefix chain script '/home/dammr/Desktop/magister_ws/UC_SmartFarmRadar/install/setup.ps1'
[3.836s] INFO:colcon.colcon_core.shell:Creating prefix script '/home/dammr/Desktop/magister_ws/UC_SmartFarmRadar/install/local_setup.sh'
[3.836s] INFO:colcon.colcon_core.shell:Creating prefix util module '/home/dammr/Desktop/magister_ws/UC_SmartFarmRadar/install/_local_setup_util_sh.py'
[3.836s] INFO:colcon.colcon_core.shell:Creating prefix chain script '/home/dammr/Desktop/magister_ws/UC_SmartFarmRadar/install/setup.sh'
[3.846s] INFO:colcon.colcon_core.shell:Creating prefix script '/home/dammr/Desktop/magister_ws/UC_SmartFarmRadar/install/local_setup.bash'
[3.846s] INFO:colcon.colcon_core.shell:Creating prefix chain script '/home/dammr/Desktop/magister_ws/UC_SmartFarmRadar/install/setup.bash'
[3.856s] INFO:colcon.colcon_core.shell:Creating prefix script '/home/dammr/Desktop/magister_ws/UC_SmartFarmRadar/install/local_setup.zsh'
[3.856s] INFO:colcon.colcon_core.shell:Creating prefix chain script '/home/dammr/Desktop/magister_ws/UC_SmartFarmRadar/install/setup.zsh'
