[0.253s] DEBUG:colcon:Command line arguments: ['/usr/bin/colcon', 'build']
[0.253s] DEBUG:colcon:Parsed command line arguments: Namespace(log_base=None, log_level=None, verb_name='build', build_base='build', install_base='install', merge_install=False, symlink_install=False, test_result_base=None, continue_on_error=False, executor='parallel', parallel_workers=12, event_handlers=None, ignore_user_meta=False, metas=['./colcon.meta'], base_paths=['.'], packages_ignore=None, packages_ignore_regex=None, paths=None, packages_up_to=None, packages_up_to_regex=None, packages_above=None, packages_above_and_dependencies=None, packages_above_depth=None, packages_select_by_dep=None, packages_skip_by_dep=None, packages_skip_up_to=None, packages_select_build_failed=False, packages_skip_build_finished=False, packages_select_test_failures=False, packages_skip_test_passed=False, packages_select=None, packages_skip=None, packages_select_regex=None, packages_skip_regex=None, packages_start=None, packages_end=None, allow_overriding=[], cmake_args=None, cmake_target=None, cmake_target_skip_unavailable=False, cmake_clean_cache=False, cmake_clean_first=False, cmake_force_configure=False, ament_cmake_args=None, catkin_cmake_args=None, catkin_skip_building_tests=False, mixin_files=None, mixin=None, verb_parser=<colcon_mixin.mixin.mixin_argument.MixinArgumentDecorator object at 0x71039b806c50>, verb_extension=<colcon_core.verb.build.BuildVerb object at 0x71039b806590>, main=<bound method BuildVerb.main of <colcon_core.verb.build.BuildVerb object at 0x71039b806590>>, mixin_verb=('build',))
[0.542s] Level 1:colcon.colcon_core.package_discovery:discover_packages(colcon_meta) check parameters
[0.542s] Level 1:colcon.colcon_core.package_discovery:discover_packages(recursive) check parameters
[0.543s] Level 1:colcon.colcon_core.package_discovery:discover_packages(ignore) check parameters
[0.543s] Level 1:colcon.colcon_core.package_discovery:discover_packages(path) check parameters
[0.543s] Level 1:colcon.colcon_core.package_discovery:discover_packages(colcon_meta) discover
[0.543s] Level 1:colcon.colcon_core.package_discovery:discover_packages(recursive) discover
[0.543s] INFO:colcon.colcon_core.package_discovery:Crawling recursively for packages in '/home/dammr/Desktop/magister_ws/UC_SmartFarmRadar'
[0.543s] Level 1:colcon.colcon_core.package_identification:_identify(.) by extensions ['ignore', 'ignore_ament_install']
[0.543s] Level 1:colcon.colcon_core.package_identification:_identify(.) by extension 'ignore'
[0.543s] Level 1:colcon.colcon_core.package_identification:_identify(.) by extension 'ignore_ament_install'
[0.543s] Level 1:colcon.colcon_core.package_identification:_identify(.) by extensions ['colcon_pkg']
[0.543s] Level 1:colcon.colcon_core.package_identification:_identify(.) by extension 'colcon_pkg'
[0.543s] Level 1:colcon.colcon_core.package_identification:_identify(.) by extensions ['colcon_meta']
[0.543s] Level 1:colcon.colcon_core.package_identification:_identify(.) by extension 'colcon_meta'
[0.543s] Level 1:colcon.colcon_core.package_identification:_identify(.) by extensions ['ros']
[0.543s] Level 1:colcon.colcon_core.package_identification:_identify(.) by extension 'ros'
[0.557s] Level 1:colcon.colcon_core.package_identification:_identify(.) by extensions ['cmake', 'python']
[0.557s] Level 1:colcon.colcon_core.package_identification:_identify(.) by extension 'cmake'
[0.557s] Level 1:colcon.colcon_core.package_identification:_identify(.) by extension 'python'
[0.557s] Level 1:colcon.colcon_core.package_identification:_identify(.) by extensions ['python_setup_py']
[0.557s] Level 1:colcon.colcon_core.package_identification:_identify(.) by extension 'python_setup_py'
[0.557s] Level 1:colcon.colcon_core.package_identification:_identify(build) by extensions ['ignore', 'ignore_ament_install']
[0.557s] Level 1:colcon.colcon_core.package_identification:_identify(build) by extension 'ignore'
[0.557s] Level 1:colcon.colcon_core.package_identification:_identify(build) ignored
[0.557s] Level 1:colcon.colcon_core.package_identification:_identify(datos) by extensions ['ignore', 'ignore_ament_install']
[0.557s] Level 1:colcon.colcon_core.package_identification:_identify(datos) by extension 'ignore'
[0.557s] Level 1:colcon.colcon_core.package_identification:_identify(datos) by extension 'ignore_ament_install'
[0.557s] Level 1:colcon.colcon_core.package_identification:_identify(datos) by extensions ['colcon_pkg']
[0.558s] Level 1:colcon.colcon_core.package_identification:_identify(datos) by extension 'colcon_pkg'
[0.558s] Level 1:colcon.colcon_core.package_identification:_identify(datos) by extensions ['colcon_meta']
[0.558s] Level 1:colcon.colcon_core.package_identification:_identify(datos) by extension 'colcon_meta'
[0.558s] Level 1:colcon.colcon_core.package_identification:_identify(datos) by extensions ['ros']
[0.558s] Level 1:colcon.colcon_core.package_identification:_identify(datos) by extension 'ros'
[0.558s] Level 1:colcon.colcon_core.package_identification:_identify(datos) by extensions ['cmake', 'python']
[0.558s] Level 1:colcon.colcon_core.package_identification:_identify(datos) by extension 'cmake'
[0.558s] Level 1:colcon.colcon_core.package_identification:_identify(datos) by extension 'python'
[0.558s] Level 1:colcon.colcon_core.package_identification:_identify(datos) by extensions ['python_setup_py']
[0.558s] Level 1:colcon.colcon_core.package_identification:_identify(datos) by extension 'python_setup_py'
[0.558s] Level 1:colcon.colcon_core.package_identification:_identify(datos/arbol) by extensions ['ignore', 'ignore_ament_install']
[0.558s] Level 1:colcon.colcon_core.package_identification:_identify(datos/arbol) by extension 'ignore'
[0.558s] Level 1:colcon.colcon_core.package_identification:_identify(datos/arbol) by extension 'ignore_ament_install'
[0.558s] Level 1:colcon.colcon_core.package_identification:_identify(datos/arbol) by extensions ['colcon_pkg']
[0.558s] Level 1:colcon.colcon_core.package_identification:_identify(datos/arbol) by extension 'colcon_pkg'
[0.558s] Level 1:colcon.colcon_core.package_identification:_identify(datos/arbol) by extensions ['colcon_meta']
[0.558s] Level 1:colcon.colcon_core.package_identification:_identify(datos/arbol) by extension 'colcon_meta'
[0.558s] Level 1:colcon.colcon_core.package_identification:_identify(datos/arbol) by extensions ['ros']
[0.558s] Level 1:colcon.colcon_core.package_identification:_identify(datos/arbol) by extension 'ros'
[0.559s] Level 1:colcon.colcon_core.package_identification:_identify(datos/arbol) by extensions ['cmake', 'python']
[0.559s] Level 1:colcon.colcon_core.package_identification:_identify(datos/arbol) by extension 'cmake'
[0.559s] Level 1:colcon.colcon_core.package_identification:_identify(datos/arbol) by extension 'python'
[0.559s] Level 1:colcon.colcon_core.package_identification:_identify(datos/arbol) by extensions ['python_setup_py']
[0.559s] Level 1:colcon.colcon_core.package_identification:_identify(datos/arbol) by extension 'python_setup_py'
[0.559s] Level 1:colcon.colcon_core.package_identification:_identify(datos/capturas_radar_npy) by extensions ['ignore', 'ignore_ament_install']
[0.559s] Level 1:colcon.colcon_core.package_identification:_identify(datos/capturas_radar_npy) by extension 'ignore'
[0.559s] Level 1:colcon.colcon_core.package_identification:_identify(datos/capturas_radar_npy) by extension 'ignore_ament_install'
[0.559s] Level 1:colcon.colcon_core.package_identification:_identify(datos/capturas_radar_npy) by extensions ['colcon_pkg']
[0.559s] Level 1:colcon.colcon_core.package_identification:_identify(datos/capturas_radar_npy) by extension 'colcon_pkg'
[0.559s] Level 1:colcon.colcon_core.package_identification:_identify(datos/capturas_radar_npy) by extensions ['colcon_meta']
[0.559s] Level 1:colcon.colcon_core.package_identification:_identify(datos/capturas_radar_npy) by extension 'colcon_meta'
[0.559s] Level 1:colcon.colcon_core.package_identification:_identify(datos/capturas_radar_npy) by extensions ['ros']
[0.559s] Level 1:colcon.colcon_core.package_identification:_identify(datos/capturas_radar_npy) by extension 'ros'
[0.559s] Level 1:colcon.colcon_core.package_identification:_identify(datos/capturas_radar_npy) by extensions ['cmake', 'python']
[0.559s] Level 1:colcon.colcon_core.package_identification:_identify(datos/capturas_radar_npy) by extension 'cmake'
[0.559s] Level 1:colcon.colcon_core.package_identification:_identify(datos/capturas_radar_npy) by extension 'python'
[0.559s] Level 1:colcon.colcon_core.package_identification:_identify(datos/capturas_radar_npy) by extensions ['python_setup_py']
[0.559s] Level 1:colcon.colcon_core.package_identification:_identify(datos/capturas_radar_npy) by extension 'python_setup_py'
[0.560s] Level 1:colcon.colcon_core.package_identification:_identify(datos/experimento_radar_ultimo4) by extensions ['ignore', 'ignore_ament_install']
[0.560s] Level 1:colcon.colcon_core.package_identification:_identify(datos/experimento_radar_ultimo4) by extension 'ignore'
[0.560s] Level 1:colcon.colcon_core.package_identification:_identify(datos/experimento_radar_ultimo4) by extension 'ignore_ament_install'
[0.560s] Level 1:colcon.colcon_core.package_identification:_identify(datos/experimento_radar_ultimo4) by extensions ['colcon_pkg']
[0.560s] Level 1:colcon.colcon_core.package_identification:_identify(datos/experimento_radar_ultimo4) by extension 'colcon_pkg'
[0.560s] Level 1:colcon.colcon_core.package_identification:_identify(datos/experimento_radar_ultimo4) by extensions ['colcon_meta']
[0.560s] Level 1:colcon.colcon_core.package_identification:_identify(datos/experimento_radar_ultimo4) by extension 'colcon_meta'
[0.560s] Level 1:colcon.colcon_core.package_identification:_identify(datos/experimento_radar_ultimo4) by extensions ['ros']
[0.560s] Level 1:colcon.colcon_core.package_identification:_identify(datos/experimento_radar_ultimo4) by extension 'ros'
[0.560s] Level 1:colcon.colcon_core.package_identification:_identify(datos/experimento_radar_ultimo4) by extensions ['cmake', 'python']
[0.560s] Level 1:colcon.colcon_core.package_identification:_identify(datos/experimento_radar_ultimo4) by extension 'cmake'
[0.560s] Level 1:colcon.colcon_core.package_identification:_identify(datos/experimento_radar_ultimo4) by extension 'python'
[0.560s] Level 1:colcon.colcon_core.package_identification:_identify(datos/experimento_radar_ultimo4) by extensions ['python_setup_py']
[0.560s] Level 1:colcon.colcon_core.package_identification:_identify(datos/experimento_radar_ultimo4) by extension 'python_setup_py'
[0.560s] Level 1:colcon.colcon_core.package_identification:_identify(datos/experimetos_pao) by extensions ['ignore', 'ignore_ament_install']
[0.560s] Level 1:colcon.colcon_core.package_identification:_identify(datos/experimetos_pao) by extension 'ignore'
[0.560s] Level 1:colcon.colcon_core.package_identification:_identify(datos/experimetos_pao) by extension 'ignore_ament_install'
[0.560s] Level 1:colcon.colcon_core.package_identification:_identify(datos/experimetos_pao) by extensions ['colcon_pkg']
[0.561s] Level 1:colcon.colcon_core.package_identification:_identify(datos/experimetos_pao) by extension 'colcon_pkg'
[0.561s] Level 1:colcon.colcon_core.package_identification:_identify(datos/experimetos_pao) by extensions ['colcon_meta']
[0.561s] Level 1:colcon.colcon_core.package_identification:_identify(datos/experimetos_pao) by extension 'colcon_meta'
[0.561s] Level 1:colcon.colcon_core.package_identification:_identify(datos/experimetos_pao) by extensions ['ros']
[0.561s] Level 1:colcon.colcon_core.package_identification:_identify(datos/experimetos_pao) by extension 'ros'
[0.561s] Level 1:colcon.colcon_core.package_identification:_identify(datos/experimetos_pao) by extensions ['cmake', 'python']
[0.561s] Level 1:colcon.colcon_core.package_identification:_identify(datos/experimetos_pao) by extension 'cmake'
[0.561s] Level 1:colcon.colcon_core.package_identification:_identify(datos/experimetos_pao) by extension 'python'
[0.561s] Level 1:colcon.colcon_core.package_identification:_identify(datos/experimetos_pao) by extensions ['python_setup_py']
[0.561s] Level 1:colcon.colcon_core.package_identification:_identify(datos/experimetos_pao) by extension 'python_setup_py'
[0.561s] Level 1:colcon.colcon_core.package_identification:_identify(datos/experimetos_pao/arbol) by extensions ['ignore', 'ignore_ament_install']
[0.561s] Level 1:colcon.colcon_core.package_identification:_identify(datos/experimetos_pao/arbol) by extension 'ignore'
[0.561s] Level 1:colcon.colcon_core.package_identification:_identify(datos/experimetos_pao/arbol) by extension 'ignore_ament_install'
[0.561s] Level 1:colcon.colcon_core.package_identification:_identify(datos/experimetos_pao/arbol) by extensions ['colcon_pkg']
[0.561s] Level 1:colcon.colcon_core.package_identification:_identify(datos/experimetos_pao/arbol) by extension 'colcon_pkg'
[0.561s] Level 1:colcon.colcon_core.package_identification:_identify(datos/experimetos_pao/arbol) by extensions ['colcon_meta']
[0.561s] Level 1:colcon.colcon_core.package_identification:_identify(datos/experimetos_pao/arbol) by extension 'colcon_meta'
[0.561s] Level 1:colcon.colcon_core.package_identification:_identify(datos/experimetos_pao/arbol) by extensions ['ros']
[0.561s] Level 1:colcon.colcon_core.package_identification:_identify(datos/experimetos_pao/arbol) by extension 'ros'
[0.562s] Level 1:colcon.colcon_core.package_identification:_identify(datos/experimetos_pao/arbol) by extensions ['cmake', 'python']
[0.562s] Level 1:colcon.colcon_core.package_identification:_identify(datos/experimetos_pao/arbol) by extension 'cmake'
[0.562s] Level 1:colcon.colcon_core.package_identification:_identify(datos/experimetos_pao/arbol) by extension 'python'
[0.562s] Level 1:colcon.colcon_core.package_identification:_identify(datos/experimetos_pao/arbol) by extensions ['python_setup_py']
[0.562s] Level 1:colcon.colcon_core.package_identification:_identify(datos/experimetos_pao/arbol) by extension 'python_setup_py'
[0.562s] Level 1:colcon.colcon_core.package_identification:_identify(datos/experimetos_pao/conos) by extensions ['ignore', 'ignore_ament_install']
[0.562s] Level 1:colcon.colcon_core.package_identification:_identify(datos/experimetos_pao/conos) by extension 'ignore'
[0.562s] Level 1:colcon.colcon_core.package_identification:_identify(datos/experimetos_pao/conos) by extension 'ignore_ament_install'
[0.562s] Level 1:colcon.colcon_core.package_identification:_identify(datos/experimetos_pao/conos) by extensions ['colcon_pkg']
[0.562s] Level 1:colcon.colcon_core.package_identification:_identify(datos/experimetos_pao/conos) by extension 'colcon_pkg'
[0.562s] Level 1:colcon.colcon_core.package_identification:_identify(datos/experimetos_pao/conos) by extensions ['colcon_meta']
[0.562s] Level 1:colcon.colcon_core.package_identification:_identify(datos/experimetos_pao/conos) by extension 'colcon_meta'
[0.562s] Level 1:colcon.colcon_core.package_identification:_identify(datos/experimetos_pao/conos) by extensions ['ros']
[0.562s] Level 1:colcon.colcon_core.package_identification:_identify(datos/experimetos_pao/conos) by extension 'ros'
[0.562s] Level 1:colcon.colcon_core.package_identification:_identify(datos/experimetos_pao/conos) by extensions ['cmake', 'python']
[0.562s] Level 1:colcon.colcon_core.package_identification:_identify(datos/experimetos_pao/conos) by extension 'cmake'
[0.562s] Level 1:colcon.colcon_core.package_identification:_identify(datos/experimetos_pao/conos) by extension 'python'
[0.562s] Level 1:colcon.colcon_core.package_identification:_identify(datos/experimetos_pao/conos) by extensions ['python_setup_py']
[0.562s] Level 1:colcon.colcon_core.package_identification:_identify(datos/experimetos_pao/conos) by extension 'python_setup_py'
[0.563s] Level 1:colcon.colcon_core.package_identification:_identify(datos/medicion_fondo_centro) by extensions ['ignore', 'ignore_ament_install']
[0.563s] Level 1:colcon.colcon_core.package_identification:_identify(datos/medicion_fondo_centro) by extension 'ignore'
[0.563s] Level 1:colcon.colcon_core.package_identification:_identify(datos/medicion_fondo_centro) by extension 'ignore_ament_install'
[0.563s] Level 1:colcon.colcon_core.package_identification:_identify(datos/medicion_fondo_centro) by extensions ['colcon_pkg']
[0.563s] Level 1:colcon.colcon_core.package_identification:_identify(datos/medicion_fondo_centro) by extension 'colcon_pkg'
[0.563s] Level 1:colcon.colcon_core.package_identification:_identify(datos/medicion_fondo_centro) by extensions ['colcon_meta']
[0.563s] Level 1:colcon.colcon_core.package_identification:_identify(datos/medicion_fondo_centro) by extension 'colcon_meta'
[0.563s] Level 1:colcon.colcon_core.package_identification:_identify(datos/medicion_fondo_centro) by extensions ['ros']
[0.563s] Level 1:colcon.colcon_core.package_identification:_identify(datos/medicion_fondo_centro) by extension 'ros'
[0.563s] Level 1:colcon.colcon_core.package_identification:_identify(datos/medicion_fondo_centro) by extensions ['cmake', 'python']
[0.563s] Level 1:colcon.colcon_core.package_identification:_identify(datos/medicion_fondo_centro) by extension 'cmake'
[0.563s] Level 1:colcon.colcon_core.package_identification:_identify(datos/medicion_fondo_centro) by extension 'python'
[0.563s] Level 1:colcon.colcon_core.package_identification:_identify(datos/medicion_fondo_centro) by extensions ['python_setup_py']
[0.563s] Level 1:colcon.colcon_core.package_identification:_identify(datos/medicion_fondo_centro) by extension 'python_setup_py'
[0.563s] Level 1:colcon.colcon_core.package_identification:_identify(datos/medicion_fondo_centro2) by extensions ['ignore', 'ignore_ament_install']
[0.563s] Level 1:colcon.colcon_core.package_identification:_identify(datos/medicion_fondo_centro2) by extension 'ignore'
[0.563s] Level 1:colcon.colcon_core.package_identification:_identify(datos/medicion_fondo_centro2) by extension 'ignore_ament_install'
[0.563s] Level 1:colcon.colcon_core.package_identification:_identify(datos/medicion_fondo_centro2) by extensions ['colcon_pkg']
[0.564s] Level 1:colcon.colcon_core.package_identification:_identify(datos/medicion_fondo_centro2) by extension 'colcon_pkg'
[0.564s] Level 1:colcon.colcon_core.package_identification:_identify(datos/medicion_fondo_centro2) by extensions ['colcon_meta']
[0.564s] Level 1:colcon.colcon_core.package_identification:_identify(datos/medicion_fondo_centro2) by extension 'colcon_meta'
[0.564s] Level 1:colcon.colcon_core.package_identification:_identify(datos/medicion_fondo_centro2) by extensions ['ros']
[0.564s] Level 1:colcon.colcon_core.package_identification:_identify(datos/medicion_fondo_centro2) by extension 'ros'
[0.564s] Level 1:colcon.colcon_core.package_identification:_identify(datos/medicion_fondo_centro2) by extensions ['cmake', 'python']
[0.564s] Level 1:colcon.colcon_core.package_identification:_identify(datos/medicion_fondo_centro2) by extension 'cmake'
[0.564s] Level 1:colcon.colcon_core.package_identification:_identify(datos/medicion_fondo_centro2) by extension 'python'
[0.564s] Level 1:colcon.colcon_core.package_identification:_identify(datos/medicion_fondo_centro2) by extensions ['python_setup_py']
[0.564s] Level 1:colcon.colcon_core.package_identification:_identify(datos/medicion_fondo_centro2) by extension 'python_setup_py'
[0.564s] Level 1:colcon.colcon_core.package_identification:_identify(datos/medicion_fondo_cielo2) by extensions ['ignore', 'ignore_ament_install']
[0.564s] Level 1:colcon.colcon_core.package_identification:_identify(datos/medicion_fondo_cielo2) by extension 'ignore'
[0.564s] Level 1:colcon.colcon_core.package_identification:_identify(datos/medicion_fondo_cielo2) by extension 'ignore_ament_install'
[0.564s] Level 1:colcon.colcon_core.package_identification:_identify(datos/medicion_fondo_cielo2) by extensions ['colcon_pkg']
[0.564s] Level 1:colcon.colcon_core.package_identification:_identify(datos/medicion_fondo_cielo2) by extension 'colcon_pkg'
[0.564s] Level 1:colcon.colcon_core.package_identification:_identify(datos/medicion_fondo_cielo2) by extensions ['colcon_meta']
[0.564s] Level 1:colcon.colcon_core.package_identification:_identify(datos/medicion_fondo_cielo2) by extension 'colcon_meta'
[0.564s] Level 1:colcon.colcon_core.package_identification:_identify(datos/medicion_fondo_cielo2) by extensions ['ros']
[0.564s] Level 1:colcon.colcon_core.package_identification:_identify(datos/medicion_fondo_cielo2) by extension 'ros'
[0.564s] Level 1:colcon.colcon_core.package_identification:_identify(datos/medicion_fondo_cielo2) by extensions ['cmake', 'python']
[0.564s] Level 1:colcon.colcon_core.package_identification:_identify(datos/medicion_fondo_cielo2) by extension 'cmake'
[0.565s] Level 1:colcon.colcon_core.package_identification:_identify(datos/medicion_fondo_cielo2) by extension 'python'
[0.565s] Level 1:colcon.colcon_core.package_identification:_identify(datos/medicion_fondo_cielo2) by extensions ['python_setup_py']
[0.565s] Level 1:colcon.colcon_core.package_identification:_identify(datos/medicion_fondo_cielo2) by extension 'python_setup_py'
[0.565s] Level 1:colcon.colcon_core.package_identification:_identify(install) by extensions ['ignore', 'ignore_ament_install']
[0.565s] Level 1:colcon.colcon_core.package_identification:_identify(install) by extension 'ignore'
[0.565s] Level 1:colcon.colcon_core.package_identification:_identify(install) ignored
[0.565s] Level 1:colcon.colcon_core.package_identification:_identify(log) by extensions ['ignore', 'ignore_ament_install']
[0.565s] Level 1:colcon.colcon_core.package_identification:_identify(log) by extension 'ignore'
[0.565s] Level 1:colcon.colcon_core.package_identification:_identify(log) ignored
[0.565s] Level 1:colcon.colcon_core.package_identification:_identify(ptu_driver) by extensions ['ignore', 'ignore_ament_install']
[0.565s] Level 1:colcon.colcon_core.package_identification:_identify(ptu_driver) by extension 'ignore'
[0.565s] Level 1:colcon.colcon_core.package_identification:_identify(ptu_driver) by extension 'ignore_ament_install'
[0.565s] Level 1:colcon.colcon_core.package_identification:_identify(ptu_driver) by extensions ['colcon_pkg']
[0.565s] Level 1:colcon.colcon_core.package_identification:_identify(ptu_driver) by extension 'colcon_pkg'
[0.565s] Level 1:colcon.colcon_core.package_identification:_identify(ptu_driver) by extensions ['colcon_meta']
[0.565s] Level 1:colcon.colcon_core.package_identification:_identify(ptu_driver) by extension 'colcon_meta'
[0.566s] Level 1:colcon.colcon_core.package_identification:_identify(ptu_driver) by extensions ['ros']
[0.566s] Level 1:colcon.colcon_core.package_identification:_identify(ptu_driver) by extension 'ros'
[0.568s] DEBUG:colcon.colcon_core.package_identification:Package 'ptu_driver' with type 'ros.ament_cmake' and name 'ptu_driver'
[0.568s] Level 1:colcon.colcon_core.package_identification:_identify(ptu_package) by extensions ['ignore', 'ignore_ament_install']
[0.568s] Level 1:colcon.colcon_core.package_identification:_identify(ptu_package) by extension 'ignore'
[0.568s] Level 1:colcon.colcon_core.package_identification:_identify(ptu_package) by extension 'ignore_ament_install'
[0.568s] Level 1:colcon.colcon_core.package_identification:_identify(ptu_package) by extensions ['colcon_pkg']
[0.568s] Level 1:colcon.colcon_core.package_identification:_identify(ptu_package) by extension 'colcon_pkg'
[0.569s] Level 1:colcon.colcon_core.package_identification:_identify(ptu_package) by extensions ['colcon_meta']
[0.569s] Level 1:colcon.colcon_core.package_identification:_identify(ptu_package) by extension 'colcon_meta'
[0.569s] Level 1:colcon.colcon_core.package_identification:_identify(ptu_package) by extensions ['ros']
[0.569s] Level 1:colcon.colcon_core.package_identification:_identify(ptu_package) by extension 'ros'
[0.569s] DEBUG:colcon.colcon_core.package_identification:Package 'ptu_package' with type 'ros.ament_python' and name 'ptu_package'
[0.569s] Level 1:colcon.colcon_core.package_identification:_identify(radar_msg) by extensions ['ignore', 'ignore_ament_install']
[0.569s] Level 1:colcon.colcon_core.package_identification:_identify(radar_msg) by extension 'ignore'
[0.569s] Level 1:colcon.colcon_core.package_identification:_identify(radar_msg) by extension 'ignore_ament_install'
[0.569s] Level 1:colcon.colcon_core.package_identification:_identify(radar_msg) by extensions ['colcon_pkg']
[0.570s] Level 1:colcon.colcon_core.package_identification:_identify(radar_msg) by extension 'colcon_pkg'
[0.570s] Level 1:colcon.colcon_core.package_identification:_identify(radar_msg) by extensions ['colcon_meta']
[0.570s] Level 1:colcon.colcon_core.package_identification:_identify(radar_msg) by extension 'colcon_meta'
[0.570s] Level 1:colcon.colcon_core.package_identification:_identify(radar_msg) by extensions ['ros']
[0.570s] Level 1:colcon.colcon_core.package_identification:_identify(radar_msg) by extension 'ros'
[0.570s] DEBUG:colcon.colcon_core.package_identification:Package 'radar_msg' with type 'ros.ament_cmake' and name 'radar_msg'
[0.571s] Level 1:colcon.colcon_core.package_identification:_identify(radar_package) by extensions ['ignore', 'ignore_ament_install']
[0.571s] Level 1:colcon.colcon_core.package_identification:_identify(radar_package) by extension 'ignore'
[0.571s] Level 1:colcon.colcon_core.package_identification:_identify(radar_package) by extension 'ignore_ament_install'
[0.571s] Level 1:colcon.colcon_core.package_identification:_identify(radar_package) by extensions ['colcon_pkg']
[0.571s] Level 1:colcon.colcon_core.package_identification:_identify(radar_package) by extension 'colcon_pkg'
[0.571s] Level 1:colcon.colcon_core.package_identification:_identify(radar_package) by extensions ['colcon_meta']
[0.571s] Level 1:colcon.colcon_core.package_identification:_identify(radar_package) by extension 'colcon_meta'
[0.571s] Level 1:colcon.colcon_core.package_identification:_identify(radar_package) by extensions ['ros']
[0.571s] Level 1:colcon.colcon_core.package_identification:_identify(radar_package) by extension 'ros'
[0.572s] DEBUG:colcon.colcon_core.package_identification:Package 'radar_package' with type 'ros.ament_python' and name 'radar_package'
[0.572s] Level 1:colcon.colcon_core.package_identification:_identify(review_case) by extensions ['ignore', 'ignore_ament_install']
[0.572s] Level 1:colcon.colcon_core.package_identification:_identify(review_case) by extension 'ignore'
[0.572s] Level 1:colcon.colcon_core.package_identification:_identify(review_case) by extension 'ignore_ament_install'
[0.572s] Level 1:colcon.colcon_core.package_identification:_identify(review_case) by extensions ['colcon_pkg']
[0.572s] Level 1:colcon.colcon_core.package_identification:_identify(review_case) by extension 'colcon_pkg'
[0.572s] Level 1:colcon.colcon_core.package_identification:_identify(review_case) by extensions ['colcon_meta']
[0.572s] Level 1:colcon.colcon_core.package_identification:_identify(review_case) by extension 'colcon_meta'
[0.572s] Level 1:colcon.colcon_core.package_identification:_identify(review_case) by extensions ['ros']
[0.572s] Level 1:colcon.colcon_core.package_identification:_identify(review_case) by extension 'ros'
[0.572s] Level 1:colcon.colcon_core.package_identification:_identify(review_case) by extensions ['cmake', 'python']
[0.572s] Level 1:colcon.colcon_core.package_identification:_identify(review_case) by extension 'cmake'
[0.572s] Level 1:colcon.colcon_core.package_identification:_identify(review_case) by extension 'python'
[0.572s] Level 1:colcon.colcon_core.package_identification:_identify(review_case) by extensions ['python_setup_py']
[0.572s] Level 1:colcon.colcon_core.package_identification:_identify(review_case) by extension 'python_setup_py'
[0.572s] Level 1:colcon.colcon_core.package_identification:_identify(robot_description) by extensions ['ignore', 'ignore_ament_install']
[0.573s] Level 1:colcon.colcon_core.package_identification:_identify(robot_description) by extension 'ignore'
[0.573s] Level 1:colcon.colcon_core.package_identification:_identify(robot_description) by extension 'ignore_ament_install'
[0.573s] Level 1:colcon.colcon_core.package_identification:_identify(robot_description) by extensions ['colcon_pkg']
[0.573s] Level 1:colcon.colcon_core.package_identification:_identify(robot_description) by extension 'colcon_pkg'
[0.573s] Level 1:colcon.colcon_core.package_identification:_identify(robot_description) by extensions ['colcon_meta']
[0.573s] Level 1:colcon.colcon_core.package_identification:_identify(robot_description) by extension 'colcon_meta'
[0.573s] Level 1:colcon.colcon_core.package_identification:_identify(robot_description) by extensions ['ros']
[0.573s] Level 1:colcon.colcon_core.package_identification:_identify(robot_description) by extension 'ros'
[0.573s] DEBUG:colcon.colcon_core.package_identification:Package 'robot_description' with type 'ros.ament_cmake' and name 'robot_description'
[0.573s] Level 1:colcon.colcon_core.package_identification:_identify(state_machine) by extensions ['ignore', 'ignore_ament_install']
[0.574s] Level 1:colcon.colcon_core.package_identification:_identify(state_machine) by extension 'ignore'
[0.574s] Level 1:colcon.colcon_core.package_identification:_identify(state_machine) by extension 'ignore_ament_install'
[0.574s] Level 1:colcon.colcon_core.package_identification:_identify(state_machine) by extensions ['colcon_pkg']
[0.574s] Level 1:colcon.colcon_core.package_identification:_identify(state_machine) by extension 'colcon_pkg'
[0.574s] Level 1:colcon.colcon_core.package_identification:_identify(state_machine) by extensions ['colcon_meta']
[0.574s] Level 1:colcon.colcon_core.package_identification:_identify(state_machine) by extension 'colcon_meta'
[0.574s] Level 1:colcon.colcon_core.package_identification:_identify(state_machine) by extensions ['ros']
[0.574s] Level 1:colcon.colcon_core.package_identification:_identify(state_machine) by extension 'ros'
[0.574s] DEBUG:colcon.colcon_core.package_identification:Package 'state_machine' with type 'ros.ament_python' and name 'state_machine'
[0.574s] Level 1:colcon.colcon_core.package_discovery:discover_packages(recursive) using defaults
[0.575s] Level 1:colcon.colcon_core.package_discovery:discover_packages(ignore) discover
[0.575s] Level 1:colcon.colcon_core.package_discovery:discover_packages(ignore) using defaults
[0.575s] Level 1:colcon.colcon_core.package_discovery:discover_packages(path) discover
[0.575s] Level 1:colcon.colcon_core.package_discovery:discover_packages(path) using defaults
[0.625s] Level 1:colcon.colcon_core.package_discovery:discover_packages(prefix_path) check parameters
[0.625s] Level 1:colcon.colcon_core.package_discovery:discover_packages(prefix_path) discover
[0.651s] DEBUG:colcon.colcon_installed_package_information.package_discovery:Found 346 installed packages in /home/dammr/ros2_humble/install
[0.653s] DEBUG:colcon.colcon_installed_package_information.package_discovery:Found 128 installed packages in /opt/ros/humble
[0.659s] Level 1:colcon.colcon_core.package_discovery:discover_packages(prefix_path) using defaults
[0.702s] Level 5:colcon.colcon_core.verb:set package 'ptu_driver' build argument 'cmake_args' from command line to 'None'
[0.702s] Level 5:colcon.colcon_core.verb:set package 'ptu_driver' build argument 'cmake_target' from command line to 'None'
[0.702s] Level 5:colcon.colcon_core.verb:set package 'ptu_driver' build argument 'cmake_target_skip_unavailable' from command line to 'False'
[0.702s] Level 5:colcon.colcon_core.verb:set package 'ptu_driver' build argument 'cmake_clean_cache' from command line to 'False'
[0.702s] Level 5:colcon.colcon_core.verb:set package 'ptu_driver' build argument 'cmake_clean_first' from command line to 'False'
[0.702s] Level 5:colcon.colcon_core.verb:set package 'ptu_driver' build argument 'cmake_force_configure' from command line to 'False'
[0.702s] Level 5:colcon.colcon_core.verb:set package 'ptu_driver' build argument 'ament_cmake_args' from command line to 'None'
[0.702s] Level 5:colcon.colcon_core.verb:set package 'ptu_driver' build argument 'catkin_cmake_args' from command line to 'None'
[0.702s] Level 5:colcon.colcon_core.verb:set package 'ptu_driver' build argument 'catkin_skip_building_tests' from command line to 'False'
[0.702s] DEBUG:colcon.colcon_core.verb:Building package 'ptu_driver' with the following arguments: {'ament_cmake_args': None, 'build_base': '/home/dammr/Desktop/magister_ws/UC_SmartFarmRadar/build/ptu_driver', 'catkin_cmake_args': None, 'catkin_skip_building_tests': False, 'cmake_args': None, 'cmake_clean_cache': False, 'cmake_clean_first': False, 'cmake_force_configure': False, 'cmake_target': None, 'cmake_target_skip_unavailable': False, 'install_base': '/home/dammr/Desktop/magister_ws/UC_SmartFarmRadar/install/ptu_driver', 'merge_install': False, 'path': '/home/dammr/Desktop/magister_ws/UC_SmartFarmRadar/ptu_driver', 'symlink_install': False, 'test_result_base': None}
[0.703s] Level 5:colcon.colcon_core.verb:set package 'radar_msg' build argument 'cmake_args' from command line to 'None'
[0.703s] Level 5:colcon.colcon_core.verb:set package 'radar_msg' build argument 'cmake_target' from command line to 'None'
[0.703s] Level 5:colcon.colcon_core.verb:set package 'radar_msg' build argument 'cmake_target_skip_unavailable' from command line to 'False'
[0.703s] Level 5:colcon.colcon_core.verb:set package 'radar_msg' build argument 'cmake_clean_cache' from command line to 'False'
[0.703s] Level 5:colcon.colcon_core.verb:set package 'radar_msg' build argument 'cmake_clean_first' from command line to 'False'
[0.703s] Level 5:colcon.colcon_core.verb:set package 'radar_msg' build argument 'cmake_force_configure' from command line to 'False'
[0.703s] Level 5:colcon.colcon_core.verb:set package 'radar_msg' build argument 'ament_cmake_args' from command line to 'None'
[0.703s] Level 5:colcon.colcon_core.verb:set package 'radar_msg' build argument 'catkin_cmake_args' from command line to 'None'
[0.703s] Level 5:colcon.colcon_core.verb:set package 'radar_msg' build argument 'catkin_skip_building_tests' from command line to 'False'
[0.703s] DEBUG:colcon.colcon_core.verb:Building package 'radar_msg' with the following arguments: {'ament_cmake_args': None, 'build_base': '/home/dammr/Desktop/magister_ws/UC_SmartFarmRadar/build/radar_msg', 'catkin_cmake_args': None, 'catkin_skip_building_tests': False, 'cmake_args': None, 'cmake_clean_cache': False, 'cmake_clean_first': False, 'cmake_force_configure': False, 'cmake_target': None, 'cmake_target_skip_unavailable': False, 'install_base': '/home/dammr/Desktop/magister_ws/UC_SmartFarmRadar/install/radar_msg', 'merge_install': False, 'path': '/home/dammr/Desktop/magister_ws/UC_SmartFarmRadar/radar_msg', 'symlink_install': False, 'test_result_base': None}
[0.703s] Level 5:colcon.colcon_core.verb:set package 'robot_description' build argument 'cmake_args' from command line to 'None'
[0.703s] Level 5:colcon.colcon_core.verb:set package 'robot_description' build argument 'cmake_target' from command line to 'None'
[0.703s] Level 5:colcon.colcon_core.verb:set package 'robot_description' build argument 'cmake_target_skip_unavailable' from command line to 'False'
[0.703s] Level 5:colcon.colcon_core.verb:set package 'robot_description' build argument 'cmake_clean_cache' from command line to 'False'
[0.703s] Level 5:colcon.colcon_core.verb:set package 'robot_description' build argument 'cmake_clean_first' from command line to 'False'
[0.703s] Level 5:colcon.colcon_core.verb:set package 'robot_description' build argument 'cmake_force_configure' from command line to 'False'
[0.704s] Level 5:colcon.colcon_core.verb:set package 'robot_description' build argument 'ament_cmake_args' from command line to 'None'
[0.704s] Level 5:colcon.colcon_core.verb:set package 'robot_description' build argument 'catkin_cmake_args' from command line to 'None'
[0.704s] Level 5:colcon.colcon_core.verb:set package 'robot_description' build argument 'catkin_skip_building_tests' from command line to 'False'
[0.704s] DEBUG:colcon.colcon_core.verb:Building package 'robot_description' with the following arguments: {'ament_cmake_args': None, 'build_base': '/home/dammr/Desktop/magister_ws/UC_SmartFarmRadar/build/robot_description', 'catkin_cmake_args': None, 'catkin_skip_building_tests': False, 'cmake_args': None, 'cmake_clean_cache': False, 'cmake_clean_first': False, 'cmake_force_configure': False, 'cmake_target': None, 'cmake_target_skip_unavailable': False, 'install_base': '/home/dammr/Desktop/magister_ws/UC_SmartFarmRadar/install/robot_description', 'merge_install': False, 'path': '/home/dammr/Desktop/magister_ws/UC_SmartFarmRadar/robot_description', 'symlink_install': False, 'test_result_base': None}
[0.704s] Level 5:colcon.colcon_core.verb:set package 'ptu_package' build argument 'cmake_args' from command line to 'None'
[0.704s] Level 5:colcon.colcon_core.verb:set package 'ptu_package' build argument 'cmake_target' from command line to 'None'
[0.704s] Level 5:colcon.colcon_core.verb:set package 'ptu_package' build argument 'cmake_target_skip_unavailable' from command line to 'False'
[0.704s] Level 5:colcon.colcon_core.verb:set package 'ptu_package' build argument 'cmake_clean_cache' from command line to 'False'
[0.704s] Level 5:colcon.colcon_core.verb:set package 'ptu_package' build argument 'cmake_clean_first' from command line to 'False'
[0.704s] Level 5:colcon.colcon_core.verb:set package 'ptu_package' build argument 'cmake_force_configure' from command line to 'False'
[0.704s] Level 5:colcon.colcon_core.verb:set package 'ptu_package' build argument 'ament_cmake_args' from command line to 'None'
[0.704s] Level 5:colcon.colcon_core.verb:set package 'ptu_package' build argument 'catkin_cmake_args' from command line to 'None'
[0.704s] Level 5:colcon.colcon_core.verb:set package 'ptu_package' build argument 'catkin_skip_building_tests' from command line to 'False'
[0.704s] DEBUG:colcon.colcon_core.verb:Building package 'ptu_package' with the following arguments: {'ament_cmake_args': None, 'build_base': '/home/dammr/Desktop/magister_ws/UC_SmartFarmRadar/build/ptu_package', 'catkin_cmake_args': None, 'catkin_skip_building_tests': False, 'cmake_args': None, 'cmake_clean_cache': False, 'cmake_clean_first': False, 'cmake_force_configure': False, 'cmake_target': None, 'cmake_target_skip_unavailable': False, 'install_base': '/home/dammr/Desktop/magister_ws/UC_SmartFarmRadar/install/ptu_package', 'merge_install': False, 'path': '/home/dammr/Desktop/magister_ws/UC_SmartFarmRadar/ptu_package', 'symlink_install': False, 'test_result_base': None}
[0.704s] Level 5:colcon.colcon_core.verb:set package 'radar_package' build argument 'cmake_args' from command line to 'None'
[0.705s] Level 5:colcon.colcon_core.verb:set package 'radar_package' build argument 'cmake_target' from command line to 'None'
[0.705s] Level 5:colcon.colcon_core.verb:set package 'radar_package' build argument 'cmake_target_skip_unavailable' from command line to 'False'
[0.705s] Level 5:colcon.colcon_core.verb:set package 'radar_package' build argument 'cmake_clean_cache' from command line to 'False'
[0.705s] Level 5:colcon.colcon_core.verb:set package 'radar_package' build argument 'cmake_clean_first' from command line to 'False'
[0.705s] Level 5:colcon.colcon_core.verb:set package 'radar_package' build argument 'cmake_force_configure' from command line to 'False'
[0.705s] Level 5:colcon.colcon_core.verb:set package 'radar_package' build argument 'ament_cmake_args' from command line to 'None'
[0.705s] Level 5:colcon.colcon_core.verb:set package 'radar_package' build argument 'catkin_cmake_args' from command line to 'None'
[0.705s] Level 5:colcon.colcon_core.verb:set package 'radar_package' build argument 'catkin_skip_building_tests' from command line to 'False'
[0.705s] DEBUG:colcon.colcon_core.verb:Building package 'radar_package' with the following arguments: {'ament_cmake_args': None, 'build_base': '/home/dammr/Desktop/magister_ws/UC_SmartFarmRadar/build/radar_package', 'catkin_cmake_args': None, 'catkin_skip_building_tests': False, 'cmake_args': None, 'cmake_clean_cache': False, 'cmake_clean_first': False, 'cmake_force_configure': False, 'cmake_target': None, 'cmake_target_skip_unavailable': False, 'install_base': '/home/dammr/Desktop/magister_ws/UC_SmartFarmRadar/install/radar_package', 'merge_install': False, 'path': '/home/dammr/Desktop/magister_ws/UC_SmartFarmRadar/radar_package', 'symlink_install': False, 'test_result_base': None}
[0.705s] Level 5:colcon.colcon_core.verb:set package 'state_machine' build argument 'cmake_args' from command line to 'None'
[0.705s] Level 5:colcon.colcon_core.verb:set package 'state_machine' build argument 'cmake_target' from command line to 'None'
[0.705s] Level 5:colcon.colcon_core.verb:set package 'state_machine' build argument 'cmake_target_skip_unavailable' from command line to 'False'
[0.705s] Level 5:colcon.colcon_core.verb:set package 'state_machine' build argument 'cmake_clean_cache' from command line to 'False'
[0.705s] Level 5:colcon.colcon_core.verb:set package 'state_machine' build argument 'cmake_clean_first' from command line to 'False'
[0.705s] Level 5:colcon.colcon_core.verb:set package 'state_machine' build argument 'cmake_force_configure' from command line to 'False'
[0.705s] Level 5:colcon.colcon_core.verb:set package 'state_machine' build argument 'ament_cmake_args' from command line to 'None'
[0.705s] Level 5:colcon.colcon_core.verb:set package 'state_machine' build argument 'catkin_cmake_args' from command line to 'None'
[0.705s] Level 5:colcon.colcon_core.verb:set package 'state_machine' build argument 'catkin_skip_building_tests' from command line to 'False'
[0.705s] DEBUG:colcon.colcon_core.verb:Building package 'state_machine' with the following arguments: {'ament_cmake_args': None, 'build_base': '/home/dammr/Desktop/magister_ws/UC_SmartFarmRadar/build/state_machine', 'catkin_cmake_args': None, 'catkin_skip_building_tests': False, 'cmake_args': None, 'cmake_clean_cache': False, 'cmake_clean_first': False, 'cmake_force_configure': False, 'cmake_target': None, 'cmake_target_skip_unavailable': False, 'install_base': '/home/dammr/Desktop/magister_ws/UC_SmartFarmRadar/install/state_machine', 'merge_install': False, 'path': '/home/dammr/Desktop/magister_ws/UC_SmartFarmRadar/state_machine', 'symlink_install': False, 'test_result_base': None}
[0.705s] INFO:colcon.colcon_core.executor:Executing jobs using 'parallel' executor
[0.706s] DEBUG:colcon.colcon_parallel_executor.executor.parallel:run_until_complete
[0.707s] INFO:colcon.colcon_ros.task.ament_cmake.build:Building ROS package in '/home/dammr/Desktop/magister_ws/UC_SmartFarmRadar/radar_msg' with build type 'ament_cmake'
[0.707s] INFO:colcon.colcon_cmake.task.cmake.build:Building CMake package in '/home/dammr/Desktop/magister_ws/UC_SmartFarmRadar/radar_msg'
[0.712s] INFO:colcon.colcon_core.plugin_system:Skipping extension 'colcon_core.shell.bat': Not used on non-Windows systems
[0.712s] INFO:colcon.colcon_core.shell:Skip shell extension 'powershell' for command environment: Not usable outside of PowerShell
[0.712s] DEBUG:colcon.colcon_core.shell:Skip shell extension 'dsv' for command environment
[0.731s] INFO:colcon.colcon_ros.task.ament_cmake.build:Building ROS package in '/home/dammr/Desktop/magister_ws/UC_SmartFarmRadar/ptu_driver' with build type 'ament_cmake'
[0.731s] INFO:colcon.colcon_cmake.task.cmake.build:Building CMake package in '/home/dammr/Desktop/magister_ws/UC_SmartFarmRadar/ptu_driver'
[0.731s] INFO:colcon.colcon_core.shell:Skip shell extension 'powershell' for command environment: Not usable outside of PowerShell
[0.731s] DEBUG:colcon.colcon_core.shell:Skip shell extension 'dsv' for command environment
[0.748s] INFO:colcon.colcon_ros.task.ament_cmake.build:Building ROS package in '/home/dammr/Desktop/magister_ws/UC_SmartFarmRadar/robot_description' with build type 'ament_cmake'
[0.748s] INFO:colcon.colcon_cmake.task.cmake.build:Building CMake package in '/home/dammr/Desktop/magister_ws/UC_SmartFarmRadar/robot_description'
[0.748s] INFO:colcon.colcon_core.shell:Skip shell extension 'powershell' for command environment: Not usable outside of PowerShell
[0.748s] DEBUG:colcon.colcon_core.shell:Skip shell extension 'dsv' for command environment
[0.770s] DEBUG:colcon.colcon_core.event_handler.log_command:Invoking command in '/home/dammr/Desktop/magister_ws/UC_SmartFarmRadar/build/radar_msg': CMAKE_PREFIX_PATH=${CMAKE_PREFIX_PATH}:/opt/ros/humble:/home/dammr/ros2_humble/install/rqt_bag_plugins:/home/dammr/ros2_humble/install/rqt_bag:/home/dammr/ros2_humble/install/launch_testing_examples:/home/dammr/ros2_humble/install/ros2bag:/home/dammr/ros2_humble/install/tracetools_test:/home/dammr/ros2_humble/install/tracetools_launch:/home/dammr/ros2_humble/install/topic_monitor:/home/dammr/ros2_humble/install/tf2_tools:/home/dammr/ros2_humble/install/examples_tf2_py:/home/dammr/ros2_humble/install/tf2_ros_py:/home/dammr/ros2_humble/install/sros2:/home/dammr/ros2_humble/install/rqt_topic:/home/dammr/ros2_humble/install/rqt_srv:/home/dammr/ros2_humble/install/rqt_shell:/home/dammr/ros2_humble/install/rqt_service_caller:/home/dammr/ros2_humble/install/rqt_reconfigure:/home/dammr/ros2_humble/install/rqt_py_console:/home/dammr/ros2_humble/install/rqt_publisher:/home/dammr/ros2_humble/install/rqt_plot:/home/dammr/ros2_humble/install/rqt_action:/home/dammr/ros2_humble/install/rqt_msg:/home/dammr/ros2_humble/install/rqt_console:/home/dammr/ros2_humble/install/rqt:/home/dammr/ros2_humble/install/rqt_graph:/home/dammr/ros2_humble/install/rqt_gui_py:/home/dammr/ros2_humble/install/rqt_gui:/home/dammr/ros2_humble/install/ros2trace:/home/dammr/ros2_humble/install/ros2topic:/home/dammr/ros2_humble/install/ros2test:/home/dammr/ros2_humble/install/ros2component:/home/dammr/ros2_humble/install/ros2param:/home/dammr/ros2_humble/install/ros2lifecycle:/home/dammr/ros2_humble/install/ros2service:/home/dammr/ros2_humble/install/ros2run:/home/dammr/ros2_humble/install/ros2launch:/home/dammr/ros2_humble/install/ros2pkg:/home/dammr/ros2_humble/install/ros2node:/home/dammr/ros2_humble/install/ros2multicast:/home/dammr/ros2_humble/install/ros2interface:/home/dammr/ros2_humble/install/ros2doctor:/home/dammr/ros2_humble/install/ros2action:/home/dammr/ros2_humble/install/ros2cli:/home/dammr/ros2_humble/install/quality_of_service_demo_py:/home/dammr/ros2_humble/install/lifecycle_py:/home/dammr/ros2_humble/install/launch_testing_ros:/home/dammr/ros2_humble/install/launch_ros:/home/dammr/ros2_humble/install/examples_rclpy_pointcloud_publisher:/home/dammr/ros2_humble/install/examples_rclpy_minimal_subscriber:/home/dammr/ros2_humble/install/examples_rclpy_minimal_service:/home/dammr/ros2_humble/install/examples_rclpy_minimal_publisher:/home/dammr/ros2_humble/install/examples_rclpy_minimal_client:/home/dammr/ros2_humble/install/examples_rclpy_minimal_action_server:/home/dammr/ros2_humble/install/examples_rclpy_minimal_action_client:/home/dammr/ros2_humble/install/examples_rclpy_guard_conditions:/home/dammr/ros2_humble/install/examples_rclpy_executors:/home/dammr/ros2_humble/install/demo_nodes_py:/home/dammr/ros2_humble/install/camera_info_manager_py:/home/dammr/ros2_humble/install/action_tutorials_py:/home/dammr/ros2_humble/install/ament_uncrustify:/home/dammr/ros2_humble/install/tracetools_trace:/home/dammr/ros2_humble/install/tracetools_read:/home/dammr/ros2_humble/install/test_tracetools_launch:/home/dammr/ros2_humble/install/test_launch_ros:/home/dammr/ros2_humble/install/sensor_msgs_py:/home/dammr/ros2_humble/install/rpyutils:/home/dammr/ros2_humble/install/rosidl_runtime_py:/home/dammr/ros2_humble/install/rosidl_cli:/home/dammr/ros2_humble/install/launch_pytest:/home/dammr/ros2_humble/install/launch_testing:/home/dammr/ros2_humble/install/launch_yaml:/home/dammr/ros2_humble/install/launch_xml:/home/dammr/ros2_humble/install/launch:/home/dammr/ros2_humble/install/osrf_pycommon:/home/dammr/ros2_humble/install/domain_coordinator:/home/dammr/ros2_humble/install/ament_xmllint:/home/dammr/ros2_humble/install/ament_pyflakes:/home/dammr/ros2_humble/install/ament_pycodestyle:/home/dammr/ros2_humble/install/ament_pep257:/home/dammr/ros2_humble/install/ament_pclint:/home/dammr/ros2_humble/install/ament_package:/home/dammr/ros2_humble/install/ament_mypy:/home/dammr/ros2_humble/install/ament_lint_cmake:/home/dammr/ros2_humble/install/ament_flake8:/home/dammr/ros2_humble/install/ament_copyright:/home/dammr/ros2_humble/install/ament_lint:/home/dammr/ros2_humble/install/ament_index_python:/home/dammr/ros2_humble/install/ament_cpplint:/home/dammr/ros2_humble/install/ament_cppcheck:/home/dammr/ros2_humble/install/ament_clang_tidy:/home/dammr/ros2_humble/install/ament_clang_format /usr/bin/cmake --build /home/dammr/Desktop/magister_ws/UC_SmartFarmRadar/build/radar_msg -- -j12 -l12
[0.779s] DEBUG:colcon.colcon_core.event_handler.log_command:Invoking command in '/home/dammr/Desktop/magister_ws/UC_SmartFarmRadar/build/ptu_driver': CMAKE_PREFIX_PATH=${CMAKE_PREFIX_PATH}:/opt/ros/humble:/home/dammr/ros2_humble/install/rqt_bag_plugins:/home/dammr/ros2_humble/install/rqt_bag:/home/dammr/ros2_humble/install/launch_testing_examples:/home/dammr/ros2_humble/install/ros2bag:/home/dammr/ros2_humble/install/tracetools_test:/home/dammr/ros2_humble/install/tracetools_launch:/home/dammr/ros2_humble/install/topic_monitor:/home/dammr/ros2_humble/install/tf2_tools:/home/dammr/ros2_humble/install/examples_tf2_py:/home/dammr/ros2_humble/install/tf2_ros_py:/home/dammr/ros2_humble/install/sros2:/home/dammr/ros2_humble/install/rqt_topic:/home/dammr/ros2_humble/install/rqt_srv:/home/dammr/ros2_humble/install/rqt_shell:/home/dammr/ros2_humble/install/rqt_service_caller:/home/dammr/ros2_humble/install/rqt_reconfigure:/home/dammr/ros2_humble/install/rqt_py_console:/home/dammr/ros2_humble/install/rqt_publisher:/home/dammr/ros2_humble/install/rqt_plot:/home/dammr/ros2_humble/install/rqt_action:/home/dammr/ros2_humble/install/rqt_msg:/home/dammr/ros2_humble/install/rqt_console:/home/dammr/ros2_humble/install/rqt:/home/dammr/ros2_humble/install/rqt_graph:/home/dammr/ros2_humble/install/rqt_gui_py:/home/dammr/ros2_humble/install/rqt_gui:/home/dammr/ros2_humble/install/ros2trace:/home/dammr/ros2_humble/install/ros2topic:/home/dammr/ros2_humble/install/ros2test:/home/dammr/ros2_humble/install/ros2component:/home/dammr/ros2_humble/install/ros2param:/home/dammr/ros2_humble/install/ros2lifecycle:/home/dammr/ros2_humble/install/ros2service:/home/dammr/ros2_humble/install/ros2run:/home/dammr/ros2_humble/install/ros2launch:/home/dammr/ros2_humble/install/ros2pkg:/home/dammr/ros2_humble/install/ros2node:/home/dammr/ros2_humble/install/ros2multicast:/home/dammr/ros2_humble/install/ros2interface:/home/dammr/ros2_humble/install/ros2doctor:/home/dammr/ros2_humble/install/ros2action:/home/dammr/ros2_humble/install/ros2cli:/home/dammr/ros2_humble/install/quality_of_service_demo_py:/home/dammr/ros2_humble/install/lifecycle_py:/home/dammr/ros2_humble/install/launch_testing_ros:/home/dammr/ros2_humble/install/launch_ros:/home/dammr/ros2_humble/install/examples_rclpy_pointcloud_publisher:/home/dammr/ros2_humble/install/examples_rclpy_minimal_subscriber:/home/dammr/ros2_humble/install/examples_rclpy_minimal_service:/home/dammr/ros2_humble/install/examples_rclpy_minimal_publisher:/home/dammr/ros2_humble/install/examples_rclpy_minimal_client:/home/dammr/ros2_humble/install/examples_rclpy_minimal_action_server:/home/dammr/ros2_humble/install/examples_rclpy_minimal_action_client:/home/dammr/ros2_humble/install/examples_rclpy_guard_conditions:/home/dammr/ros2_humble/install/examples_rclpy_executors:/home/dammr/ros2_humble/install/demo_nodes_py:/home/dammr/ros2_humble/install/camera_info_manager_py:/home/dammr/ros2_humble/install/action_tutorials_py:/home/dammr/ros2_humble/install/ament_uncrustify:/home/dammr/ros2_humble/install/tracetools_trace:/home/dammr/ros2_humble/install/tracetools_read:/home/dammr/ros2_humble/install/test_tracetools_launch:/home/dammr/ros2_humble/install/test_launch_ros:/home/dammr/ros2_humble/install/sensor_msgs_py:/home/dammr/ros2_humble/install/rpyutils:/home/dammr/ros2_humble/install/rosidl_runtime_py:/home/dammr/ros2_humble/install/rosidl_cli:/home/dammr/ros2_humble/install/launch_pytest:/home/dammr/ros2_humble/install/launch_testing:/home/dammr/ros2_humble/install/launch_yaml:/home/dammr/ros2_humble/install/launch_xml:/home/dammr/ros2_humble/install/launch:/home/dammr/ros2_humble/install/osrf_pycommon:/home/dammr/ros2_humble/install/domain_coordinator:/home/dammr/ros2_humble/install/ament_xmllint:/home/dammr/ros2_humble/install/ament_pyflakes:/home/dammr/ros2_humble/install/ament_pycodestyle:/home/dammr/ros2_humble/install/ament_pep257:/home/dammr/ros2_humble/install/ament_pclint:/home/dammr/ros2_humble/install/ament_package:/home/dammr/ros2_humble/install/ament_mypy:/home/dammr/ros2_humble/install/ament_lint_cmake:/home/dammr/ros2_humble/install/ament_flake8:/home/dammr/ros2_humble/install/ament_copyright:/home/dammr/ros2_humble/install/ament_lint:/home/dammr/ros2_humble/install/ament_index_python:/home/dammr/ros2_humble/install/ament_cpplint:/home/dammr/ros2_humble/install/ament_cppcheck:/home/dammr/ros2_humble/install/ament_clang_tidy:/home/dammr/ros2_humble/install/ament_clang_format /usr/bin/cmake --build /home/dammr/Desktop/magister_ws/UC_SmartFarmRadar/build/ptu_driver -- -j12 -l12
[0.783s] DEBUG:colcon.colcon_core.event_handler.log_command:Invoking command in '/home/dammr/Desktop/magister_ws/UC_SmartFarmRadar/build/robot_description': CMAKE_PREFIX_PATH=${CMAKE_PREFIX_PATH}:/opt/ros/humble:/home/dammr/ros2_humble/install/rqt_bag_plugins:/home/dammr/ros2_humble/install/rqt_bag:/home/dammr/ros2_humble/install/launch_testing_examples:/home/dammr/ros2_humble/install/ros2bag:/home/dammr/ros2_humble/install/tracetools_test:/home/dammr/ros2_humble/install/tracetools_launch:/home/dammr/ros2_humble/install/topic_monitor:/home/dammr/ros2_humble/install/tf2_tools:/home/dammr/ros2_humble/install/examples_tf2_py:/home/dammr/ros2_humble/install/tf2_ros_py:/home/dammr/ros2_humble/install/sros2:/home/dammr/ros2_humble/install/rqt_topic:/home/dammr/ros2_humble/install/rqt_srv:/home/dammr/ros2_humble/install/rqt_shell:/home/dammr/ros2_humble/install/rqt_service_caller:/home/dammr/ros2_humble/install/rqt_reconfigure:/home/dammr/ros2_humble/install/rqt_py_console:/home/dammr/ros2_humble/install/rqt_publisher:/home/dammr/ros2_humble/install/rqt_plot:/home/dammr/ros2_humble/install/rqt_action:/home/dammr/ros2_humble/install/rqt_msg:/home/dammr/ros2_humble/install/rqt_console:/home/dammr/ros2_humble/install/rqt:/home/dammr/ros2_humble/install/rqt_graph:/home/dammr/ros2_humble/install/rqt_gui_py:/home/dammr/ros2_humble/install/rqt_gui:/home/dammr/ros2_humble/install/ros2trace:/home/dammr/ros2_humble/install/ros2topic:/home/dammr/ros2_humble/install/ros2test:/home/dammr/ros2_humble/install/ros2component:/home/dammr/ros2_humble/install/ros2param:/home/dammr/ros2_humble/install/ros2lifecycle:/home/dammr/ros2_humble/install/ros2service:/home/dammr/ros2_humble/install/ros2run:/home/dammr/ros2_humble/install/ros2launch:/home/dammr/ros2_humble/install/ros2pkg:/home/dammr/ros2_humble/install/ros2node:/home/dammr/ros2_humble/install/ros2multicast:/home/dammr/ros2_humble/install/ros2interface:/home/dammr/ros2_humble/install/ros2doctor:/home/dammr/ros2_humble/install/ros2action:/home/dammr/ros2_humble/install/ros2cli:/home/dammr/ros2_humble/install/quality_of_service_demo_py:/home/dammr/ros2_humble/install/lifecycle_py:/home/dammr/ros2_humble/install/launch_testing_ros:/home/dammr/ros2_humble/install/launch_ros:/home/dammr/ros2_humble/install/examples_rclpy_pointcloud_publisher:/home/dammr/ros2_humble/install/examples_rclpy_minimal_subscriber:/home/dammr/ros2_humble/install/examples_rclpy_minimal_service:/home/dammr/ros2_humble/install/examples_rclpy_minimal_publisher:/home/dammr/ros2_humble/install/examples_rclpy_minimal_client:/home/dammr/ros2_humble/install/examples_rclpy_minimal_action_server:/home/dammr/ros2_humble/install/examples_rclpy_minimal_action_client:/home/dammr/ros2_humble/install/examples_rclpy_guard_conditions:/home/dammr/ros2_humble/install/examples_rclpy_executors:/home/dammr/ros2_humble/install/demo_nodes_py:/home/dammr/ros2_humble/install/camera_info_manager_py:/home/dammr/ros2_humble/install/action_tutorials_py:/home/dammr/ros2_humble/install/ament_uncrustify:/home/dammr/ros2_humble/install/tracetools_trace:/home/dammr/ros2_humble/install/tracetools_read:/home/dammr/ros2_humble/install/test_tracetools_launch:/home/dammr/ros2_humble/install/test_launch_ros:/home/dammr/ros2_humble/install/sensor_msgs_py:/home/dammr/ros2_humble/install/rpyutils:/home/dammr/ros2_humble/install/rosidl_runtime_py:/home/dammr/ros2_humble/install/rosidl_cli:/home/dammr/ros2_humble/install/launch_pytest:/home/dammr/ros2_humble/install/launch_testing:/home/dammr/ros2_humble/install/launch_yaml:/home/dammr/ros2_humble/install/launch_xml:/home/dammr/ros2_humble/install/launch:/home/dammr/ros2_humble/install/osrf_pycommon:/home/dammr/ros2_humble/install/domain_coordinator:/home/dammr/ros2_humble/install/ament_xmllint:/home/dammr/ros2_humble/install/ament_pyflakes:/home/dammr/ros2_humble/install/ament_pycodestyle:/home/dammr/ros2_humble/install/ament_pep257:/home/dammr/ros2_humble/install/ament_pclint:/home/dammr/ros2_humble/install/ament_package:/home/dammr/ros2_humble/install/ament_mypy:/home/dammr/ros2_humble/install/ament_lint_cmake:/home/dammr/ros2_humble/install/ament_flake8:/home/dammr/ros2_humble/install/ament_copyright:/home/dammr/ros2_humble/install/ament_lint:/home/dammr/ros2_humble/install/ament_index_python:/home/dammr/ros2_humble/install/ament_cpplint:/home/dammr/ros2_humble/install/ament_cppcheck:/home/dammr/ros2_humble/install/ament_clang_tidy:/home/dammr/ros2_humble/install/ament_clang_format /usr/bin/cmake --build /home/dammr/Desktop/magister_ws/UC_SmartFarmRadar/build/robot_description -- -j12 -l12
[0.861s] DEBUG:colcon.colcon_core.event_handler.log_command:Invoked command in '/home/dammr/Desktop/magister_ws/UC_SmartFarmRadar/build/robot_description' returned '0': CMAKE_PREFIX_PATH=${CMAKE_PREFIX_PATH}:/opt/ros/humble:/home/dammr/ros2_humble/install/rqt_bag_plugins:/home/dammr/ros2_humble/install/rqt_bag:/home/dammr/ros2_humble/install/launch_testing_examples:/home/dammr/ros2_humble/install/ros2bag:/home/dammr/ros2_humble/install/tracetools_test:/home/dammr/ros2_humble/install/tracetools_launch:/home/dammr/ros2_humble/install/topic_monitor:/home/dammr/ros2_humble/install/tf2_tools:/home/dammr/ros2_humble/install/examples_tf2_py:/home/dammr/ros2_humble/install/tf2_ros_py:/home/dammr/ros2_humble/install/sros2:/home/dammr/ros2_humble/install/rqt_topic:/home/dammr/ros2_humble/install/rqt_srv:/home/dammr/ros2_humble/install/rqt_shell:/home/dammr/ros2_humble/install/rqt_service_caller:/home/dammr/ros2_humble/install/rqt_reconfigure:/home/dammr/ros2_humble/install/rqt_py_console:/home/dammr/ros2_humble/install/rqt_publisher:/home/dammr/ros2_humble/install/rqt_plot:/home/dammr/ros2_humble/install/rqt_action:/home/dammr/ros2_humble/install/rqt_msg:/home/dammr/ros2_humble/install/rqt_console:/home/dammr/ros2_humble/install/rqt:/home/dammr/ros2_humble/install/rqt_graph:/home/dammr/ros2_humble/install/rqt_gui_py:/home/dammr/ros2_humble/install/rqt_gui:/home/dammr/ros2_humble/install/ros2trace:/home/dammr/ros2_humble/install/ros2topic:/home/dammr/ros2_humble/install/ros2test:/home/dammr/ros2_humble/install/ros2component:/home/dammr/ros2_humble/install/ros2param:/home/dammr/ros2_humble/install/ros2lifecycle:/home/dammr/ros2_humble/install/ros2service:/home/dammr/ros2_humble/install/ros2run:/home/dammr/ros2_humble/install/ros2launch:/home/dammr/ros2_humble/install/ros2pkg:/home/dammr/ros2_humble/install/ros2node:/home/dammr/ros2_humble/install/ros2multicast:/home/dammr/ros2_humble/install/ros2interface:/home/dammr/ros2_humble/install/ros2doctor:/home/dammr/ros2_humble/install/ros2action:/home/dammr/ros2_humble/install/ros2cli:/home/dammr/ros2_humble/install/quality_of_service_demo_py:/home/dammr/ros2_humble/install/lifecycle_py:/home/dammr/ros2_humble/install/launch_testing_ros:/home/dammr/ros2_humble/install/launch_ros:/home/dammr/ros2_humble/install/examples_rclpy_pointcloud_publisher:/home/dammr/ros2_humble/install/examples_rclpy_minimal_subscriber:/home/dammr/ros2_humble/install/examples_rclpy_minimal_service:/home/dammr/ros2_humble/install/examples_rclpy_minimal_publisher:/home/dammr/ros2_humble/install/examples_rclpy_minimal_client:/home/dammr/ros2_humble/install/examples_rclpy_minimal_action_server:/home/dammr/ros2_humble/install/examples_rclpy_minimal_action_client:/home/dammr/ros2_humble/install/examples_rclpy_guard_conditions:/home/dammr/ros2_humble/install/examples_rclpy_executors:/home/dammr/ros2_humble/install/demo_nodes_py:/home/dammr/ros2_humble/install/camera_info_manager_py:/home/dammr/ros2_humble/install/action_tutorials_py:/home/dammr/ros2_humble/install/ament_uncrustify:/home/dammr/ros2_humble/install/tracetools_trace:/home/dammr/ros2_humble/install/tracetools_read:/home/dammr/ros2_humble/install/test_tracetools_launch:/home/dammr/ros2_humble/install/test_launch_ros:/home/dammr/ros2_humble/install/sensor_msgs_py:/home/dammr/ros2_humble/install/rpyutils:/home/dammr/ros2_humble/install/rosidl_runtime_py:/home/dammr/ros2_humble/install/rosidl_cli:/home/dammr/ros2_humble/install/launch_pytest:/home/dammr/ros2_humble/install/launch_testing:/home/dammr/ros2_humble/install/launch_yaml:/home/dammr/ros2_humble/install/launch_xml:/home/dammr/ros2_humble/install/launch:/home/dammr/ros2_humble/install/osrf_pycommon:/home/dammr/ros2_humble/install/domain_coordinator:/home/dammr/ros2_humble/install/ament_xmllint:/home/dammr/ros2_humble/install/ament_pyflakes:/home/dammr/ros2_humble/install/ament_pycodestyle:/home/dammr/ros2_humble/install/ament_pep257:/home/dammr/ros2_humble/install/ament_pclint:/home/dammr/ros2_humble/install/ament_package:/home/dammr/ros2_humble/install/ament_mypy:/home/dammr/ros2_humble/install/ament_lint_cmake:/home/dammr/ros2_humble/install/ament_flake8:/home/dammr/ros2_humble/install/ament_copyright:/home/dammr/ros2_humble/install/ament_lint:/home/dammr/ros2_humble/install/ament_index_python:/home/dammr/ros2_humble/install/ament_cpplint:/home/dammr/ros2_humble/install/ament_cppcheck:/home/dammr/ros2_humble/install/ament_clang_tidy:/home/dammr/ros2_humble/install/ament_clang_format /usr/bin/cmake --build /home/dammr/Desktop/magister_ws/UC_SmartFarmRadar/build/robot_description -- -j12 -l12
[0.882s] DEBUG:colcon.colcon_core.event_handler.log_command:Invoking command in '/home/dammr/Desktop/magister_ws/UC_SmartFarmRadar/build/robot_description': CMAKE_PREFIX_PATH=${CMAKE_PREFIX_PATH}:/opt/ros/humble:/home/dammr/ros2_humble/install/rqt_bag_plugins:/home/dammr/ros2_humble/install/rqt_bag:/home/dammr/ros2_humble/install/launch_testing_examples:/home/dammr/ros2_humble/install/ros2bag:/home/dammr/ros2_humble/install/tracetools_test:/home/dammr/ros2_humble/install/tracetools_launch:/home/dammr/ros2_humble/install/topic_monitor:/home/dammr/ros2_humble/install/tf2_tools:/home/dammr/ros2_humble/install/examples_tf2_py:/home/dammr/ros2_humble/install/tf2_ros_py:/home/dammr/ros2_humble/install/sros2:/home/dammr/ros2_humble/install/rqt_topic:/home/dammr/ros2_humble/install/rqt_srv:/home/dammr/ros2_humble/install/rqt_shell:/home/dammr/ros2_humble/install/rqt_service_caller:/home/dammr/ros2_humble/install/rqt_reconfigure:/home/dammr/ros2_humble/install/rqt_py_console:/home/dammr/ros2_humble/install/rqt_publisher:/home/dammr/ros2_humble/install/rqt_plot:/home/dammr/ros2_humble/install/rqt_action:/home/dammr/ros2_humble/install/rqt_msg:/home/dammr/ros2_humble/install/rqt_console:/home/dammr/ros2_humble/install/rqt:/home/dammr/ros2_humble/install/rqt_graph:/home/dammr/ros2_humble/install/rqt_gui_py:/home/dammr/ros2_humble/install/rqt_gui:/home/dammr/ros2_humble/install/ros2trace:/home/dammr/ros2_humble/install/ros2topic:/home/dammr/ros2_humble/install/ros2test:/home/dammr/ros2_humble/install/ros2component:/home/dammr/ros2_humble/install/ros2param:/home/dammr/ros2_humble/install/ros2lifecycle:/home/dammr/ros2_humble/install/ros2service:/home/dammr/ros2_humble/install/ros2run:/home/dammr/ros2_humble/install/ros2launch:/home/dammr/ros2_humble/install/ros2pkg:/home/dammr/ros2_humble/install/ros2node:/home/dammr/ros2_humble/install/ros2multicast:/home/dammr/ros2_humble/install/ros2interface:/home/dammr/ros2_humble/install/ros2doctor:/home/dammr/ros2_humble/install/ros2action:/home/dammr/ros2_humble/install/ros2cli:/home/dammr/ros2_humble/install/quality_of_service_demo_py:/home/dammr/ros2_humble/install/lifecycle_py:/home/dammr/ros2_humble/install/launch_testing_ros:/home/dammr/ros2_humble/install/launch_ros:/home/dammr/ros2_humble/install/examples_rclpy_pointcloud_publisher:/home/dammr/ros2_humble/install/examples_rclpy_minimal_subscriber:/home/dammr/ros2_humble/install/examples_rclpy_minimal_service:/home/dammr/ros2_humble/install/examples_rclpy_minimal_publisher:/home/dammr/ros2_humble/install/examples_rclpy_minimal_client:/home/dammr/ros2_humble/install/examples_rclpy_minimal_action_server:/home/dammr/ros2_humble/install/examples_rclpy_minimal_action_client:/home/dammr/ros2_humble/install/examples_rclpy_guard_conditions:/home/dammr/ros2_humble/install/examples_rclpy_executors:/home/dammr/ros2_humble/install/demo_nodes_py:/home/dammr/ros2_humble/install/camera_info_manager_py:/home/dammr/ros2_humble/install/action_tutorials_py:/home/dammr/ros2_humble/install/ament_uncrustify:/home/dammr/ros2_humble/install/tracetools_trace:/home/dammr/ros2_humble/install/tracetools_read:/home/dammr/ros2_humble/install/test_tracetools_launch:/home/dammr/ros2_humble/install/test_launch_ros:/home/dammr/ros2_humble/install/sensor_msgs_py:/home/dammr/ros2_humble/install/rpyutils:/home/dammr/ros2_humble/install/rosidl_runtime_py:/home/dammr/ros2_humble/install/rosidl_cli:/home/dammr/ros2_humble/install/launch_pytest:/home/dammr/ros2_humble/install/launch_testing:/home/dammr/ros2_humble/install/launch_yaml:/home/dammr/ros2_humble/install/launch_xml:/home/dammr/ros2_humble/install/launch:/home/dammr/ros2_humble/install/osrf_pycommon:/home/dammr/ros2_humble/install/domain_coordinator:/home/dammr/ros2_humble/install/ament_xmllint:/home/dammr/ros2_humble/install/ament_pyflakes:/home/dammr/ros2_humble/install/ament_pycodestyle:/home/dammr/ros2_humble/install/ament_pep257:/home/dammr/ros2_humble/install/ament_pclint:/home/dammr/ros2_humble/install/ament_package:/home/dammr/ros2_humble/install/ament_mypy:/home/dammr/ros2_humble/install/ament_lint_cmake:/home/dammr/ros2_humble/install/ament_flake8:/home/dammr/ros2_humble/install/ament_copyright:/home/dammr/ros2_humble/install/ament_lint:/home/dammr/ros2_humble/install/ament_index_python:/home/dammr/ros2_humble/install/ament_cpplint:/home/dammr/ros2_humble/install/ament_cppcheck:/home/dammr/ros2_humble/install/ament_clang_tidy:/home/dammr/ros2_humble/install/ament_clang_format /usr/bin/cmake --install /home/dammr/Desktop/magister_ws/UC_SmartFarmRadar/build/robot_description
[0.902s] Level 1:colcon.colcon_core.environment:create_environment_scripts_only(robot_description)
[0.903s] DEBUG:colcon.colcon_core.event_handler.log_command:Invoked command in '/home/dammr/Desktop/magister_ws/UC_SmartFarmRadar/build/robot_description' returned '0': CMAKE_PREFIX_PATH=${CMAKE_PREFIX_PATH}:/opt/ros/humble:/home/dammr/ros2_humble/install/rqt_bag_plugins:/home/dammr/ros2_humble/install/rqt_bag:/home/dammr/ros2_humble/install/launch_testing_examples:/home/dammr/ros2_humble/install/ros2bag:/home/dammr/ros2_humble/install/tracetools_test:/home/dammr/ros2_humble/install/tracetools_launch:/home/dammr/ros2_humble/install/topic_monitor:/home/dammr/ros2_humble/install/tf2_tools:/home/dammr/ros2_humble/install/examples_tf2_py:/home/dammr/ros2_humble/install/tf2_ros_py:/home/dammr/ros2_humble/install/sros2:/home/dammr/ros2_humble/install/rqt_topic:/home/dammr/ros2_humble/install/rqt_srv:/home/dammr/ros2_humble/install/rqt_shell:/home/dammr/ros2_humble/install/rqt_service_caller:/home/dammr/ros2_humble/install/rqt_reconfigure:/home/dammr/ros2_humble/install/rqt_py_console:/home/dammr/ros2_humble/install/rqt_publisher:/home/dammr/ros2_humble/install/rqt_plot:/home/dammr/ros2_humble/install/rqt_action:/home/dammr/ros2_humble/install/rqt_msg:/home/dammr/ros2_humble/install/rqt_console:/home/dammr/ros2_humble/install/rqt:/home/dammr/ros2_humble/install/rqt_graph:/home/dammr/ros2_humble/install/rqt_gui_py:/home/dammr/ros2_humble/install/rqt_gui:/home/dammr/ros2_humble/install/ros2trace:/home/dammr/ros2_humble/install/ros2topic:/home/dammr/ros2_humble/install/ros2test:/home/dammr/ros2_humble/install/ros2component:/home/dammr/ros2_humble/install/ros2param:/home/dammr/ros2_humble/install/ros2lifecycle:/home/dammr/ros2_humble/install/ros2service:/home/dammr/ros2_humble/install/ros2run:/home/dammr/ros2_humble/install/ros2launch:/home/dammr/ros2_humble/install/ros2pkg:/home/dammr/ros2_humble/install/ros2node:/home/dammr/ros2_humble/install/ros2multicast:/home/dammr/ros2_humble/install/ros2interface:/home/dammr/ros2_humble/install/ros2doctor:/home/dammr/ros2_humble/install/ros2action:/home/dammr/ros2_humble/install/ros2cli:/home/dammr/ros2_humble/install/quality_of_service_demo_py:/home/dammr/ros2_humble/install/lifecycle_py:/home/dammr/ros2_humble/install/launch_testing_ros:/home/dammr/ros2_humble/install/launch_ros:/home/dammr/ros2_humble/install/examples_rclpy_pointcloud_publisher:/home/dammr/ros2_humble/install/examples_rclpy_minimal_subscriber:/home/dammr/ros2_humble/install/examples_rclpy_minimal_service:/home/dammr/ros2_humble/install/examples_rclpy_minimal_publisher:/home/dammr/ros2_humble/install/examples_rclpy_minimal_client:/home/dammr/ros2_humble/install/examples_rclpy_minimal_action_server:/home/dammr/ros2_humble/install/examples_rclpy_minimal_action_client:/home/dammr/ros2_humble/install/examples_rclpy_guard_conditions:/home/dammr/ros2_humble/install/examples_rclpy_executors:/home/dammr/ros2_humble/install/demo_nodes_py:/home/dammr/ros2_humble/install/camera_info_manager_py:/home/dammr/ros2_humble/install/action_tutorials_py:/home/dammr/ros2_humble/install/ament_uncrustify:/home/dammr/ros2_humble/install/tracetools_trace:/home/dammr/ros2_humble/install/tracetools_read:/home/dammr/ros2_humble/install/test_tracetools_launch:/home/dammr/ros2_humble/install/test_launch_ros:/home/dammr/ros2_humble/install/sensor_msgs_py:/home/dammr/ros2_humble/install/rpyutils:/home/dammr/ros2_humble/install/rosidl_runtime_py:/home/dammr/ros2_humble/install/rosidl_cli:/home/dammr/ros2_humble/install/launch_pytest:/home/dammr/ros2_humble/install/launch_testing:/home/dammr/ros2_humble/install/launch_yaml:/home/dammr/ros2_humble/install/launch_xml:/home/dammr/ros2_humble/install/launch:/home/dammr/ros2_humble/install/osrf_pycommon:/home/dammr/ros2_humble/install/domain_coordinator:/home/dammr/ros2_humble/install/ament_xmllint:/home/dammr/ros2_humble/install/ament_pyflakes:/home/dammr/ros2_humble/install/ament_pycodestyle:/home/dammr/ros2_humble/install/ament_pep257:/home/dammr/ros2_humble/install/ament_pclint:/home/dammr/ros2_humble/install/ament_package:/home/dammr/ros2_humble/install/ament_mypy:/home/dammr/ros2_humble/install/ament_lint_cmake:/home/dammr/ros2_humble/install/ament_flake8:/home/dammr/ros2_humble/install/ament_copyright:/home/dammr/ros2_humble/install/ament_lint:/home/dammr/ros2_humble/install/ament_index_python:/home/dammr/ros2_humble/install/ament_cpplint:/home/dammr/ros2_humble/install/ament_cppcheck:/home/dammr/ros2_humble/install/ament_clang_tidy:/home/dammr/ros2_humble/install/ament_clang_format /usr/bin/cmake --install /home/dammr/Desktop/magister_ws/UC_SmartFarmRadar/build/robot_description
[0.910s] Level 1:colcon.colcon_core.environment:checking '/home/dammr/Desktop/magister_ws/UC_SmartFarmRadar/install/robot_description' for CMake module files
[0.910s] Level 1:colcon.colcon_core.environment:checking '/home/dammr/Desktop/magister_ws/UC_SmartFarmRadar/install/robot_description' for CMake config files
[0.910s] Level 1:colcon.colcon_core.shell:create_environment_hook('robot_description', 'cmake_prefix_path')
[0.910s] INFO:colcon.colcon_core.shell:Creating environment hook '/home/dammr/Desktop/magister_ws/UC_SmartFarmRadar/install/robot_description/share/robot_description/hook/cmake_prefix_path.ps1'
[0.911s] INFO:colcon.colcon_core.shell:Creating environment descriptor '/home/dammr/Desktop/magister_ws/UC_SmartFarmRadar/install/robot_description/share/robot_description/hook/cmake_prefix_path.dsv'
[0.912s] INFO:colcon.colcon_core.shell:Creating environment hook '/home/dammr/Desktop/magister_ws/UC_SmartFarmRadar/install/robot_description/share/robot_description/hook/cmake_prefix_path.sh'
[0.912s] Level 1:colcon.colcon_core.environment:checking '/home/dammr/Desktop/magister_ws/UC_SmartFarmRadar/install/robot_description/bin'
[0.912s] Level 1:colcon.colcon_core.environment:checking '/home/dammr/Desktop/magister_ws/UC_SmartFarmRadar/install/robot_description/lib/pkgconfig/robot_description.pc'
[0.913s] Level 1:colcon.colcon_core.environment:checking '/home/dammr/Desktop/magister_ws/UC_SmartFarmRadar/install/robot_description/lib/python3.10/site-packages'
[0.913s] Level 1:colcon.colcon_core.environment:checking '/home/dammr/Desktop/magister_ws/UC_SmartFarmRadar/install/robot_description/bin'
[0.913s] INFO:colcon.colcon_core.shell:Creating package script '/home/dammr/Desktop/magister_ws/UC_SmartFarmRadar/install/robot_description/share/robot_description/package.ps1'
[0.914s] INFO:colcon.colcon_core.shell:Creating package descriptor '/home/dammr/Desktop/magister_ws/UC_SmartFarmRadar/install/robot_description/share/robot_description/package.dsv'
[0.914s] INFO:colcon.colcon_core.shell:Creating package script '/home/dammr/Desktop/magister_ws/UC_SmartFarmRadar/install/robot_description/share/robot_description/package.sh'
[0.915s] INFO:colcon.colcon_core.shell:Creating package script '/home/dammr/Desktop/magister_ws/UC_SmartFarmRadar/install/robot_description/share/robot_description/package.bash'
[0.916s] INFO:colcon.colcon_core.shell:Creating package script '/home/dammr/Desktop/magister_ws/UC_SmartFarmRadar/install/robot_description/share/robot_description/package.zsh'
[0.917s] Level 1:colcon.colcon_core.environment:create_file_with_runtime_dependencies(/home/dammr/Desktop/magister_ws/UC_SmartFarmRadar/install/robot_description/share/colcon-core/packages/robot_description)
[0.918s] Level 1:colcon.colcon_core.environment:create_environment_scripts_only(robot_description)
[0.918s] Level 1:colcon.colcon_core.environment:checking '/home/dammr/Desktop/magister_ws/UC_SmartFarmRadar/install/robot_description' for CMake module files
[0.918s] Level 1:colcon.colcon_core.environment:checking '/home/dammr/Desktop/magister_ws/UC_SmartFarmRadar/install/robot_description' for CMake config files
[0.918s] Level 1:colcon.colcon_core.shell:create_environment_hook('robot_description', 'cmake_prefix_path')
[0.919s] INFO:colcon.colcon_core.shell:Creating environment hook '/home/dammr/Desktop/magister_ws/UC_SmartFarmRadar/install/robot_description/share/robot_description/hook/cmake_prefix_path.ps1'
[0.919s] INFO:colcon.colcon_core.shell:Creating environment descriptor '/home/dammr/Desktop/magister_ws/UC_SmartFarmRadar/install/robot_description/share/robot_description/hook/cmake_prefix_path.dsv'
[0.919s] INFO:colcon.colcon_core.shell:Creating environment hook '/home/dammr/Desktop/magister_ws/UC_SmartFarmRadar/install/robot_description/share/robot_description/hook/cmake_prefix_path.sh'
[0.920s] Level 1:colcon.colcon_core.environment:checking '/home/dammr/Desktop/magister_ws/UC_SmartFarmRadar/install/robot_description/bin'
[0.920s] Level 1:colcon.colcon_core.environment:checking '/home/dammr/Desktop/magister_ws/UC_SmartFarmRadar/install/robot_description/lib/pkgconfig/robot_description.pc'
[0.920s] Level 1:colcon.colcon_core.environment:checking '/home/dammr/Desktop/magister_ws/UC_SmartFarmRadar/install/robot_description/lib/python3.10/site-packages'
[0.920s] Level 1:colcon.colcon_core.environment:checking '/home/dammr/Desktop/magister_ws/UC_SmartFarmRadar/install/robot_description/bin'
[0.921s] INFO:colcon.colcon_core.shell:Creating package script '/home/dammr/Desktop/magister_ws/UC_SmartFarmRadar/install/robot_description/share/robot_description/package.ps1'
[0.921s] INFO:colcon.colcon_core.shell:Creating package descriptor '/home/dammr/Desktop/magister_ws/UC_SmartFarmRadar/install/robot_description/share/robot_description/package.dsv'
[0.922s] INFO:colcon.colcon_core.shell:Creating package script '/home/dammr/Desktop/magister_ws/UC_SmartFarmRadar/install/robot_description/share/robot_description/package.sh'
[0.922s] INFO:colcon.colcon_core.shell:Creating package script '/home/dammr/Desktop/magister_ws/UC_SmartFarmRadar/install/robot_description/share/robot_description/package.bash'
[0.922s] INFO:colcon.colcon_core.shell:Creating package script '/home/dammr/Desktop/magister_ws/UC_SmartFarmRadar/install/robot_description/share/robot_description/package.zsh'
[0.923s] Level 1:colcon.colcon_core.environment:create_file_with_runtime_dependencies(/home/dammr/Desktop/magister_ws/UC_SmartFarmRadar/install/robot_description/share/colcon-core/packages/robot_description)
[0.925s] DEBUG:colcon.colcon_core.event_handler.log_command:Invoked command in '/home/dammr/Desktop/magister_ws/UC_SmartFarmRadar/build/ptu_driver' returned '0': CMAKE_PREFIX_PATH=${CMAKE_PREFIX_PATH}:/opt/ros/humble:/home/dammr/ros2_humble/install/rqt_bag_plugins:/home/dammr/ros2_humble/install/rqt_bag:/home/dammr/ros2_humble/install/launch_testing_examples:/home/dammr/ros2_humble/install/ros2bag:/home/dammr/ros2_humble/install/tracetools_test:/home/dammr/ros2_humble/install/tracetools_launch:/home/dammr/ros2_humble/install/topic_monitor:/home/dammr/ros2_humble/install/tf2_tools:/home/dammr/ros2_humble/install/examples_tf2_py:/home/dammr/ros2_humble/install/tf2_ros_py:/home/dammr/ros2_humble/install/sros2:/home/dammr/ros2_humble/install/rqt_topic:/home/dammr/ros2_humble/install/rqt_srv:/home/dammr/ros2_humble/install/rqt_shell:/home/dammr/ros2_humble/install/rqt_service_caller:/home/dammr/ros2_humble/install/rqt_reconfigure:/home/dammr/ros2_humble/install/rqt_py_console:/home/dammr/ros2_humble/install/rqt_publisher:/home/dammr/ros2_humble/install/rqt_plot:/home/dammr/ros2_humble/install/rqt_action:/home/dammr/ros2_humble/install/rqt_msg:/home/dammr/ros2_humble/install/rqt_console:/home/dammr/ros2_humble/install/rqt:/home/dammr/ros2_humble/install/rqt_graph:/home/dammr/ros2_humble/install/rqt_gui_py:/home/dammr/ros2_humble/install/rqt_gui:/home/dammr/ros2_humble/install/ros2trace:/home/dammr/ros2_humble/install/ros2topic:/home/dammr/ros2_humble/install/ros2test:/home/dammr/ros2_humble/install/ros2component:/home/dammr/ros2_humble/install/ros2param:/home/dammr/ros2_humble/install/ros2lifecycle:/home/dammr/ros2_humble/install/ros2service:/home/dammr/ros2_humble/install/ros2run:/home/dammr/ros2_humble/install/ros2launch:/home/dammr/ros2_humble/install/ros2pkg:/home/dammr/ros2_humble/install/ros2node:/home/dammr/ros2_humble/install/ros2multicast:/home/dammr/ros2_humble/install/ros2interface:/home/dammr/ros2_humble/install/ros2doctor:/home/dammr/ros2_humble/install/ros2action:/home/dammr/ros2_humble/install/ros2cli:/home/dammr/ros2_humble/install/quality_of_service_demo_py:/home/dammr/ros2_humble/install/lifecycle_py:/home/dammr/ros2_humble/install/launch_testing_ros:/home/dammr/ros2_humble/install/launch_ros:/home/dammr/ros2_humble/install/examples_rclpy_pointcloud_publisher:/home/dammr/ros2_humble/install/examples_rclpy_minimal_subscriber:/home/dammr/ros2_humble/install/examples_rclpy_minimal_service:/home/dammr/ros2_humble/install/examples_rclpy_minimal_publisher:/home/dammr/ros2_humble/install/examples_rclpy_minimal_client:/home/dammr/ros2_humble/install/examples_rclpy_minimal_action_server:/home/dammr/ros2_humble/install/examples_rclpy_minimal_action_client:/home/dammr/ros2_humble/install/examples_rclpy_guard_conditions:/home/dammr/ros2_humble/install/examples_rclpy_executors:/home/dammr/ros2_humble/install/demo_nodes_py:/home/dammr/ros2_humble/install/camera_info_manager_py:/home/dammr/ros2_humble/install/action_tutorials_py:/home/dammr/ros2_humble/install/ament_uncrustify:/home/dammr/ros2_humble/install/tracetools_trace:/home/dammr/ros2_humble/install/tracetools_read:/home/dammr/ros2_humble/install/test_tracetools_launch:/home/dammr/ros2_humble/install/test_launch_ros:/home/dammr/ros2_humble/install/sensor_msgs_py:/home/dammr/ros2_humble/install/rpyutils:/home/dammr/ros2_humble/install/rosidl_runtime_py:/home/dammr/ros2_humble/install/rosidl_cli:/home/dammr/ros2_humble/install/launch_pytest:/home/dammr/ros2_humble/install/launch_testing:/home/dammr/ros2_humble/install/launch_yaml:/home/dammr/ros2_humble/install/launch_xml:/home/dammr/ros2_humble/install/launch:/home/dammr/ros2_humble/install/osrf_pycommon:/home/dammr/ros2_humble/install/domain_coordinator:/home/dammr/ros2_humble/install/ament_xmllint:/home/dammr/ros2_humble/install/ament_pyflakes:/home/dammr/ros2_humble/install/ament_pycodestyle:/home/dammr/ros2_humble/install/ament_pep257:/home/dammr/ros2_humble/install/ament_pclint:/home/dammr/ros2_humble/install/ament_package:/home/dammr/ros2_humble/install/ament_mypy:/home/dammr/ros2_humble/install/ament_lint_cmake:/home/dammr/ros2_humble/install/ament_flake8:/home/dammr/ros2_humble/install/ament_copyright:/home/dammr/ros2_humble/install/ament_lint:/home/dammr/ros2_humble/install/ament_index_python:/home/dammr/ros2_humble/install/ament_cpplint:/home/dammr/ros2_humble/install/ament_cppcheck:/home/dammr/ros2_humble/install/ament_clang_tidy:/home/dammr/ros2_humble/install/ament_clang_format /usr/bin/cmake --build /home/dammr/Desktop/magister_ws/UC_SmartFarmRadar/build/ptu_driver -- -j12 -l12
[0.926s] DEBUG:colcon.colcon_core.event_handler.log_command:Invoking command in '/home/dammr/Desktop/magister_ws/UC_SmartFarmRadar/build/ptu_driver': CMAKE_PREFIX_PATH=${CMAKE_PREFIX_PATH}:/opt/ros/humble:/home/dammr/ros2_humble/install/rqt_bag_plugins:/home/dammr/ros2_humble/install/rqt_bag:/home/dammr/ros2_humble/install/launch_testing_examples:/home/dammr/ros2_humble/install/ros2bag:/home/dammr/ros2_humble/install/tracetools_test:/home/dammr/ros2_humble/install/tracetools_launch:/home/dammr/ros2_humble/install/topic_monitor:/home/dammr/ros2_humble/install/tf2_tools:/home/dammr/ros2_humble/install/examples_tf2_py:/home/dammr/ros2_humble/install/tf2_ros_py:/home/dammr/ros2_humble/install/sros2:/home/dammr/ros2_humble/install/rqt_topic:/home/dammr/ros2_humble/install/rqt_srv:/home/dammr/ros2_humble/install/rqt_shell:/home/dammr/ros2_humble/install/rqt_service_caller:/home/dammr/ros2_humble/install/rqt_reconfigure:/home/dammr/ros2_humble/install/rqt_py_console:/home/dammr/ros2_humble/install/rqt_publisher:/home/dammr/ros2_humble/install/rqt_plot:/home/dammr/ros2_humble/install/rqt_action:/home/dammr/ros2_humble/install/rqt_msg:/home/dammr/ros2_humble/install/rqt_console:/home/dammr/ros2_humble/install/rqt:/home/dammr/ros2_humble/install/rqt_graph:/home/dammr/ros2_humble/install/rqt_gui_py:/home/dammr/ros2_humble/install/rqt_gui:/home/dammr/ros2_humble/install/ros2trace:/home/dammr/ros2_humble/install/ros2topic:/home/dammr/ros2_humble/install/ros2test:/home/dammr/ros2_humble/install/ros2component:/home/dammr/ros2_humble/install/ros2param:/home/dammr/ros2_humble/install/ros2lifecycle:/home/dammr/ros2_humble/install/ros2service:/home/dammr/ros2_humble/install/ros2run:/home/dammr/ros2_humble/install/ros2launch:/home/dammr/ros2_humble/install/ros2pkg:/home/dammr/ros2_humble/install/ros2node:/home/dammr/ros2_humble/install/ros2multicast:/home/dammr/ros2_humble/install/ros2interface:/home/dammr/ros2_humble/install/ros2doctor:/home/dammr/ros2_humble/install/ros2action:/home/dammr/ros2_humble/install/ros2cli:/home/dammr/ros2_humble/install/quality_of_service_demo_py:/home/dammr/ros2_humble/install/lifecycle_py:/home/dammr/ros2_humble/install/launch_testing_ros:/home/dammr/ros2_humble/install/launch_ros:/home/dammr/ros2_humble/install/examples_rclpy_pointcloud_publisher:/home/dammr/ros2_humble/install/examples_rclpy_minimal_subscriber:/home/dammr/ros2_humble/install/examples_rclpy_minimal_service:/home/dammr/ros2_humble/install/examples_rclpy_minimal_publisher:/home/dammr/ros2_humble/install/examples_rclpy_minimal_client:/home/dammr/ros2_humble/install/examples_rclpy_minimal_action_server:/home/dammr/ros2_humble/install/examples_rclpy_minimal_action_client:/home/dammr/ros2_humble/install/examples_rclpy_guard_conditions:/home/dammr/ros2_humble/install/examples_rclpy_executors:/home/dammr/ros2_humble/install/demo_nodes_py:/home/dammr/ros2_humble/install/camera_info_manager_py:/home/dammr/ros2_humble/install/action_tutorials_py:/home/dammr/ros2_humble/install/ament_uncrustify:/home/dammr/ros2_humble/install/tracetools_trace:/home/dammr/ros2_humble/install/tracetools_read:/home/dammr/ros2_humble/install/test_tracetools_launch:/home/dammr/ros2_humble/install/test_launch_ros:/home/dammr/ros2_humble/install/sensor_msgs_py:/home/dammr/ros2_humble/install/rpyutils:/home/dammr/ros2_humble/install/rosidl_runtime_py:/home/dammr/ros2_humble/install/rosidl_cli:/home/dammr/ros2_humble/install/launch_pytest:/home/dammr/ros2_humble/install/launch_testing:/home/dammr/ros2_humble/install/launch_yaml:/home/dammr/ros2_humble/install/launch_xml:/home/dammr/ros2_humble/install/launch:/home/dammr/ros2_humble/install/osrf_pycommon:/home/dammr/ros2_humble/install/domain_coordinator:/home/dammr/ros2_humble/install/ament_xmllint:/home/dammr/ros2_humble/install/ament_pyflakes:/home/dammr/ros2_humble/install/ament_pycodestyle:/home/dammr/ros2_humble/install/ament_pep257:/home/dammr/ros2_humble/install/ament_pclint:/home/dammr/ros2_humble/install/ament_package:/home/dammr/ros2_humble/install/ament_mypy:/home/dammr/ros2_humble/install/ament_lint_cmake:/home/dammr/ros2_humble/install/ament_flake8:/home/dammr/ros2_humble/install/ament_copyright:/home/dammr/ros2_humble/install/ament_lint:/home/dammr/ros2_humble/install/ament_index_python:/home/dammr/ros2_humble/install/ament_cpplint:/home/dammr/ros2_humble/install/ament_cppcheck:/home/dammr/ros2_humble/install/ament_clang_tidy:/home/dammr/ros2_humble/install/ament_clang_format /usr/bin/cmake --install /home/dammr/Desktop/magister_ws/UC_SmartFarmRadar/build/ptu_driver
[0.949s] Level 1:colcon.colcon_core.environment:create_environment_scripts_only(ptu_driver)
[0.949s] Level 1:colcon.colcon_core.environment:checking '/home/dammr/Desktop/magister_ws/UC_SmartFarmRadar/install/ptu_driver' for CMake module files
[0.950s] DEBUG:colcon.colcon_core.event_handler.log_command:Invoked command in '/home/dammr/Desktop/magister_ws/UC_SmartFarmRadar/build/ptu_driver' returned '0': CMAKE_PREFIX_PATH=${CMAKE_PREFIX_PATH}:/opt/ros/humble:/home/dammr/ros2_humble/install/rqt_bag_plugins:/home/dammr/ros2_humble/install/rqt_bag:/home/dammr/ros2_humble/install/launch_testing_examples:/home/dammr/ros2_humble/install/ros2bag:/home/dammr/ros2_humble/install/tracetools_test:/home/dammr/ros2_humble/install/tracetools_launch:/home/dammr/ros2_humble/install/topic_monitor:/home/dammr/ros2_humble/install/tf2_tools:/home/dammr/ros2_humble/install/examples_tf2_py:/home/dammr/ros2_humble/install/tf2_ros_py:/home/dammr/ros2_humble/install/sros2:/home/dammr/ros2_humble/install/rqt_topic:/home/dammr/ros2_humble/install/rqt_srv:/home/dammr/ros2_humble/install/rqt_shell:/home/dammr/ros2_humble/install/rqt_service_caller:/home/dammr/ros2_humble/install/rqt_reconfigure:/home/dammr/ros2_humble/install/rqt_py_console:/home/dammr/ros2_humble/install/rqt_publisher:/home/dammr/ros2_humble/install/rqt_plot:/home/dammr/ros2_humble/install/rqt_action:/home/dammr/ros2_humble/install/rqt_msg:/home/dammr/ros2_humble/install/rqt_console:/home/dammr/ros2_humble/install/rqt:/home/dammr/ros2_humble/install/rqt_graph:/home/dammr/ros2_humble/install/rqt_gui_py:/home/dammr/ros2_humble/install/rqt_gui:/home/dammr/ros2_humble/install/ros2trace:/home/dammr/ros2_humble/install/ros2topic:/home/dammr/ros2_humble/install/ros2test:/home/dammr/ros2_humble/install/ros2component:/home/dammr/ros2_humble/install/ros2param:/home/dammr/ros2_humble/install/ros2lifecycle:/home/dammr/ros2_humble/install/ros2service:/home/dammr/ros2_humble/install/ros2run:/home/dammr/ros2_humble/install/ros2launch:/home/dammr/ros2_humble/install/ros2pkg:/home/dammr/ros2_humble/install/ros2node:/home/dammr/ros2_humble/install/ros2multicast:/home/dammr/ros2_humble/install/ros2interface:/home/dammr/ros2_humble/install/ros2doctor:/home/dammr/ros2_humble/install/ros2action:/home/dammr/ros2_humble/install/ros2cli:/home/dammr/ros2_humble/install/quality_of_service_demo_py:/home/dammr/ros2_humble/install/lifecycle_py:/home/dammr/ros2_humble/install/launch_testing_ros:/home/dammr/ros2_humble/install/launch_ros:/home/dammr/ros2_humble/install/examples_rclpy_pointcloud_publisher:/home/dammr/ros2_humble/install/examples_rclpy_minimal_subscriber:/home/dammr/ros2_humble/install/examples_rclpy_minimal_service:/home/dammr/ros2_humble/install/examples_rclpy_minimal_publisher:/home/dammr/ros2_humble/install/examples_rclpy_minimal_client:/home/dammr/ros2_humble/install/examples_rclpy_minimal_action_server:/home/dammr/ros2_humble/install/examples_rclpy_minimal_action_client:/home/dammr/ros2_humble/install/examples_rclpy_guard_conditions:/home/dammr/ros2_humble/install/examples_rclpy_executors:/home/dammr/ros2_humble/install/demo_nodes_py:/home/dammr/ros2_humble/install/camera_info_manager_py:/home/dammr/ros2_humble/install/action_tutorials_py:/home/dammr/ros2_humble/install/ament_uncrustify:/home/dammr/ros2_humble/install/tracetools_trace:/home/dammr/ros2_humble/install/tracetools_read:/home/dammr/ros2_humble/install/test_tracetools_launch:/home/dammr/ros2_humble/install/test_launch_ros:/home/dammr/ros2_humble/install/sensor_msgs_py:/home/dammr/ros2_humble/install/rpyutils:/home/dammr/ros2_humble/install/rosidl_runtime_py:/home/dammr/ros2_humble/install/rosidl_cli:/home/dammr/ros2_humble/install/launch_pytest:/home/dammr/ros2_humble/install/launch_testing:/home/dammr/ros2_humble/install/launch_yaml:/home/dammr/ros2_humble/install/launch_xml:/home/dammr/ros2_humble/install/launch:/home/dammr/ros2_humble/install/osrf_pycommon:/home/dammr/ros2_humble/install/domain_coordinator:/home/dammr/ros2_humble/install/ament_xmllint:/home/dammr/ros2_humble/install/ament_pyflakes:/home/dammr/ros2_humble/install/ament_pycodestyle:/home/dammr/ros2_humble/install/ament_pep257:/home/dammr/ros2_humble/install/ament_pclint:/home/dammr/ros2_humble/install/ament_package:/home/dammr/ros2_humble/install/ament_mypy:/home/dammr/ros2_humble/install/ament_lint_cmake:/home/dammr/ros2_humble/install/ament_flake8:/home/dammr/ros2_humble/install/ament_copyright:/home/dammr/ros2_humble/install/ament_lint:/home/dammr/ros2_humble/install/ament_index_python:/home/dammr/ros2_humble/install/ament_cpplint:/home/dammr/ros2_humble/install/ament_cppcheck:/home/dammr/ros2_humble/install/ament_clang_tidy:/home/dammr/ros2_humble/install/ament_clang_format /usr/bin/cmake --install /home/dammr/Desktop/magister_ws/UC_SmartFarmRadar/build/ptu_driver
[0.950s] Level 1:colcon.colcon_core.environment:checking '/home/dammr/Desktop/magister_ws/UC_SmartFarmRadar/install/ptu_driver' for CMake config files
[0.950s] Level 1:colcon.colcon_core.shell:create_environment_hook('ptu_driver', 'cmake_prefix_path')
[0.950s] INFO:colcon.colcon_core.shell:Creating environment hook '/home/dammr/Desktop/magister_ws/UC_SmartFarmRadar/install/ptu_driver/share/ptu_driver/hook/cmake_prefix_path.ps1'
[0.951s] INFO:colcon.colcon_core.shell:Creating environment descriptor '/home/dammr/Desktop/magister_ws/UC_SmartFarmRadar/install/ptu_driver/share/ptu_driver/hook/cmake_prefix_path.dsv'
[0.951s] INFO:colcon.colcon_core.shell:Creating environment hook '/home/dammr/Desktop/magister_ws/UC_SmartFarmRadar/install/ptu_driver/share/ptu_driver/hook/cmake_prefix_path.sh'
[0.952s] Level 1:colcon.colcon_core.environment:checking '/home/dammr/Desktop/magister_ws/UC_SmartFarmRadar/install/ptu_driver/lib'
[0.952s] Level 1:colcon.colcon_core.environment:checking '/home/dammr/Desktop/magister_ws/UC_SmartFarmRadar/install/ptu_driver/bin'
[0.952s] Level 1:colcon.colcon_core.environment:checking '/home/dammr/Desktop/magister_ws/UC_SmartFarmRadar/install/ptu_driver/lib/pkgconfig/ptu_driver.pc'
[0.952s] Level 1:colcon.colcon_core.environment:checking '/home/dammr/Desktop/magister_ws/UC_SmartFarmRadar/install/ptu_driver/lib/python3.10/site-packages'
[0.953s] Level 1:colcon.colcon_core.environment:checking '/home/dammr/Desktop/magister_ws/UC_SmartFarmRadar/install/ptu_driver/bin'
[0.953s] INFO:colcon.colcon_core.shell:Creating package script '/home/dammr/Desktop/magister_ws/UC_SmartFarmRadar/install/ptu_driver/share/ptu_driver/package.ps1'
[0.953s] INFO:colcon.colcon_core.shell:Creating package descriptor '/home/dammr/Desktop/magister_ws/UC_SmartFarmRadar/install/ptu_driver/share/ptu_driver/package.dsv'
[0.954s] INFO:colcon.colcon_core.shell:Creating package script '/home/dammr/Desktop/magister_ws/UC_SmartFarmRadar/install/ptu_driver/share/ptu_driver/package.sh'
[0.954s] INFO:colcon.colcon_core.shell:Creating package script '/home/dammr/Desktop/magister_ws/UC_SmartFarmRadar/install/ptu_driver/share/ptu_driver/package.bash'
[0.955s] INFO:colcon.colcon_core.shell:Creating package script '/home/dammr/Desktop/magister_ws/UC_SmartFarmRadar/install/ptu_driver/share/ptu_driver/package.zsh'
[0.955s] Level 1:colcon.colcon_core.environment:create_file_with_runtime_dependencies(/home/dammr/Desktop/magister_ws/UC_SmartFarmRadar/install/ptu_driver/share/colcon-core/packages/ptu_driver)
[0.955s] Level 1:colcon.colcon_core.environment:create_environment_scripts_only(ptu_driver)
[0.956s] Level 1:colcon.colcon_core.environment:checking '/home/dammr/Desktop/magister_ws/UC_SmartFarmRadar/install/ptu_driver' for CMake module files
[0.956s] Level 1:colcon.colcon_core.environment:checking '/home/dammr/Desktop/magister_ws/UC_SmartFarmRadar/install/ptu_driver' for CMake config files
[0.956s] Level 1:colcon.colcon_core.shell:create_environment_hook('ptu_driver', 'cmake_prefix_path')
[0.956s] INFO:colcon.colcon_core.shell:Creating environment hook '/home/dammr/Desktop/magister_ws/UC_SmartFarmRadar/install/ptu_driver/share/ptu_driver/hook/cmake_prefix_path.ps1'
[0.957s] INFO:colcon.colcon_core.shell:Creating environment descriptor '/home/dammr/Desktop/magister_ws/UC_SmartFarmRadar/install/ptu_driver/share/ptu_driver/hook/cmake_prefix_path.dsv'
[0.957s] INFO:colcon.colcon_core.shell:Creating environment hook '/home/dammr/Desktop/magister_ws/UC_SmartFarmRadar/install/ptu_driver/share/ptu_driver/hook/cmake_prefix_path.sh'
[0.958s] Level 1:colcon.colcon_core.environment:checking '/home/dammr/Desktop/magister_ws/UC_SmartFarmRadar/install/ptu_driver/lib'
[0.958s] Level 1:colcon.colcon_core.environment:checking '/home/dammr/Desktop/magister_ws/UC_SmartFarmRadar/install/ptu_driver/bin'
[0.958s] Level 1:colcon.colcon_core.environment:checking '/home/dammr/Desktop/magister_ws/UC_SmartFarmRadar/install/ptu_driver/lib/pkgconfig/ptu_driver.pc'
[0.958s] Level 1:colcon.colcon_core.environment:checking '/home/dammr/Desktop/magister_ws/UC_SmartFarmRadar/install/ptu_driver/lib/python3.10/site-packages'
[0.958s] Level 1:colcon.colcon_core.environment:checking '/home/dammr/Desktop/magister_ws/UC_SmartFarmRadar/install/ptu_driver/bin'
[0.958s] INFO:colcon.colcon_core.shell:Creating package script '/home/dammr/Desktop/magister_ws/UC_SmartFarmRadar/install/ptu_driver/share/ptu_driver/package.ps1'
[0.959s] INFO:colcon.colcon_core.shell:Creating package descriptor '/home/dammr/Desktop/magister_ws/UC_SmartFarmRadar/install/ptu_driver/share/ptu_driver/package.dsv'
[0.959s] INFO:colcon.colcon_core.shell:Creating package script '/home/dammr/Desktop/magister_ws/UC_SmartFarmRadar/install/ptu_driver/share/ptu_driver/package.sh'
[0.959s] INFO:colcon.colcon_core.shell:Creating package script '/home/dammr/Desktop/magister_ws/UC_SmartFarmRadar/install/ptu_driver/share/ptu_driver/package.bash'
[0.960s] INFO:colcon.colcon_core.shell:Creating package script '/home/dammr/Desktop/magister_ws/UC_SmartFarmRadar/install/ptu_driver/share/ptu_driver/package.zsh'
[0.960s] Level 1:colcon.colcon_core.environment:create_file_with_runtime_dependencies(/home/dammr/Desktop/magister_ws/UC_SmartFarmRadar/install/ptu_driver/share/colcon-core/packages/ptu_driver)
[1.372s] DEBUG:colcon.colcon_core.event_handler.log_command:Invoked command in '/home/dammr/Desktop/magister_ws/UC_SmartFarmRadar/build/radar_msg' returned '0': CMAKE_PREFIX_PATH=${CMAKE_PREFIX_PATH}:/opt/ros/humble:/home/dammr/ros2_humble/install/rqt_bag_plugins:/home/dammr/ros2_humble/install/rqt_bag:/home/dammr/ros2_humble/install/launch_testing_examples:/home/dammr/ros2_humble/install/ros2bag:/home/dammr/ros2_humble/install/tracetools_test:/home/dammr/ros2_humble/install/tracetools_launch:/home/dammr/ros2_humble/install/topic_monitor:/home/dammr/ros2_humble/install/tf2_tools:/home/dammr/ros2_humble/install/examples_tf2_py:/home/dammr/ros2_humble/install/tf2_ros_py:/home/dammr/ros2_humble/install/sros2:/home/dammr/ros2_humble/install/rqt_topic:/home/dammr/ros2_humble/install/rqt_srv:/home/dammr/ros2_humble/install/rqt_shell:/home/dammr/ros2_humble/install/rqt_service_caller:/home/dammr/ros2_humble/install/rqt_reconfigure:/home/dammr/ros2_humble/install/rqt_py_console:/home/dammr/ros2_humble/install/rqt_publisher:/home/dammr/ros2_humble/install/rqt_plot:/home/dammr/ros2_humble/install/rqt_action:/home/dammr/ros2_humble/install/rqt_msg:/home/dammr/ros2_humble/install/rqt_console:/home/dammr/ros2_humble/install/rqt:/home/dammr/ros2_humble/install/rqt_graph:/home/dammr/ros2_humble/install/rqt_gui_py:/home/dammr/ros2_humble/install/rqt_gui:/home/dammr/ros2_humble/install/ros2trace:/home/dammr/ros2_humble/install/ros2topic:/home/dammr/ros2_humble/install/ros2test:/home/dammr/ros2_humble/install/ros2component:/home/dammr/ros2_humble/install/ros2param:/home/dammr/ros2_humble/install/ros2lifecycle:/home/dammr/ros2_humble/install/ros2service:/home/dammr/ros2_humble/install/ros2run:/home/dammr/ros2_humble/install/ros2launch:/home/dammr/ros2_humble/install/ros2pkg:/home/dammr/ros2_humble/install/ros2node:/home/dammr/ros2_humble/install/ros2multicast:/home/dammr/ros2_humble/install/ros2interface:/home/dammr/ros2_humble/install/ros2doctor:/home/dammr/ros2_humble/install/ros2action:/home/dammr/ros2_humble/install/ros2cli:/home/dammr/ros2_humble/install/quality_of_service_demo_py:/home/dammr/ros2_humble/install/lifecycle_py:/home/dammr/ros2_humble/install/launch_testing_ros:/home/dammr/ros2_humble/install/launch_ros:/home/dammr/ros2_humble/install/examples_rclpy_pointcloud_publisher:/home/dammr/ros2_humble/install/examples_rclpy_minimal_subscriber:/home/dammr/ros2_humble/install/examples_rclpy_minimal_service:/home/dammr/ros2_humble/install/examples_rclpy_minimal_publisher:/home/dammr/ros2_humble/install/examples_rclpy_minimal_client:/home/dammr/ros2_humble/install/examples_rclpy_minimal_action_server:/home/dammr/ros2_humble/install/examples_rclpy_minimal_action_client:/home/dammr/ros2_humble/install/examples_rclpy_guard_conditions:/home/dammr/ros2_humble/install/examples_rclpy_executors:/home/dammr/ros2_humble/install/demo_nodes_py:/home/dammr/ros2_humble/install/camera_info_manager_py:/home/dammr/ros2_humble/install/action_tutorials_py:/home/dammr/ros2_humble/install/ament_uncrustify:/home/dammr/ros2_humble/install/tracetools_trace:/home/dammr/ros2_humble/install/tracetools_read:/home/dammr/ros2_humble/install/test_tracetools_launch:/home/dammr/ros2_humble/install/test_launch_ros:/home/dammr/ros2_humble/install/sensor_msgs_py:/home/dammr/ros2_humble/install/rpyutils:/home/dammr/ros2_humble/install/rosidl_runtime_py:/home/dammr/ros2_humble/install/rosidl_cli:/home/dammr/ros2_humble/install/launch_pytest:/home/dammr/ros2_humble/install/launch_testing:/home/dammr/ros2_humble/install/launch_yaml:/home/dammr/ros2_humble/install/launch_xml:/home/dammr/ros2_humble/install/launch:/home/dammr/ros2_humble/install/osrf_pycommon:/home/dammr/ros2_humble/install/domain_coordinator:/home/dammr/ros2_humble/install/ament_xmllint:/home/dammr/ros2_humble/install/ament_pyflakes:/home/dammr/ros2_humble/install/ament_pycodestyle:/home/dammr/ros2_humble/install/ament_pep257:/home/dammr/ros2_humble/install/ament_pclint:/home/dammr/ros2_humble/install/ament_package:/home/dammr/ros2_humble/install/ament_mypy:/home/dammr/ros2_humble/install/ament_lint_cmake:/home/dammr/ros2_humble/install/ament_flake8:/home/dammr/ros2_humble/install/ament_copyright:/home/dammr/ros2_humble/install/ament_lint:/home/dammr/ros2_humble/install/ament_index_python:/home/dammr/ros2_humble/install/ament_cpplint:/home/dammr/ros2_humble/install/ament_cppcheck:/home/dammr/ros2_humble/install/ament_clang_tidy:/home/dammr/ros2_humble/install/ament_clang_format /usr/bin/cmake --build /home/dammr/Desktop/magister_ws/UC_SmartFarmRadar/build/radar_msg -- -j12 -l12
[1.373s] DEBUG:colcon.colcon_core.event_handler.log_command:Invoking command in '/home/dammr/Desktop/magister_ws/UC_SmartFarmRadar/build/radar_msg': CMAKE_PREFIX_PATH=${CMAKE_PREFIX_PATH}:/opt/ros/humble:/home/dammr/ros2_humble/install/rqt_bag_plugins:/home/dammr/ros2_humble/install/rqt_bag:/home/dammr/ros2_humble/install/launch_testing_examples:/home/dammr/ros2_humble/install/ros2bag:/home/dammr/ros2_humble/install/tracetools_test:/home/dammr/ros2_humble/install/tracetools_launch:/home/dammr/ros2_humble/install/topic_monitor:/home/dammr/ros2_humble/install/tf2_tools:/home/dammr/ros2_humble/install/examples_tf2_py:/home/dammr/ros2_humble/install/tf2_ros_py:/home/dammr/ros2_humble/install/sros2:/home/dammr/ros2_humble/install/rqt_topic:/home/dammr/ros2_humble/install/rqt_srv:/home/dammr/ros2_humble/install/rqt_shell:/home/dammr/ros2_humble/install/rqt_service_caller:/home/dammr/ros2_humble/install/rqt_reconfigure:/home/dammr/ros2_humble/install/rqt_py_console:/home/dammr/ros2_humble/install/rqt_publisher:/home/dammr/ros2_humble/install/rqt_plot:/home/dammr/ros2_humble/install/rqt_action:/home/dammr/ros2_humble/install/rqt_msg:/home/dammr/ros2_humble/install/rqt_console:/home/dammr/ros2_humble/install/rqt:/home/dammr/ros2_humble/install/rqt_graph:/home/dammr/ros2_humble/install/rqt_gui_py:/home/dammr/ros2_humble/install/rqt_gui:/home/dammr/ros2_humble/install/ros2trace:/home/dammr/ros2_humble/install/ros2topic:/home/dammr/ros2_humble/install/ros2test:/home/dammr/ros2_humble/install/ros2component:/home/dammr/ros2_humble/install/ros2param:/home/dammr/ros2_humble/install/ros2lifecycle:/home/dammr/ros2_humble/install/ros2service:/home/dammr/ros2_humble/install/ros2run:/home/dammr/ros2_humble/install/ros2launch:/home/dammr/ros2_humble/install/ros2pkg:/home/dammr/ros2_humble/install/ros2node:/home/dammr/ros2_humble/install/ros2multicast:/home/dammr/ros2_humble/install/ros2interface:/home/dammr/ros2_humble/install/ros2doctor:/home/dammr/ros2_humble/install/ros2action:/home/dammr/ros2_humble/install/ros2cli:/home/dammr/ros2_humble/install/quality_of_service_demo_py:/home/dammr/ros2_humble/install/lifecycle_py:/home/dammr/ros2_humble/install/launch_testing_ros:/home/dammr/ros2_humble/install/launch_ros:/home/dammr/ros2_humble/install/examples_rclpy_pointcloud_publisher:/home/dammr/ros2_humble/install/examples_rclpy_minimal_subscriber:/home/dammr/ros2_humble/install/examples_rclpy_minimal_service:/home/dammr/ros2_humble/install/examples_rclpy_minimal_publisher:/home/dammr/ros2_humble/install/examples_rclpy_minimal_client:/home/dammr/ros2_humble/install/examples_rclpy_minimal_action_server:/home/dammr/ros2_humble/install/examples_rclpy_minimal_action_client:/home/dammr/ros2_humble/install/examples_rclpy_guard_conditions:/home/dammr/ros2_humble/install/examples_rclpy_executors:/home/dammr/ros2_humble/install/demo_nodes_py:/home/dammr/ros2_humble/install/camera_info_manager_py:/home/dammr/ros2_humble/install/action_tutorials_py:/home/dammr/ros2_humble/install/ament_uncrustify:/home/dammr/ros2_humble/install/tracetools_trace:/home/dammr/ros2_humble/install/tracetools_read:/home/dammr/ros2_humble/install/test_tracetools_launch:/home/dammr/ros2_humble/install/test_launch_ros:/home/dammr/ros2_humble/install/sensor_msgs_py:/home/dammr/ros2_humble/install/rpyutils:/home/dammr/ros2_humble/install/rosidl_runtime_py:/home/dammr/ros2_humble/install/rosidl_cli:/home/dammr/ros2_humble/install/launch_pytest:/home/dammr/ros2_humble/install/launch_testing:/home/dammr/ros2_humble/install/launch_yaml:/home/dammr/ros2_humble/install/launch_xml:/home/dammr/ros2_humble/install/launch:/home/dammr/ros2_humble/install/osrf_pycommon:/home/dammr/ros2_humble/install/domain_coordinator:/home/dammr/ros2_humble/install/ament_xmllint:/home/dammr/ros2_humble/install/ament_pyflakes:/home/dammr/ros2_humble/install/ament_pycodestyle:/home/dammr/ros2_humble/install/ament_pep257:/home/dammr/ros2_humble/install/ament_pclint:/home/dammr/ros2_humble/install/ament_package:/home/dammr/ros2_humble/install/ament_mypy:/home/dammr/ros2_humble/install/ament_lint_cmake:/home/dammr/ros2_humble/install/ament_flake8:/home/dammr/ros2_humble/install/ament_copyright:/home/dammr/ros2_humble/install/ament_lint:/home/dammr/ros2_humble/install/ament_index_python:/home/dammr/ros2_humble/install/ament_cpplint:/home/dammr/ros2_humble/install/ament_cppcheck:/home/dammr/ros2_humble/install/ament_clang_tidy:/home/dammr/ros2_humble/install/ament_clang_format /usr/bin/cmake --install /home/dammr/Desktop/magister_ws/UC_SmartFarmRadar/build/radar_msg
[1.515s] Level 1:colcon.colcon_core.environment:create_environment_scripts_only(radar_msg)
[1.515s] Level 1:colcon.colcon_core.environment:checking '/home/dammr/Desktop/magister_ws/UC_SmartFarmRadar/install/radar_msg' for CMake module files
[1.516s] DEBUG:colcon.colcon_core.event_handler.log_command:Invoked command in '/home/dammr/Desktop/magister_ws/UC_SmartFarmRadar/build/radar_msg' returned '0': CMAKE_PREFIX_PATH=${CMAKE_PREFIX_PATH}:/opt/ros/humble:/home/dammr/ros2_humble/install/rqt_bag_plugins:/home/dammr/ros2_humble/install/rqt_bag:/home/dammr/ros2_humble/install/launch_testing_examples:/home/dammr/ros2_humble/install/ros2bag:/home/dammr/ros2_humble/install/tracetools_test:/home/dammr/ros2_humble/install/tracetools_launch:/home/dammr/ros2_humble/install/topic_monitor:/home/dammr/ros2_humble/install/tf2_tools:/home/dammr/ros2_humble/install/examples_tf2_py:/home/dammr/ros2_humble/install/tf2_ros_py:/home/dammr/ros2_humble/install/sros2:/home/dammr/ros2_humble/install/rqt_topic:/home/dammr/ros2_humble/install/rqt_srv:/home/dammr/ros2_humble/install/rqt_shell:/home/dammr/ros2_humble/install/rqt_service_caller:/home/dammr/ros2_humble/install/rqt_reconfigure:/home/dammr/ros2_humble/install/rqt_py_console:/home/dammr/ros2_humble/install/rqt_publisher:/home/dammr/ros2_humble/install/rqt_plot:/home/dammr/ros2_humble/install/rqt_action:/home/dammr/ros2_humble/install/rqt_msg:/home/dammr/ros2_humble/install/rqt_console:/home/dammr/ros2_humble/install/rqt:/home/dammr/ros2_humble/install/rqt_graph:/home/dammr/ros2_humble/install/rqt_gui_py:/home/dammr/ros2_humble/install/rqt_gui:/home/dammr/ros2_humble/install/ros2trace:/home/dammr/ros2_humble/install/ros2topic:/home/dammr/ros2_humble/install/ros2test:/home/dammr/ros2_humble/install/ros2component:/home/dammr/ros2_humble/install/ros2param:/home/dammr/ros2_humble/install/ros2lifecycle:/home/dammr/ros2_humble/install/ros2service:/home/dammr/ros2_humble/install/ros2run:/home/dammr/ros2_humble/install/ros2launch:/home/dammr/ros2_humble/install/ros2pkg:/home/dammr/ros2_humble/install/ros2node:/home/dammr/ros2_humble/install/ros2multicast:/home/dammr/ros2_humble/install/ros2interface:/home/dammr/ros2_humble/install/ros2doctor:/home/dammr/ros2_humble/install/ros2action:/home/dammr/ros2_humble/install/ros2cli:/home/dammr/ros2_humble/install/quality_of_service_demo_py:/home/dammr/ros2_humble/install/lifecycle_py:/home/dammr/ros2_humble/install/launch_testing_ros:/home/dammr/ros2_humble/install/launch_ros:/home/dammr/ros2_humble/install/examples_rclpy_pointcloud_publisher:/home/dammr/ros2_humble/install/examples_rclpy_minimal_subscriber:/home/dammr/ros2_humble/install/examples_rclpy_minimal_service:/home/dammr/ros2_humble/install/examples_rclpy_minimal_publisher:/home/dammr/ros2_humble/install/examples_rclpy_minimal_client:/home/dammr/ros2_humble/install/examples_rclpy_minimal_action_server:/home/dammr/ros2_humble/install/examples_rclpy_minimal_action_client:/home/dammr/ros2_humble/install/examples_rclpy_guard_conditions:/home/dammr/ros2_humble/install/examples_rclpy_executors:/home/dammr/ros2_humble/install/demo_nodes_py:/home/dammr/ros2_humble/install/camera_info_manager_py:/home/dammr/ros2_humble/install/action_tutorials_py:/home/dammr/ros2_humble/install/ament_uncrustify:/home/dammr/ros2_humble/install/tracetools_trace:/home/dammr/ros2_humble/install/tracetools_read:/home/dammr/ros2_humble/install/test_tracetools_launch:/home/dammr/ros2_humble/install/test_launch_ros:/home/dammr/ros2_humble/install/sensor_msgs_py:/home/dammr/ros2_humble/install/rpyutils:/home/dammr/ros2_humble/install/rosidl_runtime_py:/home/dammr/ros2_humble/install/rosidl_cli:/home/dammr/ros2_humble/install/launch_pytest:/home/dammr/ros2_humble/install/launch_testing:/home/dammr/ros2_humble/install/launch_yaml:/home/dammr/ros2_humble/install/launch_xml:/home/dammr/ros2_humble/install/launch:/home/dammr/ros2_humble/install/osrf_pycommon:/home/dammr/ros2_humble/install/domain_coordinator:/home/dammr/ros2_humble/install/ament_xmllint:/home/dammr/ros2_humble/install/ament_pyflakes:/home/dammr/ros2_humble/install/ament_pycodestyle:/home/dammr/ros2_humble/install/ament_pep257:/home/dammr/ros2_humble/install/ament_pclint:/home/dammr/ros2_humble/install/ament_package:/home/dammr/ros2_humble/install/ament_mypy:/home/dammr/ros2_humble/install/ament_lint_cmake:/home/dammr/ros2_humble/install/ament_flake8:/home/dammr/ros2_humble/install/ament_copyright:/home/dammr/ros2_humble/install/ament_lint:/home/dammr/ros2_humble/install/ament_index_python:/home/dammr/ros2_humble/install/ament_cpplint:/home/dammr/ros2_humble/install/ament_cppcheck:/home/dammr/ros2_humble/install/ament_clang_tidy:/home/dammr/ros2_humble/install/ament_clang_format /usr/bin/cmake --install /home/dammr/Desktop/magister_ws/UC_SmartFarmRadar/build/radar_msg
[1.516s] Level 1:colcon.colcon_core.environment:checking '/home/dammr/Desktop/magister_ws/UC_SmartFarmRadar/install/radar_msg' for CMake config files
[1.517s] Level 1:colcon.colcon_core.shell:create_environment_hook('radar_msg', 'cmake_prefix_path')
[1.517s] INFO:colcon.colcon_core.shell:Creating environment hook '/home/dammr/Desktop/magister_ws/UC_SmartFarmRadar/install/radar_msg/share/radar_msg/hook/cmake_prefix_path.ps1'
[1.517s] INFO:colcon.colcon_core.shell:Creating environment descriptor '/home/dammr/Desktop/magister_ws/UC_SmartFarmRadar/install/radar_msg/share/radar_msg/hook/cmake_prefix_path.dsv'
[1.518s] INFO:colcon.colcon_core.shell:Creating environment hook '/home/dammr/Desktop/magister_ws/UC_SmartFarmRadar/install/radar_msg/share/radar_msg/hook/cmake_prefix_path.sh'
[1.518s] Level 1:colcon.colcon_core.environment:checking '/home/dammr/Desktop/magister_ws/UC_SmartFarmRadar/install/radar_msg/lib'
[1.518s] Level 1:colcon.colcon_core.shell:create_environment_hook('radar_msg', 'ld_library_path_lib')
[1.518s] INFO:colcon.colcon_core.shell:Creating environment hook '/home/dammr/Desktop/magister_ws/UC_SmartFarmRadar/install/radar_msg/share/radar_msg/hook/ld_library_path_lib.ps1'
[1.518s] INFO:colcon.colcon_core.shell:Creating environment descriptor '/home/dammr/Desktop/magister_ws/UC_SmartFarmRadar/install/radar_msg/share/radar_msg/hook/ld_library_path_lib.dsv'
[1.519s] INFO:colcon.colcon_core.shell:Creating environment hook '/home/dammr/Desktop/magister_ws/UC_SmartFarmRadar/install/radar_msg/share/radar_msg/hook/ld_library_path_lib.sh'
[1.519s] Level 1:colcon.colcon_core.environment:checking '/home/dammr/Desktop/magister_ws/UC_SmartFarmRadar/install/radar_msg/bin'
[1.519s] Level 1:colcon.colcon_core.environment:checking '/home/dammr/Desktop/magister_ws/UC_SmartFarmRadar/install/radar_msg/lib/pkgconfig/radar_msg.pc'
[1.519s] Level 1:colcon.colcon_core.environment:checking '/home/dammr/Desktop/magister_ws/UC_SmartFarmRadar/install/radar_msg/lib/python3.10/site-packages'
[1.519s] Level 1:colcon.colcon_core.environment:checking '/home/dammr/Desktop/magister_ws/UC_SmartFarmRadar/install/radar_msg/bin'
[1.520s] INFO:colcon.colcon_core.shell:Creating package script '/home/dammr/Desktop/magister_ws/UC_SmartFarmRadar/install/radar_msg/share/radar_msg/package.ps1'
[1.520s] INFO:colcon.colcon_core.shell:Creating package descriptor '/home/dammr/Desktop/magister_ws/UC_SmartFarmRadar/install/radar_msg/share/radar_msg/package.dsv'
[1.520s] INFO:colcon.colcon_core.shell:Creating package script '/home/dammr/Desktop/magister_ws/UC_SmartFarmRadar/install/radar_msg/share/radar_msg/package.sh'
[1.520s] INFO:colcon.colcon_core.shell:Creating package script '/home/dammr/Desktop/magister_ws/UC_SmartFarmRadar/install/radar_msg/share/radar_msg/package.bash'
[1.521s] INFO:colcon.colcon_core.shell:Creating package script '/home/dammr/Desktop/magister_ws/UC_SmartFarmRadar/install/radar_msg/share/radar_msg/package.zsh'
[1.521s] Level 1:colcon.colcon_core.environment:create_file_with_runtime_dependencies(/home/dammr/Desktop/magister_ws/UC_SmartFarmRadar/install/radar_msg/share/colcon-core/packages/radar_msg)
[1.521s] Level 1:colcon.colcon_core.environment:create_environment_scripts_only(radar_msg)
[1.522s] Level 1:colcon.colcon_core.environment:checking '/home/dammr/Desktop/magister_ws/UC_SmartFarmRadar/install/radar_msg' for CMake module files
[1.522s] Level 1:colcon.colcon_core.environment:checking '/home/dammr/Desktop/magister_ws/UC_SmartFarmRadar/install/radar_msg' for CMake config files
[1.523s] Level 1:colcon.colcon_core.shell:create_environment_hook('radar_msg', 'cmake_prefix_path')
[1.523s] INFO:colcon.colcon_core.shell:Creating environment hook '/home/dammr/Desktop/magister_ws/UC_SmartFarmRadar/install/radar_msg/share/radar_msg/hook/cmake_prefix_path.ps1'
[1.524s] INFO:colcon.colcon_core.shell:Creating environment descriptor '/home/dammr/Desktop/magister_ws/UC_SmartFarmRadar/install/radar_msg/share/radar_msg/hook/cmake_prefix_path.dsv'
[1.524s] INFO:colcon.colcon_core.shell:Creating environment hook '/home/dammr/Desktop/magister_ws/UC_SmartFarmRadar/install/radar_msg/share/radar_msg/hook/cmake_prefix_path.sh'
[1.524s] Level 1:colcon.colcon_core.environment:checking '/home/dammr/Desktop/magister_ws/UC_SmartFarmRadar/install/radar_msg/lib'
[1.524s] Level 1:colcon.colcon_core.shell:create_environment_hook('radar_msg', 'ld_library_path_lib')
[1.524s] INFO:colcon.colcon_core.shell:Creating environment hook '/home/dammr/Desktop/magister_ws/UC_SmartFarmRadar/install/radar_msg/share/radar_msg/hook/ld_library_path_lib.ps1'
[1.525s] INFO:colcon.colcon_core.shell:Creating environment descriptor '/home/dammr/Desktop/magister_ws/UC_SmartFarmRadar/install/radar_msg/share/radar_msg/hook/ld_library_path_lib.dsv'
[1.525s] INFO:colcon.colcon_core.shell:Creating environment hook '/home/dammr/Desktop/magister_ws/UC_SmartFarmRadar/install/radar_msg/share/radar_msg/hook/ld_library_path_lib.sh'
[1.525s] Level 1:colcon.colcon_core.environment:checking '/home/dammr/Desktop/magister_ws/UC_SmartFarmRadar/install/radar_msg/bin'
[1.525s] Level 1:colcon.colcon_core.environment:checking '/home/dammr/Desktop/magister_ws/UC_SmartFarmRadar/install/radar_msg/lib/pkgconfig/radar_msg.pc'
[1.525s] Level 1:colcon.colcon_core.environment:checking '/home/dammr/Desktop/magister_ws/UC_SmartFarmRadar/install/radar_msg/lib/python3.10/site-packages'
[1.525s] Level 1:colcon.colcon_core.environment:checking '/home/dammr/Desktop/magister_ws/UC_SmartFarmRadar/install/radar_msg/bin'
[1.526s] INFO:colcon.colcon_core.shell:Creating package script '/home/dammr/Desktop/magister_ws/UC_SmartFarmRadar/install/radar_msg/share/radar_msg/package.ps1'
[1.526s] INFO:colcon.colcon_core.shell:Creating package descriptor '/home/dammr/Desktop/magister_ws/UC_SmartFarmRadar/install/radar_msg/share/radar_msg/package.dsv'
[1.526s] INFO:colcon.colcon_core.shell:Creating package script '/home/dammr/Desktop/magister_ws/UC_SmartFarmRadar/install/radar_msg/share/radar_msg/package.sh'
[1.527s] INFO:colcon.colcon_core.shell:Creating package script '/home/dammr/Desktop/magister_ws/UC_SmartFarmRadar/install/radar_msg/share/radar_msg/package.bash'
[1.527s] INFO:colcon.colcon_core.shell:Creating package script '/home/dammr/Desktop/magister_ws/UC_SmartFarmRadar/install/radar_msg/share/radar_msg/package.zsh'
[1.527s] Level 1:colcon.colcon_core.environment:create_file_with_runtime_dependencies(/home/dammr/Desktop/magister_ws/UC_SmartFarmRadar/install/radar_msg/share/colcon-core/packages/radar_msg)
[1.528s] INFO:colcon.colcon_ros.task.ament_python.build:Building ROS package in '/home/dammr/Desktop/magister_ws/UC_SmartFarmRadar/ptu_package' with build type 'ament_python'
[1.528s] Level 1:colcon.colcon_core.shell:create_environment_hook('ptu_package', 'ament_prefix_path')
[1.528s] INFO:colcon.colcon_core.shell:Creating environment hook '/home/dammr/Desktop/magister_ws/UC_SmartFarmRadar/install/ptu_package/share/ptu_package/hook/ament_prefix_path.ps1'
[1.528s] INFO:colcon.colcon_core.shell:Creating environment descriptor '/home/dammr/Desktop/magister_ws/UC_SmartFarmRadar/install/ptu_package/share/ptu_package/hook/ament_prefix_path.dsv'
[1.529s] INFO:colcon.colcon_core.shell:Creating environment hook '/home/dammr/Desktop/magister_ws/UC_SmartFarmRadar/install/ptu_package/share/ptu_package/hook/ament_prefix_path.sh'
[1.529s] INFO:colcon.colcon_core.shell:Skip shell extension 'powershell' for command environment: Not usable outside of PowerShell
[1.529s] DEBUG:colcon.colcon_core.shell:Skip shell extension 'dsv' for command environment
[1.548s] INFO:colcon.colcon_ros.task.ament_python.build:Building ROS package in '/home/dammr/Desktop/magister_ws/UC_SmartFarmRadar/radar_package' with build type 'ament_python'
[1.548s] Level 1:colcon.colcon_core.shell:create_environment_hook('radar_package', 'ament_prefix_path')
[1.548s] INFO:colcon.colcon_core.shell:Creating environment hook '/home/dammr/Desktop/magister_ws/UC_SmartFarmRadar/install/radar_package/share/radar_package/hook/ament_prefix_path.ps1'
[1.549s] INFO:colcon.colcon_core.shell:Creating environment descriptor '/home/dammr/Desktop/magister_ws/UC_SmartFarmRadar/install/radar_package/share/radar_package/hook/ament_prefix_path.dsv'
[1.549s] INFO:colcon.colcon_core.shell:Creating environment hook '/home/dammr/Desktop/magister_ws/UC_SmartFarmRadar/install/radar_package/share/radar_package/hook/ament_prefix_path.sh'
[1.549s] INFO:colcon.colcon_core.shell:Skip shell extension 'powershell' for command environment: Not usable outside of PowerShell
[1.549s] DEBUG:colcon.colcon_core.shell:Skip shell extension 'dsv' for command environment
[1.565s] INFO:colcon.colcon_ros.task.ament_python.build:Building ROS package in '/home/dammr/Desktop/magister_ws/UC_SmartFarmRadar/state_machine' with build type 'ament_python'
[1.565s] Level 1:colcon.colcon_core.shell:create_environment_hook('state_machine', 'ament_prefix_path')
[1.566s] INFO:colcon.colcon_core.shell:Creating environment hook '/home/dammr/Desktop/magister_ws/UC_SmartFarmRadar/install/state_machine/share/state_machine/hook/ament_prefix_path.ps1'
[1.566s] INFO:colcon.colcon_core.shell:Creating environment descriptor '/home/dammr/Desktop/magister_ws/UC_SmartFarmRadar/install/state_machine/share/state_machine/hook/ament_prefix_path.dsv'
[1.566s] INFO:colcon.colcon_core.shell:Creating environment hook '/home/dammr/Desktop/magister_ws/UC_SmartFarmRadar/install/state_machine/share/state_machine/hook/ament_prefix_path.sh'
[1.567s] INFO:colcon.colcon_core.shell:Skip shell extension 'powershell' for command environment: Not usable outside of PowerShell
[1.567s] DEBUG:colcon.colcon_core.shell:Skip shell extension 'dsv' for command environment
[1.955s] INFO:colcon.colcon_core.task.python.build:Building Python package in '/home/dammr/Desktop/magister_ws/UC_SmartFarmRadar/ptu_package'
[1.955s] INFO:colcon.colcon_core.shell:Skip shell extension 'powershell' for command environment: Not usable outside of PowerShell
[1.955s] DEBUG:colcon.colcon_core.shell:Skip shell extension 'dsv' for command environment
[2.353s] INFO:colcon.colcon_core.task.python.build:Building Python package in '/home/dammr/Desktop/magister_ws/UC_SmartFarmRadar/radar_package'
[2.353s] INFO:colcon.colcon_core.shell:Skip shell extension 'powershell' for command environment: Not usable outside of PowerShell
[2.353s] DEBUG:colcon.colcon_core.shell:Skip shell extension 'dsv' for command environment
[2.735s] INFO:colcon.colcon_core.task.python.build:Building Python package in '/home/dammr/Desktop/magister_ws/UC_SmartFarmRadar/state_machine'
[2.735s] INFO:colcon.colcon_core.shell:Skip shell extension 'powershell' for command environment: Not usable outside of PowerShell
[2.735s] DEBUG:colcon.colcon_core.shell:Skip shell extension 'dsv' for command environment
[3.256s] DEBUG:colcon.colcon_core.event_handler.log_command:Invoking command in '/home/dammr/Desktop/magister_ws/UC_SmartFarmRadar/ptu_package': AMENT_PREFIX_PATH=/home/dammr/Desktop/magister_ws/UC_SmartFarmRadar/install/radar_msg:${AMENT_PREFIX_PATH} CMAKE_PREFIX_PATH=/home/dammr/Desktop/magister_ws/UC_SmartFarmRadar/install/radar_msg:${CMAKE_PREFIX_PATH} LD_LIBRARY_PATH=/home/dammr/Desktop/magister_ws/UC_SmartFarmRadar/install/radar_msg/lib:${LD_LIBRARY_PATH} PYTHONPATH=/home/dammr/Desktop/magister_ws/UC_SmartFarmRadar/build/ptu_package/prefix_override:/usr/lib/python3/dist-packages/colcon_core/task/python/colcon_distutils_commands:/home/dammr/Desktop/magister_ws/UC_SmartFarmRadar/install/ptu_package/lib/python3.10/site-packages:/home/dammr/Desktop/magister_ws/UC_SmartFarmRadar/install/radar_msg/local/lib/python3.10/dist-packages:${PYTHONPATH} /usr/bin/python3 -W ignore:setup.py install is deprecated -W ignore:easy_install command is deprecated setup.py egg_info --egg-base ../build/ptu_package build --build-base /home/dammr/Desktop/magister_ws/UC_SmartFarmRadar/build/ptu_package/build install --record /home/dammr/Desktop/magister_ws/UC_SmartFarmRadar/build/ptu_package/install.log --single-version-externally-managed install_data
[3.260s] DEBUG:colcon.colcon_core.event_handler.log_command:Invoking command in '/home/dammr/Desktop/magister_ws/UC_SmartFarmRadar/radar_package': AMENT_PREFIX_PATH=/home/dammr/Desktop/magister_ws/UC_SmartFarmRadar/install/radar_msg:${AMENT_PREFIX_PATH} CMAKE_PREFIX_PATH=/home/dammr/Desktop/magister_ws/UC_SmartFarmRadar/install/radar_msg:${CMAKE_PREFIX_PATH} LD_LIBRARY_PATH=/home/dammr/Desktop/magister_ws/UC_SmartFarmRadar/install/radar_msg/lib:${LD_LIBRARY_PATH} PYTHONPATH=/home/dammr/Desktop/magister_ws/UC_SmartFarmRadar/build/radar_package/prefix_override:/usr/lib/python3/dist-packages/colcon_core/task/python/colcon_distutils_commands:/home/dammr/Desktop/magister_ws/UC_SmartFarmRadar/install/radar_package/lib/python3.10/site-packages:/home/dammr/Desktop/magister_ws/UC_SmartFarmRadar/install/radar_msg/local/lib/python3.10/dist-packages:${PYTHONPATH} /usr/bin/python3 -W ignore:setup.py install is deprecated -W ignore:easy_install command is deprecated setup.py egg_info --egg-base ../build/radar_package build --build-base /home/dammr/Desktop/magister_ws/UC_SmartFarmRadar/build/radar_package/build install --record /home/dammr/Desktop/magister_ws/UC_SmartFarmRadar/build/radar_package/install.log --single-version-externally-managed install_data
[3.272s] DEBUG:colcon.colcon_core.event_handler.log_command:Invoking command in '/home/dammr/Desktop/magister_ws/UC_SmartFarmRadar/state_machine': AMENT_PREFIX_PATH=/home/dammr/Desktop/magister_ws/UC_SmartFarmRadar/install/radar_msg:${AMENT_PREFIX_PATH} CMAKE_PREFIX_PATH=/home/dammr/Desktop/magister_ws/UC_SmartFarmRadar/install/radar_msg:${CMAKE_PREFIX_PATH} LD_LIBRARY_PATH=/home/dammr/Desktop/magister_ws/UC_SmartFarmRadar/install/radar_msg/lib:${LD_LIBRARY_PATH} PYTHONPATH=/home/dammr/Desktop/magister_ws/UC_SmartFarmRadar/build/state_machine/prefix_override:/usr/lib/python3/dist-packages/colcon_core/task/python/colcon_distutils_commands:/home/dammr/Desktop/magister_ws/UC_SmartFarmRadar/install/state_machine/lib/python3.10/site-packages:/home/dammr/Desktop/magister_ws/UC_SmartFarmRadar/install/radar_msg/local/lib/python3.10/dist-packages:${PYTHONPATH} /usr/bin/python3 -W ignore:setup.py install is deprecated -W ignore:easy_install command is deprecated setup.py egg_info --egg-base ../build/state_machine build --build-base /home/dammr/Desktop/magister_ws/UC_SmartFarmRadar/build/state_machine/build install --record /home/dammr/Desktop/magister_ws/UC_SmartFarmRadar/build/state_machine/install.log --single-version-externally-managed install_data
[3.677s] Level 1:colcon.colcon_core.environment:checking '/home/dammr/Desktop/magister_ws/UC_SmartFarmRadar/install/ptu_package' for CMake module files
[3.677s] DEBUG:colcon.colcon_core.event_handler.log_command:Invoked command in '/home/dammr/Desktop/magister_ws/UC_SmartFarmRadar/ptu_package' returned '0': AMENT_PREFIX_PATH=/home/dammr/Desktop/magister_ws/UC_SmartFarmRadar/install/radar_msg:${AMENT_PREFIX_PATH} CMAKE_PREFIX_PATH=/home/dammr/Desktop/magister_ws/UC_SmartFarmRadar/install/radar_msg:${CMAKE_PREFIX_PATH} LD_LIBRARY_PATH=/home/dammr/Desktop/magister_ws/UC_SmartFarmRadar/install/radar_msg/lib:${LD_LIBRARY_PATH} PYTHONPATH=/home/dammr/Desktop/magister_ws/UC_SmartFarmRadar/build/ptu_package/prefix_override:/usr/lib/python3/dist-packages/colcon_core/task/python/colcon_distutils_commands:/home/dammr/Desktop/magister_ws/UC_SmartFarmRadar/install/ptu_package/lib/python3.10/site-packages:/home/dammr/Desktop/magister_ws/UC_SmartFarmRadar/install/radar_msg/local/lib/python3.10/dist-packages:${PYTHONPATH} /usr/bin/python3 -W ignore:setup.py install is deprecated -W ignore:easy_install command is deprecated setup.py egg_info --egg-base ../build/ptu_package build --build-base /home/dammr/Desktop/magister_ws/UC_SmartFarmRadar/build/ptu_package/build install --record /home/dammr/Desktop/magister_ws/UC_SmartFarmRadar/build/ptu_package/install.log --single-version-externally-managed install_data
[3.678s] Level 1:colcon.colcon_core.environment:checking '/home/dammr/Desktop/magister_ws/UC_SmartFarmRadar/install/ptu_package' for CMake config files
[3.678s] Level 1:colcon.colcon_core.environment:checking '/home/dammr/Desktop/magister_ws/UC_SmartFarmRadar/install/ptu_package/lib'
[3.678s] Level 1:colcon.colcon_core.environment:checking '/home/dammr/Desktop/magister_ws/UC_SmartFarmRadar/install/ptu_package/bin'
[3.678s] Level 1:colcon.colcon_core.environment:checking '/home/dammr/Desktop/magister_ws/UC_SmartFarmRadar/install/ptu_package/lib/pkgconfig/ptu_package.pc'
[3.679s] Level 1:colcon.colcon_core.environment:checking '/home/dammr/Desktop/magister_ws/UC_SmartFarmRadar/install/ptu_package/lib/python3.10/site-packages'
[3.679s] Level 1:colcon.colcon_core.shell:create_environment_hook('ptu_package', 'pythonpath')
[3.679s] INFO:colcon.colcon_core.shell:Creating environment hook '/home/dammr/Desktop/magister_ws/UC_SmartFarmRadar/install/ptu_package/share/ptu_package/hook/pythonpath.ps1'
[3.679s] INFO:colcon.colcon_core.shell:Creating environment descriptor '/home/dammr/Desktop/magister_ws/UC_SmartFarmRadar/install/ptu_package/share/ptu_package/hook/pythonpath.dsv'
[3.680s] INFO:colcon.colcon_core.shell:Creating environment hook '/home/dammr/Desktop/magister_ws/UC_SmartFarmRadar/install/ptu_package/share/ptu_package/hook/pythonpath.sh'
[3.680s] Level 1:colcon.colcon_core.environment:checking '/home/dammr/Desktop/magister_ws/UC_SmartFarmRadar/install/ptu_package/bin'
[3.680s] Level 1:colcon.colcon_core.environment:create_environment_scripts_only(ptu_package)
[3.680s] INFO:colcon.colcon_core.shell:Creating package script '/home/dammr/Desktop/magister_ws/UC_SmartFarmRadar/install/ptu_package/share/ptu_package/package.ps1'
[3.681s] INFO:colcon.colcon_core.shell:Creating package descriptor '/home/dammr/Desktop/magister_ws/UC_SmartFarmRadar/install/ptu_package/share/ptu_package/package.dsv'
[3.681s] INFO:colcon.colcon_core.shell:Creating package script '/home/dammr/Desktop/magister_ws/UC_SmartFarmRadar/install/ptu_package/share/ptu_package/package.sh'
[3.681s] INFO:colcon.colcon_core.shell:Creating package script '/home/dammr/Desktop/magister_ws/UC_SmartFarmRadar/install/ptu_package/share/ptu_package/package.bash'
[3.681s] INFO:colcon.colcon_core.shell:Creating package script '/home/dammr/Desktop/magister_ws/UC_SmartFarmRadar/install/ptu_package/share/ptu_package/package.zsh'
[3.682s] Level 1:colcon.colcon_core.environment:create_file_with_runtime_dependencies(/home/dammr/Desktop/magister_ws/UC_SmartFarmRadar/install/ptu_package/share/colcon-core/packages/ptu_package)
[3.684s] Level 1:colcon.colcon_core.environment:checking '/home/dammr/Desktop/magister_ws/UC_SmartFarmRadar/install/radar_package' for CMake module files
[3.685s] DEBUG:colcon.colcon_core.event_handler.log_command:Invoked command in '/home/dammr/Desktop/magister_ws/UC_SmartFarmRadar/radar_package' returned '0': AMENT_PREFIX_PATH=/home/dammr/Desktop/magister_ws/UC_SmartFarmRadar/install/radar_msg:${AMENT_PREFIX_PATH} CMAKE_PREFIX_PATH=/home/dammr/Desktop/magister_ws/UC_SmartFarmRadar/install/radar_msg:${CMAKE_PREFIX_PATH} LD_LIBRARY_PATH=/home/dammr/Desktop/magister_ws/UC_SmartFarmRadar/install/radar_msg/lib:${LD_LIBRARY_PATH} PYTHONPATH=/home/dammr/Desktop/magister_ws/UC_SmartFarmRadar/build/radar_package/prefix_override:/usr/lib/python3/dist-packages/colcon_core/task/python/colcon_distutils_commands:/home/dammr/Desktop/magister_ws/UC_SmartFarmRadar/install/radar_package/lib/python3.10/site-packages:/home/dammr/Desktop/magister_ws/UC_SmartFarmRadar/install/radar_msg/local/lib/python3.10/dist-packages:${PYTHONPATH} /usr/bin/python3 -W ignore:setup.py install is deprecated -W ignore:easy_install command is deprecated setup.py egg_info --egg-base ../build/radar_package build --build-base /home/dammr/Desktop/magister_ws/UC_SmartFarmRadar/build/radar_package/build install --record /home/dammr/Desktop/magister_ws/UC_SmartFarmRadar/build/radar_package/install.log --single-version-externally-managed install_data
[3.685s] Level 1:colcon.colcon_core.environment:checking '/home/dammr/Desktop/magister_ws/UC_SmartFarmRadar/install/radar_package' for CMake config files
[3.685s] Level 1:colcon.colcon_core.environment:checking '/home/dammr/Desktop/magister_ws/UC_SmartFarmRadar/install/radar_package/lib'
[3.686s] Level 1:colcon.colcon_core.environment:checking '/home/dammr/Desktop/magister_ws/UC_SmartFarmRadar/install/radar_package/bin'
[3.686s] Level 1:colcon.colcon_core.environment:checking '/home/dammr/Desktop/magister_ws/UC_SmartFarmRadar/install/radar_package/lib/pkgconfig/radar_package.pc'
[3.686s] Level 1:colcon.colcon_core.environment:checking '/home/dammr/Desktop/magister_ws/UC_SmartFarmRadar/install/radar_package/lib/python3.10/site-packages'
[3.686s] Level 1:colcon.colcon_core.shell:create_environment_hook('radar_package', 'pythonpath')
[3.686s] INFO:colcon.colcon_core.shell:Creating environment hook '/home/dammr/Desktop/magister_ws/UC_SmartFarmRadar/install/radar_package/share/radar_package/hook/pythonpath.ps1'
[3.686s] INFO:colcon.colcon_core.shell:Creating environment descriptor '/home/dammr/Desktop/magister_ws/UC_SmartFarmRadar/install/radar_package/share/radar_package/hook/pythonpath.dsv'
[3.687s] INFO:colcon.colcon_core.shell:Creating environment hook '/home/dammr/Desktop/magister_ws/UC_SmartFarmRadar/install/radar_package/share/radar_package/hook/pythonpath.sh'
[3.687s] Level 1:colcon.colcon_core.environment:checking '/home/dammr/Desktop/magister_ws/UC_SmartFarmRadar/install/radar_package/bin'
[3.687s] Level 1:colcon.colcon_core.environment:create_environment_scripts_only(radar_package)
[3.687s] INFO:colcon.colcon_core.shell:Creating package script '/home/dammr/Desktop/magister_ws/UC_SmartFarmRadar/install/radar_package/share/radar_package/package.ps1'
[3.688s] INFO:colcon.colcon_core.shell:Creating package descriptor '/home/dammr/Desktop/magister_ws/UC_SmartFarmRadar/install/radar_package/share/radar_package/package.dsv'
[3.688s] INFO:colcon.colcon_core.shell:Creating package script '/home/dammr/Desktop/magister_ws/UC_SmartFarmRadar/install/radar_package/share/radar_package/package.sh'
[3.688s] INFO:colcon.colcon_core.shell:Creating package script '/home/dammr/Desktop/magister_ws/UC_SmartFarmRadar/install/radar_package/share/radar_package/package.bash'
[3.688s] INFO:colcon.colcon_core.shell:Creating package script '/home/dammr/Desktop/magister_ws/UC_SmartFarmRadar/install/radar_package/share/radar_package/package.zsh'
[3.689s] Level 1:colcon.colcon_core.environment:create_file_with_runtime_dependencies(/home/dammr/Desktop/magister_ws/UC_SmartFarmRadar/install/radar_package/share/colcon-core/packages/radar_package)
[3.694s] Level 1:colcon.colcon_core.environment:checking '/home/dammr/Desktop/magister_ws/UC_SmartFarmRadar/install/state_machine' for CMake module files
[3.694s] DEBUG:colcon.colcon_core.event_handler.log_command:Invoked command in '/home/dammr/Desktop/magister_ws/UC_SmartFarmRadar/state_machine' returned '0': AMENT_PREFIX_PATH=/home/dammr/Desktop/magister_ws/UC_SmartFarmRadar/install/radar_msg:${AMENT_PREFIX_PATH} CMAKE_PREFIX_PATH=/home/dammr/Desktop/magister_ws/UC_SmartFarmRadar/install/radar_msg:${CMAKE_PREFIX_PATH} LD_LIBRARY_PATH=/home/dammr/Desktop/magister_ws/UC_SmartFarmRadar/install/radar_msg/lib:${LD_LIBRARY_PATH} PYTHONPATH=/home/dammr/Desktop/magister_ws/UC_SmartFarmRadar/build/state_machine/prefix_override:/usr/lib/python3/dist-packages/colcon_core/task/python/colcon_distutils_commands:/home/dammr/Desktop/magister_ws/UC_SmartFarmRadar/install/state_machine/lib/python3.10/site-packages:/home/dammr/Desktop/magister_ws/UC_SmartFarmRadar/install/radar_msg/local/lib/python3.10/dist-packages:${PYTHONPATH} /usr/bin/python3 -W ignore:setup.py install is deprecated -W ignore:easy_install command is deprecated setup.py egg_info --egg-base ../build/state_machine build --build-base /home/dammr/Desktop/magister_ws/UC_SmartFarmRadar/build/state_machine/build install --record /home/dammr/Desktop/magister_ws/UC_SmartFarmRadar/build/state_machine/install.log --single-version-externally-managed install_data
[3.695s] Level 1:colcon.colcon_core.environment:checking '/home/dammr/Desktop/magister_ws/UC_SmartFarmRadar/install/state_machine' for CMake config files
[3.695s] Level 1:colcon.colcon_core.environment:checking '/home/dammr/Desktop/magister_ws/UC_SmartFarmRadar/install/state_machine/lib'
[3.695s] Level 1:colcon.colcon_core.environment:checking '/home/dammr/Desktop/magister_ws/UC_SmartFarmRadar/install/state_machine/bin'
[3.695s] Level 1:colcon.colcon_core.environment:checking '/home/dammr/Desktop/magister_ws/UC_SmartFarmRadar/install/state_machine/lib/pkgconfig/state_machine.pc'
[3.695s] Level 1:colcon.colcon_core.environment:checking '/home/dammr/Desktop/magister_ws/UC_SmartFarmRadar/install/state_machine/lib/python3.10/site-packages'
[3.695s] Level 1:colcon.colcon_core.shell:create_environment_hook('state_machine', 'pythonpath')
[3.695s] INFO:colcon.colcon_core.shell:Creating environment hook '/home/dammr/Desktop/magister_ws/UC_SmartFarmRadar/install/state_machine/share/state_machine/hook/pythonpath.ps1'
[3.696s] INFO:colcon.colcon_core.shell:Creating environment descriptor '/home/dammr/Desktop/magister_ws/UC_SmartFarmRadar/install/state_machine/share/state_machine/hook/pythonpath.dsv'
[3.696s] INFO:colcon.colcon_core.shell:Creating environment hook '/home/dammr/Desktop/magister_ws/UC_SmartFarmRadar/install/state_machine/share/state_machine/hook/pythonpath.sh'
[3.696s] Level 1:colcon.colcon_core.environment:checking '/home/dammr/Desktop/magister_ws/UC_SmartFarmRadar/install/state_machine/bin'
[3.697s] Level 1:colcon.colcon_core.environment:create_environment_scripts_only(state_machine)
[3.697s] INFO:colcon.colcon_core.shell:Creating package script '/home/dammr/Desktop/magister_ws/UC_SmartFarmRadar/install/state_machine/share/state_machine/package.ps1'
[3.697s] INFO:colcon.colcon_core.shell:Creating package descriptor '/home/dammr/Desktop/magister_ws/UC_SmartFarmRadar/install/state_machine/share/state_machine/package.dsv'
[3.697s] INFO:colcon.colcon_core.shell:Creating package script '/home/dammr/Desktop/magister_ws/UC_SmartFarmRadar/install/state_machine/share/state_machine/package.sh'
[3.698s] INFO:colcon.colcon_core.shell:Creating package script '/home/dammr/Desktop/magister_ws/UC_SmartFarmRadar/install/state_machine/share/state_machine/package.bash'
[3.698s] INFO:colcon.colcon_core.shell:Creating package script '/home/dammr/Desktop/magister_ws/UC_SmartFarmRadar/install/state_machine/share/state_machine/package.zsh'
[3.698s] Level 1:colcon.colcon_core.environment:create_file_with_runtime_dependencies(/home/dammr/Desktop/magister_ws/UC_SmartFarmRadar/install/state_machine/share/colcon-core/packages/state_machine)
[3.698s] DEBUG:colcon.colcon_parallel_executor.executor.parallel:closing loop
[3.698s] DEBUG:colcon.colcon_parallel_executor.executor.parallel:loop closed
[3.699s] DEBUG:colcon.colcon_parallel_executor.executor.parallel:run_until_complete finished with '0'
[3.699s] DEBUG:colcon.colcon_core.event_reactor:joining thread
[3.709s] INFO:colcon.colcon_core.plugin_system:Skipping extension 'colcon_notification.desktop_notification.terminal_notifier': Not used on non-Darwin systems
[3.709s] INFO:colcon.colcon_core.plugin_system:Skipping extension 'colcon_notification.desktop_notification.win32': Not used on non-Windows systems
[3.709s] INFO:colcon.colcon_notification.desktop_notification:Sending desktop notification using 'notify2'
[3.718s] DEBUG:colcon.colcon_core.event_reactor:joined thread
[3.718s] INFO:colcon.colcon_core.shell:Creating prefix script '/home/dammr/Desktop/magister_ws/UC_SmartFarmRadar/install/local_setup.ps1'
[3.719s] INFO:colcon.colcon_core.shell:Creating prefix util module '/home/dammr/Desktop/magister_ws/UC_SmartFarmRadar/install/_local_setup_util_ps1.py'
[3.720s] INFO:colcon.colcon_core.shell:Creating prefix chain script '/home/dammr/Desktop/magister_ws/UC_SmartFarmRadar/install/setup.ps1'
[3.730s] INFO:colcon.colcon_core.shell:Creating prefix script '/home/dammr/Desktop/magister_ws/UC_SmartFarmRadar/install/local_setup.sh'
[3.730s] INFO:colcon.colcon_core.shell:Creating prefix util module '/home/dammr/Desktop/magister_ws/UC_SmartFarmRadar/install/_local_setup_util_sh.py'
[3.731s] INFO:colcon.colcon_core.shell:Creating prefix chain script '/home/dammr/Desktop/magister_ws/UC_SmartFarmRadar/install/setup.sh'
[3.740s] INFO:colcon.colcon_core.shell:Creating prefix script '/home/dammr/Desktop/magister_ws/UC_SmartFarmRadar/install/local_setup.bash'
[3.741s] INFO:colcon.colcon_core.shell:Creating prefix chain script '/home/dammr/Desktop/magister_ws/UC_SmartFarmRadar/install/setup.bash'
[3.750s] INFO:colcon.colcon_core.shell:Creating prefix script '/home/dammr/Desktop/magister_ws/UC_SmartFarmRadar/install/local_setup.zsh'
[3.750s] INFO:colcon.colcon_core.shell:Creating prefix chain script '/home/dammr/Desktop/magister_ws/UC_SmartFarmRadar/install/setup.zsh'
