[0.288s] DEBUG:colcon:Command line arguments: ['/usr/bin/colcon', 'build']
[0.289s] DEBUG:colcon:Parsed command line arguments: Namespace(log_base=None, log_level=None, verb_name='build', build_base='build', install_base='install', merge_install=False, symlink_install=False, test_result_base=None, continue_on_error=False, executor='parallel', parallel_workers=12, event_handlers=None, ignore_user_meta=False, metas=['./colcon.meta'], base_paths=['.'], packages_ignore=None, packages_ignore_regex=None, paths=None, packages_up_to=None, packages_up_to_regex=None, packages_above=None, packages_above_and_dependencies=None, packages_above_depth=None, packages_select_by_dep=None, packages_skip_by_dep=None, packages_skip_up_to=None, packages_select_build_failed=False, packages_skip_build_finished=False, packages_select_test_failures=False, packages_skip_test_passed=False, packages_select=None, packages_skip=None, packages_select_regex=None, packages_skip_regex=None, packages_start=None, packages_end=None, allow_overriding=[], cmake_args=None, cmake_target=None, cmake_target_skip_unavailable=False, cmake_clean_cache=False, cmake_clean_first=False, cmake_force_configure=False, ament_cmake_args=None, catkin_cmake_args=None, catkin_skip_building_tests=False, mixin_files=None, mixin=None, verb_parser=<colcon_mixin.mixin.mixin_argument.MixinArgumentDecorator object at 0x75239cd82c50>, verb_extension=<colcon_core.verb.build.BuildVerb object at 0x75239cd82590>, main=<bound method BuildVerb.main of <colcon_core.verb.build.BuildVerb object at 0x75239cd82590>>, mixin_verb=('build',))
[0.626s] Level 1:colcon.colcon_core.package_discovery:discover_packages(colcon_meta) check parameters
[0.626s] Level 1:colcon.colcon_core.package_discovery:discover_packages(recursive) check parameters
[0.627s] Level 1:colcon.colcon_core.package_discovery:discover_packages(ignore) check parameters
[0.627s] Level 1:colcon.colcon_core.package_discovery:discover_packages(path) check parameters
[0.627s] Level 1:colcon.colcon_core.package_discovery:discover_packages(colcon_meta) discover
[0.627s] Level 1:colcon.colcon_core.package_discovery:discover_packages(recursive) discover
[0.627s] INFO:colcon.colcon_core.package_discovery:Crawling recursively for packages in '/home/dammr/Desktop/magister_ws/UC_SmartFarmRadar'
[0.627s] Level 1:colcon.colcon_core.package_identification:_identify(.) by extensions ['ignore', 'ignore_ament_install']
[0.627s] Level 1:colcon.colcon_core.package_identification:_identify(.) by extension 'ignore'
[0.627s] Level 1:colcon.colcon_core.package_identification:_identify(.) by extension 'ignore_ament_install'
[0.627s] Level 1:colcon.colcon_core.package_identification:_identify(.) by extensions ['colcon_pkg']
[0.627s] Level 1:colcon.colcon_core.package_identification:_identify(.) by extension 'colcon_pkg'
[0.627s] Level 1:colcon.colcon_core.package_identification:_identify(.) by extensions ['colcon_meta']
[0.627s] Level 1:colcon.colcon_core.package_identification:_identify(.) by extension 'colcon_meta'
[0.627s] Level 1:colcon.colcon_core.package_identification:_identify(.) by extensions ['ros']
[0.627s] Level 1:colcon.colcon_core.package_identification:_identify(.) by extension 'ros'
[0.645s] Level 1:colcon.colcon_core.package_identification:_identify(.) by extensions ['cmake', 'python']
[0.646s] Level 1:colcon.colcon_core.package_identification:_identify(.) by extension 'cmake'
[0.646s] Level 1:colcon.colcon_core.package_identification:_identify(.) by extension 'python'
[0.646s] Level 1:colcon.colcon_core.package_identification:_identify(.) by extensions ['python_setup_py']
[0.646s] Level 1:colcon.colcon_core.package_identification:_identify(.) by extension 'python_setup_py'
[0.646s] Level 1:colcon.colcon_core.package_identification:_identify(build) by extensions ['ignore', 'ignore_ament_install']
[0.647s] Level 1:colcon.colcon_core.package_identification:_identify(build) by extension 'ignore'
[0.647s] Level 1:colcon.colcon_core.package_identification:_identify(build) ignored
[0.647s] Level 1:colcon.colcon_core.package_identification:_identify(datos) by extensions ['ignore', 'ignore_ament_install']
[0.647s] Level 1:colcon.colcon_core.package_identification:_identify(datos) by extension 'ignore'
[0.647s] Level 1:colcon.colcon_core.package_identification:_identify(datos) by extension 'ignore_ament_install'
[0.647s] Level 1:colcon.colcon_core.package_identification:_identify(datos) by extensions ['colcon_pkg']
[0.647s] Level 1:colcon.colcon_core.package_identification:_identify(datos) by extension 'colcon_pkg'
[0.647s] Level 1:colcon.colcon_core.package_identification:_identify(datos) by extensions ['colcon_meta']
[0.647s] Level 1:colcon.colcon_core.package_identification:_identify(datos) by extension 'colcon_meta'
[0.647s] Level 1:colcon.colcon_core.package_identification:_identify(datos) by extensions ['ros']
[0.647s] Level 1:colcon.colcon_core.package_identification:_identify(datos) by extension 'ros'
[0.647s] Level 1:colcon.colcon_core.package_identification:_identify(datos) by extensions ['cmake', 'python']
[0.648s] Level 1:colcon.colcon_core.package_identification:_identify(datos) by extension 'cmake'
[0.648s] Level 1:colcon.colcon_core.package_identification:_identify(datos) by extension 'python'
[0.648s] Level 1:colcon.colcon_core.package_identification:_identify(datos) by extensions ['python_setup_py']
[0.648s] Level 1:colcon.colcon_core.package_identification:_identify(datos) by extension 'python_setup_py'
[0.648s] Level 1:colcon.colcon_core.package_identification:_identify(datos/arbol) by extensions ['ignore', 'ignore_ament_install']
[0.648s] Level 1:colcon.colcon_core.package_identification:_identify(datos/arbol) by extension 'ignore'
[0.648s] Level 1:colcon.colcon_core.package_identification:_identify(datos/arbol) by extension 'ignore_ament_install'
[0.648s] Level 1:colcon.colcon_core.package_identification:_identify(datos/arbol) by extensions ['colcon_pkg']
[0.648s] Level 1:colcon.colcon_core.package_identification:_identify(datos/arbol) by extension 'colcon_pkg'
[0.648s] Level 1:colcon.colcon_core.package_identification:_identify(datos/arbol) by extensions ['colcon_meta']
[0.648s] Level 1:colcon.colcon_core.package_identification:_identify(datos/arbol) by extension 'colcon_meta'
[0.648s] Level 1:colcon.colcon_core.package_identification:_identify(datos/arbol) by extensions ['ros']
[0.648s] Level 1:colcon.colcon_core.package_identification:_identify(datos/arbol) by extension 'ros'
[0.648s] Level 1:colcon.colcon_core.package_identification:_identify(datos/arbol) by extensions ['cmake', 'python']
[0.648s] Level 1:colcon.colcon_core.package_identification:_identify(datos/arbol) by extension 'cmake'
[0.648s] Level 1:colcon.colcon_core.package_identification:_identify(datos/arbol) by extension 'python'
[0.648s] Level 1:colcon.colcon_core.package_identification:_identify(datos/arbol) by extensions ['python_setup_py']
[0.648s] Level 1:colcon.colcon_core.package_identification:_identify(datos/arbol) by extension 'python_setup_py'
[0.649s] Level 1:colcon.colcon_core.package_identification:_identify(datos/capturas_radar_npy) by extensions ['ignore', 'ignore_ament_install']
[0.649s] Level 1:colcon.colcon_core.package_identification:_identify(datos/capturas_radar_npy) by extension 'ignore'
[0.649s] Level 1:colcon.colcon_core.package_identification:_identify(datos/capturas_radar_npy) by extension 'ignore_ament_install'
[0.649s] Level 1:colcon.colcon_core.package_identification:_identify(datos/capturas_radar_npy) by extensions ['colcon_pkg']
[0.649s] Level 1:colcon.colcon_core.package_identification:_identify(datos/capturas_radar_npy) by extension 'colcon_pkg'
[0.649s] Level 1:colcon.colcon_core.package_identification:_identify(datos/capturas_radar_npy) by extensions ['colcon_meta']
[0.649s] Level 1:colcon.colcon_core.package_identification:_identify(datos/capturas_radar_npy) by extension 'colcon_meta'
[0.649s] Level 1:colcon.colcon_core.package_identification:_identify(datos/capturas_radar_npy) by extensions ['ros']
[0.649s] Level 1:colcon.colcon_core.package_identification:_identify(datos/capturas_radar_npy) by extension 'ros'
[0.649s] Level 1:colcon.colcon_core.package_identification:_identify(datos/capturas_radar_npy) by extensions ['cmake', 'python']
[0.649s] Level 1:colcon.colcon_core.package_identification:_identify(datos/capturas_radar_npy) by extension 'cmake'
[0.649s] Level 1:colcon.colcon_core.package_identification:_identify(datos/capturas_radar_npy) by extension 'python'
[0.649s] Level 1:colcon.colcon_core.package_identification:_identify(datos/capturas_radar_npy) by extensions ['python_setup_py']
[0.649s] Level 1:colcon.colcon_core.package_identification:_identify(datos/capturas_radar_npy) by extension 'python_setup_py'
[0.649s] Level 1:colcon.colcon_core.package_identification:_identify(datos/experimento_radar_ultimo4) by extensions ['ignore', 'ignore_ament_install']
[0.649s] Level 1:colcon.colcon_core.package_identification:_identify(datos/experimento_radar_ultimo4) by extension 'ignore'
[0.649s] Level 1:colcon.colcon_core.package_identification:_identify(datos/experimento_radar_ultimo4) by extension 'ignore_ament_install'
[0.649s] Level 1:colcon.colcon_core.package_identification:_identify(datos/experimento_radar_ultimo4) by extensions ['colcon_pkg']
[0.650s] Level 1:colcon.colcon_core.package_identification:_identify(datos/experimento_radar_ultimo4) by extension 'colcon_pkg'
[0.650s] Level 1:colcon.colcon_core.package_identification:_identify(datos/experimento_radar_ultimo4) by extensions ['colcon_meta']
[0.650s] Level 1:colcon.colcon_core.package_identification:_identify(datos/experimento_radar_ultimo4) by extension 'colcon_meta'
[0.650s] Level 1:colcon.colcon_core.package_identification:_identify(datos/experimento_radar_ultimo4) by extensions ['ros']
[0.650s] Level 1:colcon.colcon_core.package_identification:_identify(datos/experimento_radar_ultimo4) by extension 'ros'
[0.650s] Level 1:colcon.colcon_core.package_identification:_identify(datos/experimento_radar_ultimo4) by extensions ['cmake', 'python']
[0.650s] Level 1:colcon.colcon_core.package_identification:_identify(datos/experimento_radar_ultimo4) by extension 'cmake'
[0.650s] Level 1:colcon.colcon_core.package_identification:_identify(datos/experimento_radar_ultimo4) by extension 'python'
[0.650s] Level 1:colcon.colcon_core.package_identification:_identify(datos/experimento_radar_ultimo4) by extensions ['python_setup_py']
[0.650s] Level 1:colcon.colcon_core.package_identification:_identify(datos/experimento_radar_ultimo4) by extension 'python_setup_py'
[0.650s] Level 1:colcon.colcon_core.package_identification:_identify(datos/experimetos_pao) by extensions ['ignore', 'ignore_ament_install']
[0.650s] Level 1:colcon.colcon_core.package_identification:_identify(datos/experimetos_pao) by extension 'ignore'
[0.650s] Level 1:colcon.colcon_core.package_identification:_identify(datos/experimetos_pao) by extension 'ignore_ament_install'
[0.650s] Level 1:colcon.colcon_core.package_identification:_identify(datos/experimetos_pao) by extensions ['colcon_pkg']
[0.650s] Level 1:colcon.colcon_core.package_identification:_identify(datos/experimetos_pao) by extension 'colcon_pkg'
[0.650s] Level 1:colcon.colcon_core.package_identification:_identify(datos/experimetos_pao) by extensions ['colcon_meta']
[0.650s] Level 1:colcon.colcon_core.package_identification:_identify(datos/experimetos_pao) by extension 'colcon_meta'
[0.650s] Level 1:colcon.colcon_core.package_identification:_identify(datos/experimetos_pao) by extensions ['ros']
[0.650s] Level 1:colcon.colcon_core.package_identification:_identify(datos/experimetos_pao) by extension 'ros'
[0.651s] Level 1:colcon.colcon_core.package_identification:_identify(datos/experimetos_pao) by extensions ['cmake', 'python']
[0.651s] Level 1:colcon.colcon_core.package_identification:_identify(datos/experimetos_pao) by extension 'cmake'
[0.651s] Level 1:colcon.colcon_core.package_identification:_identify(datos/experimetos_pao) by extension 'python'
[0.651s] Level 1:colcon.colcon_core.package_identification:_identify(datos/experimetos_pao) by extensions ['python_setup_py']
[0.651s] Level 1:colcon.colcon_core.package_identification:_identify(datos/experimetos_pao) by extension 'python_setup_py'
[0.651s] Level 1:colcon.colcon_core.package_identification:_identify(datos/experimetos_pao/arbol) by extensions ['ignore', 'ignore_ament_install']
[0.651s] Level 1:colcon.colcon_core.package_identification:_identify(datos/experimetos_pao/arbol) by extension 'ignore'
[0.651s] Level 1:colcon.colcon_core.package_identification:_identify(datos/experimetos_pao/arbol) by extension 'ignore_ament_install'
[0.651s] Level 1:colcon.colcon_core.package_identification:_identify(datos/experimetos_pao/arbol) by extensions ['colcon_pkg']
[0.651s] Level 1:colcon.colcon_core.package_identification:_identify(datos/experimetos_pao/arbol) by extension 'colcon_pkg'
[0.651s] Level 1:colcon.colcon_core.package_identification:_identify(datos/experimetos_pao/arbol) by extensions ['colcon_meta']
[0.651s] Level 1:colcon.colcon_core.package_identification:_identify(datos/experimetos_pao/arbol) by extension 'colcon_meta'
[0.651s] Level 1:colcon.colcon_core.package_identification:_identify(datos/experimetos_pao/arbol) by extensions ['ros']
[0.651s] Level 1:colcon.colcon_core.package_identification:_identify(datos/experimetos_pao/arbol) by extension 'ros'
[0.651s] Level 1:colcon.colcon_core.package_identification:_identify(datos/experimetos_pao/arbol) by extensions ['cmake', 'python']
[0.651s] Level 1:colcon.colcon_core.package_identification:_identify(datos/experimetos_pao/arbol) by extension 'cmake'
[0.651s] Level 1:colcon.colcon_core.package_identification:_identify(datos/experimetos_pao/arbol) by extension 'python'
[0.651s] Level 1:colcon.colcon_core.package_identification:_identify(datos/experimetos_pao/arbol) by extensions ['python_setup_py']
[0.651s] Level 1:colcon.colcon_core.package_identification:_identify(datos/experimetos_pao/arbol) by extension 'python_setup_py'
[0.652s] Level 1:colcon.colcon_core.package_identification:_identify(datos/experimetos_pao/conos) by extensions ['ignore', 'ignore_ament_install']
[0.652s] Level 1:colcon.colcon_core.package_identification:_identify(datos/experimetos_pao/conos) by extension 'ignore'
[0.652s] Level 1:colcon.colcon_core.package_identification:_identify(datos/experimetos_pao/conos) by extension 'ignore_ament_install'
[0.652s] Level 1:colcon.colcon_core.package_identification:_identify(datos/experimetos_pao/conos) by extensions ['colcon_pkg']
[0.652s] Level 1:colcon.colcon_core.package_identification:_identify(datos/experimetos_pao/conos) by extension 'colcon_pkg'
[0.652s] Level 1:colcon.colcon_core.package_identification:_identify(datos/experimetos_pao/conos) by extensions ['colcon_meta']
[0.652s] Level 1:colcon.colcon_core.package_identification:_identify(datos/experimetos_pao/conos) by extension 'colcon_meta'
[0.652s] Level 1:colcon.colcon_core.package_identification:_identify(datos/experimetos_pao/conos) by extensions ['ros']
[0.652s] Level 1:colcon.colcon_core.package_identification:_identify(datos/experimetos_pao/conos) by extension 'ros'
[0.652s] Level 1:colcon.colcon_core.package_identification:_identify(datos/experimetos_pao/conos) by extensions ['cmake', 'python']
[0.652s] Level 1:colcon.colcon_core.package_identification:_identify(datos/experimetos_pao/conos) by extension 'cmake'
[0.652s] Level 1:colcon.colcon_core.package_identification:_identify(datos/experimetos_pao/conos) by extension 'python'
[0.652s] Level 1:colcon.colcon_core.package_identification:_identify(datos/experimetos_pao/conos) by extensions ['python_setup_py']
[0.652s] Level 1:colcon.colcon_core.package_identification:_identify(datos/experimetos_pao/conos) by extension 'python_setup_py'
[0.652s] Level 1:colcon.colcon_core.package_identification:_identify(datos/medicion_fondo_centro) by extensions ['ignore', 'ignore_ament_install']
[0.652s] Level 1:colcon.colcon_core.package_identification:_identify(datos/medicion_fondo_centro) by extension 'ignore'
[0.652s] Level 1:colcon.colcon_core.package_identification:_identify(datos/medicion_fondo_centro) by extension 'ignore_ament_install'
[0.653s] Level 1:colcon.colcon_core.package_identification:_identify(datos/medicion_fondo_centro) by extensions ['colcon_pkg']
[0.653s] Level 1:colcon.colcon_core.package_identification:_identify(datos/medicion_fondo_centro) by extension 'colcon_pkg'
[0.653s] Level 1:colcon.colcon_core.package_identification:_identify(datos/medicion_fondo_centro) by extensions ['colcon_meta']
[0.653s] Level 1:colcon.colcon_core.package_identification:_identify(datos/medicion_fondo_centro) by extension 'colcon_meta'
[0.653s] Level 1:colcon.colcon_core.package_identification:_identify(datos/medicion_fondo_centro) by extensions ['ros']
[0.653s] Level 1:colcon.colcon_core.package_identification:_identify(datos/medicion_fondo_centro) by extension 'ros'
[0.653s] Level 1:colcon.colcon_core.package_identification:_identify(datos/medicion_fondo_centro) by extensions ['cmake', 'python']
[0.653s] Level 1:colcon.colcon_core.package_identification:_identify(datos/medicion_fondo_centro) by extension 'cmake'
[0.653s] Level 1:colcon.colcon_core.package_identification:_identify(datos/medicion_fondo_centro) by extension 'python'
[0.653s] Level 1:colcon.colcon_core.package_identification:_identify(datos/medicion_fondo_centro) by extensions ['python_setup_py']
[0.653s] Level 1:colcon.colcon_core.package_identification:_identify(datos/medicion_fondo_centro) by extension 'python_setup_py'
[0.653s] Level 1:colcon.colcon_core.package_identification:_identify(datos/medicion_fondo_centro2) by extensions ['ignore', 'ignore_ament_install']
[0.653s] Level 1:colcon.colcon_core.package_identification:_identify(datos/medicion_fondo_centro2) by extension 'ignore'
[0.653s] Level 1:colcon.colcon_core.package_identification:_identify(datos/medicion_fondo_centro2) by extension 'ignore_ament_install'
[0.653s] Level 1:colcon.colcon_core.package_identification:_identify(datos/medicion_fondo_centro2) by extensions ['colcon_pkg']
[0.653s] Level 1:colcon.colcon_core.package_identification:_identify(datos/medicion_fondo_centro2) by extension 'colcon_pkg'
[0.653s] Level 1:colcon.colcon_core.package_identification:_identify(datos/medicion_fondo_centro2) by extensions ['colcon_meta']
[0.653s] Level 1:colcon.colcon_core.package_identification:_identify(datos/medicion_fondo_centro2) by extension 'colcon_meta'
[0.653s] Level 1:colcon.colcon_core.package_identification:_identify(datos/medicion_fondo_centro2) by extensions ['ros']
[0.653s] Level 1:colcon.colcon_core.package_identification:_identify(datos/medicion_fondo_centro2) by extension 'ros'
[0.654s] Level 1:colcon.colcon_core.package_identification:_identify(datos/medicion_fondo_centro2) by extensions ['cmake', 'python']
[0.654s] Level 1:colcon.colcon_core.package_identification:_identify(datos/medicion_fondo_centro2) by extension 'cmake'
[0.654s] Level 1:colcon.colcon_core.package_identification:_identify(datos/medicion_fondo_centro2) by extension 'python'
[0.654s] Level 1:colcon.colcon_core.package_identification:_identify(datos/medicion_fondo_centro2) by extensions ['python_setup_py']
[0.654s] Level 1:colcon.colcon_core.package_identification:_identify(datos/medicion_fondo_centro2) by extension 'python_setup_py'
[0.654s] Level 1:colcon.colcon_core.package_identification:_identify(datos/medicion_fondo_cielo2) by extensions ['ignore', 'ignore_ament_install']
[0.654s] Level 1:colcon.colcon_core.package_identification:_identify(datos/medicion_fondo_cielo2) by extension 'ignore'
[0.654s] Level 1:colcon.colcon_core.package_identification:_identify(datos/medicion_fondo_cielo2) by extension 'ignore_ament_install'
[0.654s] Level 1:colcon.colcon_core.package_identification:_identify(datos/medicion_fondo_cielo2) by extensions ['colcon_pkg']
[0.654s] Level 1:colcon.colcon_core.package_identification:_identify(datos/medicion_fondo_cielo2) by extension 'colcon_pkg'
[0.654s] Level 1:colcon.colcon_core.package_identification:_identify(datos/medicion_fondo_cielo2) by extensions ['colcon_meta']
[0.654s] Level 1:colcon.colcon_core.package_identification:_identify(datos/medicion_fondo_cielo2) by extension 'colcon_meta'
[0.654s] Level 1:colcon.colcon_core.package_identification:_identify(datos/medicion_fondo_cielo2) by extensions ['ros']
[0.654s] Level 1:colcon.colcon_core.package_identification:_identify(datos/medicion_fondo_cielo2) by extension 'ros'
[0.654s] Level 1:colcon.colcon_core.package_identification:_identify(datos/medicion_fondo_cielo2) by extensions ['cmake', 'python']
[0.654s] Level 1:colcon.colcon_core.package_identification:_identify(datos/medicion_fondo_cielo2) by extension 'cmake'
[0.654s] Level 1:colcon.colcon_core.package_identification:_identify(datos/medicion_fondo_cielo2) by extension 'python'
[0.654s] Level 1:colcon.colcon_core.package_identification:_identify(datos/medicion_fondo_cielo2) by extensions ['python_setup_py']
[0.654s] Level 1:colcon.colcon_core.package_identification:_identify(datos/medicion_fondo_cielo2) by extension 'python_setup_py'
[0.655s] Level 1:colcon.colcon_core.package_identification:_identify(install) by extensions ['ignore', 'ignore_ament_install']
[0.655s] Level 1:colcon.colcon_core.package_identification:_identify(install) by extension 'ignore'
[0.655s] Level 1:colcon.colcon_core.package_identification:_identify(install) ignored
[0.655s] Level 1:colcon.colcon_core.package_identification:_identify(log) by extensions ['ignore', 'ignore_ament_install']
[0.655s] Level 1:colcon.colcon_core.package_identification:_identify(log) by extension 'ignore'
[0.655s] Level 1:colcon.colcon_core.package_identification:_identify(log) ignored
[0.655s] Level 1:colcon.colcon_core.package_identification:_identify(ptu_driver) by extensions ['ignore', 'ignore_ament_install']
[0.655s] Level 1:colcon.colcon_core.package_identification:_identify(ptu_driver) by extension 'ignore'
[0.655s] Level 1:colcon.colcon_core.package_identification:_identify(ptu_driver) by extension 'ignore_ament_install'
[0.655s] Level 1:colcon.colcon_core.package_identification:_identify(ptu_driver) by extensions ['colcon_pkg']
[0.655s] Level 1:colcon.colcon_core.package_identification:_identify(ptu_driver) by extension 'colcon_pkg'
[0.655s] Level 1:colcon.colcon_core.package_identification:_identify(ptu_driver) by extensions ['colcon_meta']
[0.655s] Level 1:colcon.colcon_core.package_identification:_identify(ptu_driver) by extension 'colcon_meta'
[0.655s] Level 1:colcon.colcon_core.package_identification:_identify(ptu_driver) by extensions ['ros']
[0.655s] Level 1:colcon.colcon_core.package_identification:_identify(ptu_driver) by extension 'ros'
[0.659s] DEBUG:colcon.colcon_core.package_identification:Package 'ptu_driver' with type 'ros.ament_cmake' and name 'ptu_driver'
[0.660s] Level 1:colcon.colcon_core.package_identification:_identify(ptu_package) by extensions ['ignore', 'ignore_ament_install']
[0.660s] Level 1:colcon.colcon_core.package_identification:_identify(ptu_package) by extension 'ignore'
[0.660s] Level 1:colcon.colcon_core.package_identification:_identify(ptu_package) by extension 'ignore_ament_install'
[0.660s] Level 1:colcon.colcon_core.package_identification:_identify(ptu_package) by extensions ['colcon_pkg']
[0.660s] Level 1:colcon.colcon_core.package_identification:_identify(ptu_package) by extension 'colcon_pkg'
[0.660s] Level 1:colcon.colcon_core.package_identification:_identify(ptu_package) by extensions ['colcon_meta']
[0.660s] Level 1:colcon.colcon_core.package_identification:_identify(ptu_package) by extension 'colcon_meta'
[0.660s] Level 1:colcon.colcon_core.package_identification:_identify(ptu_package) by extensions ['ros']
[0.660s] Level 1:colcon.colcon_core.package_identification:_identify(ptu_package) by extension 'ros'
[0.661s] DEBUG:colcon.colcon_core.package_identification:Package 'ptu_package' with type 'ros.ament_python' and name 'ptu_package'
[0.661s] Level 1:colcon.colcon_core.package_identification:_identify(radar_msg) by extensions ['ignore', 'ignore_ament_install']
[0.661s] Level 1:colcon.colcon_core.package_identification:_identify(radar_msg) by extension 'ignore'
[0.661s] Level 1:colcon.colcon_core.package_identification:_identify(radar_msg) by extension 'ignore_ament_install'
[0.661s] Level 1:colcon.colcon_core.package_identification:_identify(radar_msg) by extensions ['colcon_pkg']
[0.661s] Level 1:colcon.colcon_core.package_identification:_identify(radar_msg) by extension 'colcon_pkg'
[0.661s] Level 1:colcon.colcon_core.package_identification:_identify(radar_msg) by extensions ['colcon_meta']
[0.661s] Level 1:colcon.colcon_core.package_identification:_identify(radar_msg) by extension 'colcon_meta'
[0.661s] Level 1:colcon.colcon_core.package_identification:_identify(radar_msg) by extensions ['ros']
[0.661s] Level 1:colcon.colcon_core.package_identification:_identify(radar_msg) by extension 'ros'
[0.663s] DEBUG:colcon.colcon_core.package_identification:Package 'radar_msg' with type 'ros.ament_cmake' and name 'radar_msg'
[0.663s] Level 1:colcon.colcon_core.package_identification:_identify(radar_package) by extensions ['ignore', 'ignore_ament_install']
[0.663s] Level 1:colcon.colcon_core.package_identification:_identify(radar_package) by extension 'ignore'
[0.663s] Level 1:colcon.colcon_core.package_identification:_identify(radar_package) by extension 'ignore_ament_install'
[0.663s] Level 1:colcon.colcon_core.package_identification:_identify(radar_package) by extensions ['colcon_pkg']
[0.663s] Level 1:colcon.colcon_core.package_identification:_identify(radar_package) by extension 'colcon_pkg'
[0.663s] Level 1:colcon.colcon_core.package_identification:_identify(radar_package) by extensions ['colcon_meta']
[0.663s] Level 1:colcon.colcon_core.package_identification:_identify(radar_package) by extension 'colcon_meta'
[0.663s] Level 1:colcon.colcon_core.package_identification:_identify(radar_package) by extensions ['ros']
[0.663s] Level 1:colcon.colcon_core.package_identification:_identify(radar_package) by extension 'ros'
[0.664s] DEBUG:colcon.colcon_core.package_identification:Package 'radar_package' with type 'ros.ament_python' and name 'radar_package'
[0.664s] Level 1:colcon.colcon_core.package_identification:_identify(review_case) by extensions ['ignore', 'ignore_ament_install']
[0.664s] Level 1:colcon.colcon_core.package_identification:_identify(review_case) by extension 'ignore'
[0.664s] Level 1:colcon.colcon_core.package_identification:_identify(review_case) by extension 'ignore_ament_install'
[0.664s] Level 1:colcon.colcon_core.package_identification:_identify(review_case) by extensions ['colcon_pkg']
[0.664s] Level 1:colcon.colcon_core.package_identification:_identify(review_case) by extension 'colcon_pkg'
[0.664s] Level 1:colcon.colcon_core.package_identification:_identify(review_case) by extensions ['colcon_meta']
[0.665s] Level 1:colcon.colcon_core.package_identification:_identify(review_case) by extension 'colcon_meta'
[0.665s] Level 1:colcon.colcon_core.package_identification:_identify(review_case) by extensions ['ros']
[0.665s] Level 1:colcon.colcon_core.package_identification:_identify(review_case) by extension 'ros'
[0.665s] Level 1:colcon.colcon_core.package_identification:_identify(review_case) by extensions ['cmake', 'python']
[0.665s] Level 1:colcon.colcon_core.package_identification:_identify(review_case) by extension 'cmake'
[0.665s] Level 1:colcon.colcon_core.package_identification:_identify(review_case) by extension 'python'
[0.665s] Level 1:colcon.colcon_core.package_identification:_identify(review_case) by extensions ['python_setup_py']
[0.665s] Level 1:colcon.colcon_core.package_identification:_identify(review_case) by extension 'python_setup_py'
[0.665s] Level 1:colcon.colcon_core.package_identification:_identify(robot_description) by extensions ['ignore', 'ignore_ament_install']
[0.665s] Level 1:colcon.colcon_core.package_identification:_identify(robot_description) by extension 'ignore'
[0.665s] Level 1:colcon.colcon_core.package_identification:_identify(robot_description) by extension 'ignore_ament_install'
[0.665s] Level 1:colcon.colcon_core.package_identification:_identify(robot_description) by extensions ['colcon_pkg']
[0.665s] Level 1:colcon.colcon_core.package_identification:_identify(robot_description) by extension 'colcon_pkg'
[0.665s] Level 1:colcon.colcon_core.package_identification:_identify(robot_description) by extensions ['colcon_meta']
[0.665s] Level 1:colcon.colcon_core.package_identification:_identify(robot_description) by extension 'colcon_meta'
[0.665s] Level 1:colcon.colcon_core.package_identification:_identify(robot_description) by extensions ['ros']
[0.665s] Level 1:colcon.colcon_core.package_identification:_identify(robot_description) by extension 'ros'
[0.666s] DEBUG:colcon.colcon_core.package_identification:Package 'robot_description' with type 'ros.ament_cmake' and name 'robot_description'
[0.666s] Level 1:colcon.colcon_core.package_identification:_identify(state_machine) by extensions ['ignore', 'ignore_ament_install']
[0.666s] Level 1:colcon.colcon_core.package_identification:_identify(state_machine) by extension 'ignore'
[0.666s] Level 1:colcon.colcon_core.package_identification:_identify(state_machine) by extension 'ignore_ament_install'
[0.667s] Level 1:colcon.colcon_core.package_identification:_identify(state_machine) by extensions ['colcon_pkg']
[0.667s] Level 1:colcon.colcon_core.package_identification:_identify(state_machine) by extension 'colcon_pkg'
[0.667s] Level 1:colcon.colcon_core.package_identification:_identify(state_machine) by extensions ['colcon_meta']
[0.667s] Level 1:colcon.colcon_core.package_identification:_identify(state_machine) by extension 'colcon_meta'
[0.667s] Level 1:colcon.colcon_core.package_identification:_identify(state_machine) by extensions ['ros']
[0.667s] Level 1:colcon.colcon_core.package_identification:_identify(state_machine) by extension 'ros'
[0.668s] DEBUG:colcon.colcon_core.package_identification:Package 'state_machine' with type 'ros.ament_python' and name 'state_machine'
[0.668s] Level 1:colcon.colcon_core.package_discovery:discover_packages(recursive) using defaults
[0.668s] Level 1:colcon.colcon_core.package_discovery:discover_packages(ignore) discover
[0.668s] Level 1:colcon.colcon_core.package_discovery:discover_packages(ignore) using defaults
[0.668s] Level 1:colcon.colcon_core.package_discovery:discover_packages(path) discover
[0.668s] Level 1:colcon.colcon_core.package_discovery:discover_packages(path) using defaults
[0.721s] Level 1:colcon.colcon_core.package_discovery:discover_packages(prefix_path) check parameters
[0.721s] Level 1:colcon.colcon_core.package_discovery:discover_packages(prefix_path) discover
[0.747s] DEBUG:colcon.colcon_installed_package_information.package_discovery:Found 346 installed packages in /home/dammr/ros2_humble/install
[0.750s] DEBUG:colcon.colcon_installed_package_information.package_discovery:Found 128 installed packages in /opt/ros/humble
[0.755s] Level 1:colcon.colcon_core.package_discovery:discover_packages(prefix_path) using defaults
[1.061s] Level 5:colcon.colcon_core.verb:set package 'ptu_driver' build argument 'cmake_args' from command line to 'None'
[1.061s] Level 5:colcon.colcon_core.verb:set package 'ptu_driver' build argument 'cmake_target' from command line to 'None'
[1.061s] Level 5:colcon.colcon_core.verb:set package 'ptu_driver' build argument 'cmake_target_skip_unavailable' from command line to 'False'
[1.061s] Level 5:colcon.colcon_core.verb:set package 'ptu_driver' build argument 'cmake_clean_cache' from command line to 'False'
[1.061s] Level 5:colcon.colcon_core.verb:set package 'ptu_driver' build argument 'cmake_clean_first' from command line to 'False'
[1.061s] Level 5:colcon.colcon_core.verb:set package 'ptu_driver' build argument 'cmake_force_configure' from command line to 'False'
[1.061s] Level 5:colcon.colcon_core.verb:set package 'ptu_driver' build argument 'ament_cmake_args' from command line to 'None'
[1.061s] Level 5:colcon.colcon_core.verb:set package 'ptu_driver' build argument 'catkin_cmake_args' from command line to 'None'
[1.061s] Level 5:colcon.colcon_core.verb:set package 'ptu_driver' build argument 'catkin_skip_building_tests' from command line to 'False'
[1.061s] DEBUG:colcon.colcon_core.verb:Building package 'ptu_driver' with the following arguments: {'ament_cmake_args': None, 'build_base': '/home/dammr/Desktop/magister_ws/UC_SmartFarmRadar/build/ptu_driver', 'catkin_cmake_args': None, 'catkin_skip_building_tests': False, 'cmake_args': None, 'cmake_clean_cache': False, 'cmake_clean_first': False, 'cmake_force_configure': False, 'cmake_target': None, 'cmake_target_skip_unavailable': False, 'install_base': '/home/dammr/Desktop/magister_ws/UC_SmartFarmRadar/install/ptu_driver', 'merge_install': False, 'path': '/home/dammr/Desktop/magister_ws/UC_SmartFarmRadar/ptu_driver', 'symlink_install': False, 'test_result_base': None}
[1.062s] Level 5:colcon.colcon_core.verb:set package 'radar_msg' build argument 'cmake_args' from command line to 'None'
[1.062s] Level 5:colcon.colcon_core.verb:set package 'radar_msg' build argument 'cmake_target' from command line to 'None'
[1.062s] Level 5:colcon.colcon_core.verb:set package 'radar_msg' build argument 'cmake_target_skip_unavailable' from command line to 'False'
[1.062s] Level 5:colcon.colcon_core.verb:set package 'radar_msg' build argument 'cmake_clean_cache' from command line to 'False'
[1.062s] Level 5:colcon.colcon_core.verb:set package 'radar_msg' build argument 'cmake_clean_first' from command line to 'False'
[1.062s] Level 5:colcon.colcon_core.verb:set package 'radar_msg' build argument 'cmake_force_configure' from command line to 'False'
[1.062s] Level 5:colcon.colcon_core.verb:set package 'radar_msg' build argument 'ament_cmake_args' from command line to 'None'
[1.062s] Level 5:colcon.colcon_core.verb:set package 'radar_msg' build argument 'catkin_cmake_args' from command line to 'None'
[1.062s] Level 5:colcon.colcon_core.verb:set package 'radar_msg' build argument 'catkin_skip_building_tests' from command line to 'False'
[1.062s] DEBUG:colcon.colcon_core.verb:Building package 'radar_msg' with the following arguments: {'ament_cmake_args': None, 'build_base': '/home/dammr/Desktop/magister_ws/UC_SmartFarmRadar/build/radar_msg', 'catkin_cmake_args': None, 'catkin_skip_building_tests': False, 'cmake_args': None, 'cmake_clean_cache': False, 'cmake_clean_first': False, 'cmake_force_configure': False, 'cmake_target': None, 'cmake_target_skip_unavailable': False, 'install_base': '/home/dammr/Desktop/magister_ws/UC_SmartFarmRadar/install/radar_msg', 'merge_install': False, 'path': '/home/dammr/Desktop/magister_ws/UC_SmartFarmRadar/radar_msg', 'symlink_install': False, 'test_result_base': None}
[1.062s] Level 5:colcon.colcon_core.verb:set package 'robot_description' build argument 'cmake_args' from command line to 'None'
[1.062s] Level 5:colcon.colcon_core.verb:set package 'robot_description' build argument 'cmake_target' from command line to 'None'
[1.062s] Level 5:colcon.colcon_core.verb:set package 'robot_description' build argument 'cmake_target_skip_unavailable' from command line to 'False'
[1.062s] Level 5:colcon.colcon_core.verb:set package 'robot_description' build argument 'cmake_clean_cache' from command line to 'False'
[1.062s] Level 5:colcon.colcon_core.verb:set package 'robot_description' build argument 'cmake_clean_first' from command line to 'False'
[1.063s] Level 5:colcon.colcon_core.verb:set package 'robot_description' build argument 'cmake_force_configure' from command line to 'False'
[1.063s] Level 5:colcon.colcon_core.verb:set package 'robot_description' build argument 'ament_cmake_args' from command line to 'None'
[1.063s] Level 5:colcon.colcon_core.verb:set package 'robot_description' build argument 'catkin_cmake_args' from command line to 'None'
[1.063s] Level 5:colcon.colcon_core.verb:set package 'robot_description' build argument 'catkin_skip_building_tests' from command line to 'False'
[1.063s] DEBUG:colcon.colcon_core.verb:Building package 'robot_description' with the following arguments: {'ament_cmake_args': None, 'build_base': '/home/dammr/Desktop/magister_ws/UC_SmartFarmRadar/build/robot_description', 'catkin_cmake_args': None, 'catkin_skip_building_tests': False, 'cmake_args': None, 'cmake_clean_cache': False, 'cmake_clean_first': False, 'cmake_force_configure': False, 'cmake_target': None, 'cmake_target_skip_unavailable': False, 'install_base': '/home/dammr/Desktop/magister_ws/UC_SmartFarmRadar/install/robot_description', 'merge_install': False, 'path': '/home/dammr/Desktop/magister_ws/UC_SmartFarmRadar/robot_description', 'symlink_install': False, 'test_result_base': None}
[1.063s] Level 5:colcon.colcon_core.verb:set package 'ptu_package' build argument 'cmake_args' from command line to 'None'
[1.064s] Level 5:colcon.colcon_core.verb:set package 'ptu_package' build argument 'cmake_target' from command line to 'None'
[1.064s] Level 5:colcon.colcon_core.verb:set package 'ptu_package' build argument 'cmake_target_skip_unavailable' from command line to 'False'
[1.064s] Level 5:colcon.colcon_core.verb:set package 'ptu_package' build argument 'cmake_clean_cache' from command line to 'False'
[1.064s] Level 5:colcon.colcon_core.verb:set package 'ptu_package' build argument 'cmake_clean_first' from command line to 'False'
[1.064s] Level 5:colcon.colcon_core.verb:set package 'ptu_package' build argument 'cmake_force_configure' from command line to 'False'
[1.064s] Level 5:colcon.colcon_core.verb:set package 'ptu_package' build argument 'ament_cmake_args' from command line to 'None'
[1.064s] Level 5:colcon.colcon_core.verb:set package 'ptu_package' build argument 'catkin_cmake_args' from command line to 'None'
[1.064s] Level 5:colcon.colcon_core.verb:set package 'ptu_package' build argument 'catkin_skip_building_tests' from command line to 'False'
[1.064s] DEBUG:colcon.colcon_core.verb:Building package 'ptu_package' with the following arguments: {'ament_cmake_args': None, 'build_base': '/home/dammr/Desktop/magister_ws/UC_SmartFarmRadar/build/ptu_package', 'catkin_cmake_args': None, 'catkin_skip_building_tests': False, 'cmake_args': None, 'cmake_clean_cache': False, 'cmake_clean_first': False, 'cmake_force_configure': False, 'cmake_target': None, 'cmake_target_skip_unavailable': False, 'install_base': '/home/dammr/Desktop/magister_ws/UC_SmartFarmRadar/install/ptu_package', 'merge_install': False, 'path': '/home/dammr/Desktop/magister_ws/UC_SmartFarmRadar/ptu_package', 'symlink_install': False, 'test_result_base': None}
[1.064s] Level 5:colcon.colcon_core.verb:set package 'radar_package' build argument 'cmake_args' from command line to 'None'
[1.064s] Level 5:colcon.colcon_core.verb:set package 'radar_package' build argument 'cmake_target' from command line to 'None'
[1.064s] Level 5:colcon.colcon_core.verb:set package 'radar_package' build argument 'cmake_target_skip_unavailable' from command line to 'False'
[1.064s] Level 5:colcon.colcon_core.verb:set package 'radar_package' build argument 'cmake_clean_cache' from command line to 'False'
[1.064s] Level 5:colcon.colcon_core.verb:set package 'radar_package' build argument 'cmake_clean_first' from command line to 'False'
[1.064s] Level 5:colcon.colcon_core.verb:set package 'radar_package' build argument 'cmake_force_configure' from command line to 'False'
[1.064s] Level 5:colcon.colcon_core.verb:set package 'radar_package' build argument 'ament_cmake_args' from command line to 'None'
[1.064s] Level 5:colcon.colcon_core.verb:set package 'radar_package' build argument 'catkin_cmake_args' from command line to 'None'
[1.064s] Level 5:colcon.colcon_core.verb:set package 'radar_package' build argument 'catkin_skip_building_tests' from command line to 'False'
[1.064s] DEBUG:colcon.colcon_core.verb:Building package 'radar_package' with the following arguments: {'ament_cmake_args': None, 'build_base': '/home/dammr/Desktop/magister_ws/UC_SmartFarmRadar/build/radar_package', 'catkin_cmake_args': None, 'catkin_skip_building_tests': False, 'cmake_args': None, 'cmake_clean_cache': False, 'cmake_clean_first': False, 'cmake_force_configure': False, 'cmake_target': None, 'cmake_target_skip_unavailable': False, 'install_base': '/home/dammr/Desktop/magister_ws/UC_SmartFarmRadar/install/radar_package', 'merge_install': False, 'path': '/home/dammr/Desktop/magister_ws/UC_SmartFarmRadar/radar_package', 'symlink_install': False, 'test_result_base': None}
[1.065s] Level 5:colcon.colcon_core.verb:set package 'state_machine' build argument 'cmake_args' from command line to 'None'
[1.065s] Level 5:colcon.colcon_core.verb:set package 'state_machine' build argument 'cmake_target' from command line to 'None'
[1.065s] Level 5:colcon.colcon_core.verb:set package 'state_machine' build argument 'cmake_target_skip_unavailable' from command line to 'False'
[1.065s] Level 5:colcon.colcon_core.verb:set package 'state_machine' build argument 'cmake_clean_cache' from command line to 'False'
[1.065s] Level 5:colcon.colcon_core.verb:set package 'state_machine' build argument 'cmake_clean_first' from command line to 'False'
[1.065s] Level 5:colcon.colcon_core.verb:set package 'state_machine' build argument 'cmake_force_configure' from command line to 'False'
[1.065s] Level 5:colcon.colcon_core.verb:set package 'state_machine' build argument 'ament_cmake_args' from command line to 'None'
[1.065s] Level 5:colcon.colcon_core.verb:set package 'state_machine' build argument 'catkin_cmake_args' from command line to 'None'
[1.065s] Level 5:colcon.colcon_core.verb:set package 'state_machine' build argument 'catkin_skip_building_tests' from command line to 'False'
[1.065s] DEBUG:colcon.colcon_core.verb:Building package 'state_machine' with the following arguments: {'ament_cmake_args': None, 'build_base': '/home/dammr/Desktop/magister_ws/UC_SmartFarmRadar/build/state_machine', 'catkin_cmake_args': None, 'catkin_skip_building_tests': False, 'cmake_args': None, 'cmake_clean_cache': False, 'cmake_clean_first': False, 'cmake_force_configure': False, 'cmake_target': None, 'cmake_target_skip_unavailable': False, 'install_base': '/home/dammr/Desktop/magister_ws/UC_SmartFarmRadar/install/state_machine', 'merge_install': False, 'path': '/home/dammr/Desktop/magister_ws/UC_SmartFarmRadar/state_machine', 'symlink_install': False, 'test_result_base': None}
[1.065s] INFO:colcon.colcon_core.executor:Executing jobs using 'parallel' executor
[1.066s] DEBUG:colcon.colcon_parallel_executor.executor.parallel:run_until_complete
[1.067s] INFO:colcon.colcon_ros.task.ament_cmake.build:Building ROS package in '/home/dammr/Desktop/magister_ws/UC_SmartFarmRadar/radar_msg' with build type 'ament_cmake'
[1.067s] INFO:colcon.colcon_cmake.task.cmake.build:Building CMake package in '/home/dammr/Desktop/magister_ws/UC_SmartFarmRadar/radar_msg'
[1.075s] INFO:colcon.colcon_core.plugin_system:Skipping extension 'colcon_core.shell.bat': Not used on non-Windows systems
[1.075s] INFO:colcon.colcon_core.shell:Skip shell extension 'powershell' for command environment: Not usable outside of PowerShell
[1.075s] DEBUG:colcon.colcon_core.shell:Skip shell extension 'dsv' for command environment
[1.101s] INFO:colcon.colcon_ros.task.ament_cmake.build:Building ROS package in '/home/dammr/Desktop/magister_ws/UC_SmartFarmRadar/ptu_driver' with build type 'ament_cmake'
[1.101s] INFO:colcon.colcon_cmake.task.cmake.build:Building CMake package in '/home/dammr/Desktop/magister_ws/UC_SmartFarmRadar/ptu_driver'
[1.101s] INFO:colcon.colcon_core.shell:Skip shell extension 'powershell' for command environment: Not usable outside of PowerShell
[1.101s] DEBUG:colcon.colcon_core.shell:Skip shell extension 'dsv' for command environment
[1.126s] INFO:colcon.colcon_ros.task.ament_cmake.build:Building ROS package in '/home/dammr/Desktop/magister_ws/UC_SmartFarmRadar/robot_description' with build type 'ament_cmake'
[1.126s] INFO:colcon.colcon_cmake.task.cmake.build:Building CMake package in '/home/dammr/Desktop/magister_ws/UC_SmartFarmRadar/robot_description'
[1.127s] INFO:colcon.colcon_core.shell:Skip shell extension 'powershell' for command environment: Not usable outside of PowerShell
[1.127s] DEBUG:colcon.colcon_core.shell:Skip shell extension 'dsv' for command environment
[1.157s] DEBUG:colcon.colcon_core.event_handler.log_command:Invoking command in '/home/dammr/Desktop/magister_ws/UC_SmartFarmRadar/build/radar_msg': CMAKE_PREFIX_PATH=${CMAKE_PREFIX_PATH}:/opt/ros/humble:/home/dammr/ros2_humble/install/rqt_bag_plugins:/home/dammr/ros2_humble/install/rqt_bag:/home/dammr/ros2_humble/install/launch_testing_examples:/home/dammr/ros2_humble/install/ros2bag:/home/dammr/ros2_humble/install/tracetools_test:/home/dammr/ros2_humble/install/tracetools_launch:/home/dammr/ros2_humble/install/topic_monitor:/home/dammr/ros2_humble/install/tf2_tools:/home/dammr/ros2_humble/install/examples_tf2_py:/home/dammr/ros2_humble/install/tf2_ros_py:/home/dammr/ros2_humble/install/sros2:/home/dammr/ros2_humble/install/rqt_topic:/home/dammr/ros2_humble/install/rqt_srv:/home/dammr/ros2_humble/install/rqt_shell:/home/dammr/ros2_humble/install/rqt_service_caller:/home/dammr/ros2_humble/install/rqt_reconfigure:/home/dammr/ros2_humble/install/rqt_py_console:/home/dammr/ros2_humble/install/rqt_publisher:/home/dammr/ros2_humble/install/rqt_plot:/home/dammr/ros2_humble/install/rqt_action:/home/dammr/ros2_humble/install/rqt_msg:/home/dammr/ros2_humble/install/rqt_console:/home/dammr/ros2_humble/install/rqt:/home/dammr/ros2_humble/install/rqt_graph:/home/dammr/ros2_humble/install/rqt_gui_py:/home/dammr/ros2_humble/install/rqt_gui:/home/dammr/ros2_humble/install/ros2trace:/home/dammr/ros2_humble/install/ros2topic:/home/dammr/ros2_humble/install/ros2test:/home/dammr/ros2_humble/install/ros2component:/home/dammr/ros2_humble/install/ros2param:/home/dammr/ros2_humble/install/ros2lifecycle:/home/dammr/ros2_humble/install/ros2service:/home/dammr/ros2_humble/install/ros2run:/home/dammr/ros2_humble/install/ros2launch:/home/dammr/ros2_humble/install/ros2pkg:/home/dammr/ros2_humble/install/ros2node:/home/dammr/ros2_humble/install/ros2multicast:/home/dammr/ros2_humble/install/ros2interface:/home/dammr/ros2_humble/install/ros2doctor:/home/dammr/ros2_humble/install/ros2action:/home/dammr/ros2_humble/install/ros2cli:/home/dammr/ros2_humble/install/quality_of_service_demo_py:/home/dammr/ros2_humble/install/lifecycle_py:/home/dammr/ros2_humble/install/launch_testing_ros:/home/dammr/ros2_humble/install/launch_ros:/home/dammr/ros2_humble/install/examples_rclpy_pointcloud_publisher:/home/dammr/ros2_humble/install/examples_rclpy_minimal_subscriber:/home/dammr/ros2_humble/install/examples_rclpy_minimal_service:/home/dammr/ros2_humble/install/examples_rclpy_minimal_publisher:/home/dammr/ros2_humble/install/examples_rclpy_minimal_client:/home/dammr/ros2_humble/install/examples_rclpy_minimal_action_server:/home/dammr/ros2_humble/install/examples_rclpy_minimal_action_client:/home/dammr/ros2_humble/install/examples_rclpy_guard_conditions:/home/dammr/ros2_humble/install/examples_rclpy_executors:/home/dammr/ros2_humble/install/demo_nodes_py:/home/dammr/ros2_humble/install/camera_info_manager_py:/home/dammr/ros2_humble/install/action_tutorials_py:/home/dammr/ros2_humble/install/ament_uncrustify:/home/dammr/ros2_humble/install/tracetools_trace:/home/dammr/ros2_humble/install/tracetools_read:/home/dammr/ros2_humble/install/test_tracetools_launch:/home/dammr/ros2_humble/install/test_launch_ros:/home/dammr/ros2_humble/install/sensor_msgs_py:/home/dammr/ros2_humble/install/rpyutils:/home/dammr/ros2_humble/install/rosidl_runtime_py:/home/dammr/ros2_humble/install/rosidl_cli:/home/dammr/ros2_humble/install/launch_pytest:/home/dammr/ros2_humble/install/launch_testing:/home/dammr/ros2_humble/install/launch_yaml:/home/dammr/ros2_humble/install/launch_xml:/home/dammr/ros2_humble/install/launch:/home/dammr/ros2_humble/install/osrf_pycommon:/home/dammr/ros2_humble/install/domain_coordinator:/home/dammr/ros2_humble/install/ament_xmllint:/home/dammr/ros2_humble/install/ament_pyflakes:/home/dammr/ros2_humble/install/ament_pycodestyle:/home/dammr/ros2_humble/install/ament_pep257:/home/dammr/ros2_humble/install/ament_pclint:/home/dammr/ros2_humble/install/ament_package:/home/dammr/ros2_humble/install/ament_mypy:/home/dammr/ros2_humble/install/ament_lint_cmake:/home/dammr/ros2_humble/install/ament_flake8:/home/dammr/ros2_humble/install/ament_copyright:/home/dammr/ros2_humble/install/ament_lint:/home/dammr/ros2_humble/install/ament_index_python:/home/dammr/ros2_humble/install/ament_cpplint:/home/dammr/ros2_humble/install/ament_cppcheck:/home/dammr/ros2_humble/install/ament_clang_tidy:/home/dammr/ros2_humble/install/ament_clang_format /usr/bin/cmake --build /home/dammr/Desktop/magister_ws/UC_SmartFarmRadar/build/radar_msg -- -j12 -l12
[1.170s] DEBUG:colcon.colcon_core.event_handler.log_command:Invoking command in '/home/dammr/Desktop/magister_ws/UC_SmartFarmRadar/build/ptu_driver': CMAKE_PREFIX_PATH=${CMAKE_PREFIX_PATH}:/opt/ros/humble:/home/dammr/ros2_humble/install/rqt_bag_plugins:/home/dammr/ros2_humble/install/rqt_bag:/home/dammr/ros2_humble/install/launch_testing_examples:/home/dammr/ros2_humble/install/ros2bag:/home/dammr/ros2_humble/install/tracetools_test:/home/dammr/ros2_humble/install/tracetools_launch:/home/dammr/ros2_humble/install/topic_monitor:/home/dammr/ros2_humble/install/tf2_tools:/home/dammr/ros2_humble/install/examples_tf2_py:/home/dammr/ros2_humble/install/tf2_ros_py:/home/dammr/ros2_humble/install/sros2:/home/dammr/ros2_humble/install/rqt_topic:/home/dammr/ros2_humble/install/rqt_srv:/home/dammr/ros2_humble/install/rqt_shell:/home/dammr/ros2_humble/install/rqt_service_caller:/home/dammr/ros2_humble/install/rqt_reconfigure:/home/dammr/ros2_humble/install/rqt_py_console:/home/dammr/ros2_humble/install/rqt_publisher:/home/dammr/ros2_humble/install/rqt_plot:/home/dammr/ros2_humble/install/rqt_action:/home/dammr/ros2_humble/install/rqt_msg:/home/dammr/ros2_humble/install/rqt_console:/home/dammr/ros2_humble/install/rqt:/home/dammr/ros2_humble/install/rqt_graph:/home/dammr/ros2_humble/install/rqt_gui_py:/home/dammr/ros2_humble/install/rqt_gui:/home/dammr/ros2_humble/install/ros2trace:/home/dammr/ros2_humble/install/ros2topic:/home/dammr/ros2_humble/install/ros2test:/home/dammr/ros2_humble/install/ros2component:/home/dammr/ros2_humble/install/ros2param:/home/dammr/ros2_humble/install/ros2lifecycle:/home/dammr/ros2_humble/install/ros2service:/home/dammr/ros2_humble/install/ros2run:/home/dammr/ros2_humble/install/ros2launch:/home/dammr/ros2_humble/install/ros2pkg:/home/dammr/ros2_humble/install/ros2node:/home/dammr/ros2_humble/install/ros2multicast:/home/dammr/ros2_humble/install/ros2interface:/home/dammr/ros2_humble/install/ros2doctor:/home/dammr/ros2_humble/install/ros2action:/home/dammr/ros2_humble/install/ros2cli:/home/dammr/ros2_humble/install/quality_of_service_demo_py:/home/dammr/ros2_humble/install/lifecycle_py:/home/dammr/ros2_humble/install/launch_testing_ros:/home/dammr/ros2_humble/install/launch_ros:/home/dammr/ros2_humble/install/examples_rclpy_pointcloud_publisher:/home/dammr/ros2_humble/install/examples_rclpy_minimal_subscriber:/home/dammr/ros2_humble/install/examples_rclpy_minimal_service:/home/dammr/ros2_humble/install/examples_rclpy_minimal_publisher:/home/dammr/ros2_humble/install/examples_rclpy_minimal_client:/home/dammr/ros2_humble/install/examples_rclpy_minimal_action_server:/home/dammr/ros2_humble/install/examples_rclpy_minimal_action_client:/home/dammr/ros2_humble/install/examples_rclpy_guard_conditions:/home/dammr/ros2_humble/install/examples_rclpy_executors:/home/dammr/ros2_humble/install/demo_nodes_py:/home/dammr/ros2_humble/install/camera_info_manager_py:/home/dammr/ros2_humble/install/action_tutorials_py:/home/dammr/ros2_humble/install/ament_uncrustify:/home/dammr/ros2_humble/install/tracetools_trace:/home/dammr/ros2_humble/install/tracetools_read:/home/dammr/ros2_humble/install/test_tracetools_launch:/home/dammr/ros2_humble/install/test_launch_ros:/home/dammr/ros2_humble/install/sensor_msgs_py:/home/dammr/ros2_humble/install/rpyutils:/home/dammr/ros2_humble/install/rosidl_runtime_py:/home/dammr/ros2_humble/install/rosidl_cli:/home/dammr/ros2_humble/install/launch_pytest:/home/dammr/ros2_humble/install/launch_testing:/home/dammr/ros2_humble/install/launch_yaml:/home/dammr/ros2_humble/install/launch_xml:/home/dammr/ros2_humble/install/launch:/home/dammr/ros2_humble/install/osrf_pycommon:/home/dammr/ros2_humble/install/domain_coordinator:/home/dammr/ros2_humble/install/ament_xmllint:/home/dammr/ros2_humble/install/ament_pyflakes:/home/dammr/ros2_humble/install/ament_pycodestyle:/home/dammr/ros2_humble/install/ament_pep257:/home/dammr/ros2_humble/install/ament_pclint:/home/dammr/ros2_humble/install/ament_package:/home/dammr/ros2_humble/install/ament_mypy:/home/dammr/ros2_humble/install/ament_lint_cmake:/home/dammr/ros2_humble/install/ament_flake8:/home/dammr/ros2_humble/install/ament_copyright:/home/dammr/ros2_humble/install/ament_lint:/home/dammr/ros2_humble/install/ament_index_python:/home/dammr/ros2_humble/install/ament_cpplint:/home/dammr/ros2_humble/install/ament_cppcheck:/home/dammr/ros2_humble/install/ament_clang_tidy:/home/dammr/ros2_humble/install/ament_clang_format /usr/bin/cmake --build /home/dammr/Desktop/magister_ws/UC_SmartFarmRadar/build/ptu_driver -- -j12 -l12
[1.174s] DEBUG:colcon.colcon_core.event_handler.log_command:Invoking command in '/home/dammr/Desktop/magister_ws/UC_SmartFarmRadar/build/robot_description': CMAKE_PREFIX_PATH=${CMAKE_PREFIX_PATH}:/opt/ros/humble:/home/dammr/ros2_humble/install/rqt_bag_plugins:/home/dammr/ros2_humble/install/rqt_bag:/home/dammr/ros2_humble/install/launch_testing_examples:/home/dammr/ros2_humble/install/ros2bag:/home/dammr/ros2_humble/install/tracetools_test:/home/dammr/ros2_humble/install/tracetools_launch:/home/dammr/ros2_humble/install/topic_monitor:/home/dammr/ros2_humble/install/tf2_tools:/home/dammr/ros2_humble/install/examples_tf2_py:/home/dammr/ros2_humble/install/tf2_ros_py:/home/dammr/ros2_humble/install/sros2:/home/dammr/ros2_humble/install/rqt_topic:/home/dammr/ros2_humble/install/rqt_srv:/home/dammr/ros2_humble/install/rqt_shell:/home/dammr/ros2_humble/install/rqt_service_caller:/home/dammr/ros2_humble/install/rqt_reconfigure:/home/dammr/ros2_humble/install/rqt_py_console:/home/dammr/ros2_humble/install/rqt_publisher:/home/dammr/ros2_humble/install/rqt_plot:/home/dammr/ros2_humble/install/rqt_action:/home/dammr/ros2_humble/install/rqt_msg:/home/dammr/ros2_humble/install/rqt_console:/home/dammr/ros2_humble/install/rqt:/home/dammr/ros2_humble/install/rqt_graph:/home/dammr/ros2_humble/install/rqt_gui_py:/home/dammr/ros2_humble/install/rqt_gui:/home/dammr/ros2_humble/install/ros2trace:/home/dammr/ros2_humble/install/ros2topic:/home/dammr/ros2_humble/install/ros2test:/home/dammr/ros2_humble/install/ros2component:/home/dammr/ros2_humble/install/ros2param:/home/dammr/ros2_humble/install/ros2lifecycle:/home/dammr/ros2_humble/install/ros2service:/home/dammr/ros2_humble/install/ros2run:/home/dammr/ros2_humble/install/ros2launch:/home/dammr/ros2_humble/install/ros2pkg:/home/dammr/ros2_humble/install/ros2node:/home/dammr/ros2_humble/install/ros2multicast:/home/dammr/ros2_humble/install/ros2interface:/home/dammr/ros2_humble/install/ros2doctor:/home/dammr/ros2_humble/install/ros2action:/home/dammr/ros2_humble/install/ros2cli:/home/dammr/ros2_humble/install/quality_of_service_demo_py:/home/dammr/ros2_humble/install/lifecycle_py:/home/dammr/ros2_humble/install/launch_testing_ros:/home/dammr/ros2_humble/install/launch_ros:/home/dammr/ros2_humble/install/examples_rclpy_pointcloud_publisher:/home/dammr/ros2_humble/install/examples_rclpy_minimal_subscriber:/home/dammr/ros2_humble/install/examples_rclpy_minimal_service:/home/dammr/ros2_humble/install/examples_rclpy_minimal_publisher:/home/dammr/ros2_humble/install/examples_rclpy_minimal_client:/home/dammr/ros2_humble/install/examples_rclpy_minimal_action_server:/home/dammr/ros2_humble/install/examples_rclpy_minimal_action_client:/home/dammr/ros2_humble/install/examples_rclpy_guard_conditions:/home/dammr/ros2_humble/install/examples_rclpy_executors:/home/dammr/ros2_humble/install/demo_nodes_py:/home/dammr/ros2_humble/install/camera_info_manager_py:/home/dammr/ros2_humble/install/action_tutorials_py:/home/dammr/ros2_humble/install/ament_uncrustify:/home/dammr/ros2_humble/install/tracetools_trace:/home/dammr/ros2_humble/install/tracetools_read:/home/dammr/ros2_humble/install/test_tracetools_launch:/home/dammr/ros2_humble/install/test_launch_ros:/home/dammr/ros2_humble/install/sensor_msgs_py:/home/dammr/ros2_humble/install/rpyutils:/home/dammr/ros2_humble/install/rosidl_runtime_py:/home/dammr/ros2_humble/install/rosidl_cli:/home/dammr/ros2_humble/install/launch_pytest:/home/dammr/ros2_humble/install/launch_testing:/home/dammr/ros2_humble/install/launch_yaml:/home/dammr/ros2_humble/install/launch_xml:/home/dammr/ros2_humble/install/launch:/home/dammr/ros2_humble/install/osrf_pycommon:/home/dammr/ros2_humble/install/domain_coordinator:/home/dammr/ros2_humble/install/ament_xmllint:/home/dammr/ros2_humble/install/ament_pyflakes:/home/dammr/ros2_humble/install/ament_pycodestyle:/home/dammr/ros2_humble/install/ament_pep257:/home/dammr/ros2_humble/install/ament_pclint:/home/dammr/ros2_humble/install/ament_package:/home/dammr/ros2_humble/install/ament_mypy:/home/dammr/ros2_humble/install/ament_lint_cmake:/home/dammr/ros2_humble/install/ament_flake8:/home/dammr/ros2_humble/install/ament_copyright:/home/dammr/ros2_humble/install/ament_lint:/home/dammr/ros2_humble/install/ament_index_python:/home/dammr/ros2_humble/install/ament_cpplint:/home/dammr/ros2_humble/install/ament_cppcheck:/home/dammr/ros2_humble/install/ament_clang_tidy:/home/dammr/ros2_humble/install/ament_clang_format /usr/bin/cmake --build /home/dammr/Desktop/magister_ws/UC_SmartFarmRadar/build/robot_description -- -j12 -l12
[1.291s] DEBUG:colcon.colcon_core.event_handler.log_command:Invoked command in '/home/dammr/Desktop/magister_ws/UC_SmartFarmRadar/build/robot_description' returned '0': CMAKE_PREFIX_PATH=${CMAKE_PREFIX_PATH}:/opt/ros/humble:/home/dammr/ros2_humble/install/rqt_bag_plugins:/home/dammr/ros2_humble/install/rqt_bag:/home/dammr/ros2_humble/install/launch_testing_examples:/home/dammr/ros2_humble/install/ros2bag:/home/dammr/ros2_humble/install/tracetools_test:/home/dammr/ros2_humble/install/tracetools_launch:/home/dammr/ros2_humble/install/topic_monitor:/home/dammr/ros2_humble/install/tf2_tools:/home/dammr/ros2_humble/install/examples_tf2_py:/home/dammr/ros2_humble/install/tf2_ros_py:/home/dammr/ros2_humble/install/sros2:/home/dammr/ros2_humble/install/rqt_topic:/home/dammr/ros2_humble/install/rqt_srv:/home/dammr/ros2_humble/install/rqt_shell:/home/dammr/ros2_humble/install/rqt_service_caller:/home/dammr/ros2_humble/install/rqt_reconfigure:/home/dammr/ros2_humble/install/rqt_py_console:/home/dammr/ros2_humble/install/rqt_publisher:/home/dammr/ros2_humble/install/rqt_plot:/home/dammr/ros2_humble/install/rqt_action:/home/dammr/ros2_humble/install/rqt_msg:/home/dammr/ros2_humble/install/rqt_console:/home/dammr/ros2_humble/install/rqt:/home/dammr/ros2_humble/install/rqt_graph:/home/dammr/ros2_humble/install/rqt_gui_py:/home/dammr/ros2_humble/install/rqt_gui:/home/dammr/ros2_humble/install/ros2trace:/home/dammr/ros2_humble/install/ros2topic:/home/dammr/ros2_humble/install/ros2test:/home/dammr/ros2_humble/install/ros2component:/home/dammr/ros2_humble/install/ros2param:/home/dammr/ros2_humble/install/ros2lifecycle:/home/dammr/ros2_humble/install/ros2service:/home/dammr/ros2_humble/install/ros2run:/home/dammr/ros2_humble/install/ros2launch:/home/dammr/ros2_humble/install/ros2pkg:/home/dammr/ros2_humble/install/ros2node:/home/dammr/ros2_humble/install/ros2multicast:/home/dammr/ros2_humble/install/ros2interface:/home/dammr/ros2_humble/install/ros2doctor:/home/dammr/ros2_humble/install/ros2action:/home/dammr/ros2_humble/install/ros2cli:/home/dammr/ros2_humble/install/quality_of_service_demo_py:/home/dammr/ros2_humble/install/lifecycle_py:/home/dammr/ros2_humble/install/launch_testing_ros:/home/dammr/ros2_humble/install/launch_ros:/home/dammr/ros2_humble/install/examples_rclpy_pointcloud_publisher:/home/dammr/ros2_humble/install/examples_rclpy_minimal_subscriber:/home/dammr/ros2_humble/install/examples_rclpy_minimal_service:/home/dammr/ros2_humble/install/examples_rclpy_minimal_publisher:/home/dammr/ros2_humble/install/examples_rclpy_minimal_client:/home/dammr/ros2_humble/install/examples_rclpy_minimal_action_server:/home/dammr/ros2_humble/install/examples_rclpy_minimal_action_client:/home/dammr/ros2_humble/install/examples_rclpy_guard_conditions:/home/dammr/ros2_humble/install/examples_rclpy_executors:/home/dammr/ros2_humble/install/demo_nodes_py:/home/dammr/ros2_humble/install/camera_info_manager_py:/home/dammr/ros2_humble/install/action_tutorials_py:/home/dammr/ros2_humble/install/ament_uncrustify:/home/dammr/ros2_humble/install/tracetools_trace:/home/dammr/ros2_humble/install/tracetools_read:/home/dammr/ros2_humble/install/test_tracetools_launch:/home/dammr/ros2_humble/install/test_launch_ros:/home/dammr/ros2_humble/install/sensor_msgs_py:/home/dammr/ros2_humble/install/rpyutils:/home/dammr/ros2_humble/install/rosidl_runtime_py:/home/dammr/ros2_humble/install/rosidl_cli:/home/dammr/ros2_humble/install/launch_pytest:/home/dammr/ros2_humble/install/launch_testing:/home/dammr/ros2_humble/install/launch_yaml:/home/dammr/ros2_humble/install/launch_xml:/home/dammr/ros2_humble/install/launch:/home/dammr/ros2_humble/install/osrf_pycommon:/home/dammr/ros2_humble/install/domain_coordinator:/home/dammr/ros2_humble/install/ament_xmllint:/home/dammr/ros2_humble/install/ament_pyflakes:/home/dammr/ros2_humble/install/ament_pycodestyle:/home/dammr/ros2_humble/install/ament_pep257:/home/dammr/ros2_humble/install/ament_pclint:/home/dammr/ros2_humble/install/ament_package:/home/dammr/ros2_humble/install/ament_mypy:/home/dammr/ros2_humble/install/ament_lint_cmake:/home/dammr/ros2_humble/install/ament_flake8:/home/dammr/ros2_humble/install/ament_copyright:/home/dammr/ros2_humble/install/ament_lint:/home/dammr/ros2_humble/install/ament_index_python:/home/dammr/ros2_humble/install/ament_cpplint:/home/dammr/ros2_humble/install/ament_cppcheck:/home/dammr/ros2_humble/install/ament_clang_tidy:/home/dammr/ros2_humble/install/ament_clang_format /usr/bin/cmake --build /home/dammr/Desktop/magister_ws/UC_SmartFarmRadar/build/robot_description -- -j12 -l12
[1.312s] DEBUG:colcon.colcon_core.event_handler.log_command:Invoking command in '/home/dammr/Desktop/magister_ws/UC_SmartFarmRadar/build/robot_description': CMAKE_PREFIX_PATH=${CMAKE_PREFIX_PATH}:/opt/ros/humble:/home/dammr/ros2_humble/install/rqt_bag_plugins:/home/dammr/ros2_humble/install/rqt_bag:/home/dammr/ros2_humble/install/launch_testing_examples:/home/dammr/ros2_humble/install/ros2bag:/home/dammr/ros2_humble/install/tracetools_test:/home/dammr/ros2_humble/install/tracetools_launch:/home/dammr/ros2_humble/install/topic_monitor:/home/dammr/ros2_humble/install/tf2_tools:/home/dammr/ros2_humble/install/examples_tf2_py:/home/dammr/ros2_humble/install/tf2_ros_py:/home/dammr/ros2_humble/install/sros2:/home/dammr/ros2_humble/install/rqt_topic:/home/dammr/ros2_humble/install/rqt_srv:/home/dammr/ros2_humble/install/rqt_shell:/home/dammr/ros2_humble/install/rqt_service_caller:/home/dammr/ros2_humble/install/rqt_reconfigure:/home/dammr/ros2_humble/install/rqt_py_console:/home/dammr/ros2_humble/install/rqt_publisher:/home/dammr/ros2_humble/install/rqt_plot:/home/dammr/ros2_humble/install/rqt_action:/home/dammr/ros2_humble/install/rqt_msg:/home/dammr/ros2_humble/install/rqt_console:/home/dammr/ros2_humble/install/rqt:/home/dammr/ros2_humble/install/rqt_graph:/home/dammr/ros2_humble/install/rqt_gui_py:/home/dammr/ros2_humble/install/rqt_gui:/home/dammr/ros2_humble/install/ros2trace:/home/dammr/ros2_humble/install/ros2topic:/home/dammr/ros2_humble/install/ros2test:/home/dammr/ros2_humble/install/ros2component:/home/dammr/ros2_humble/install/ros2param:/home/dammr/ros2_humble/install/ros2lifecycle:/home/dammr/ros2_humble/install/ros2service:/home/dammr/ros2_humble/install/ros2run:/home/dammr/ros2_humble/install/ros2launch:/home/dammr/ros2_humble/install/ros2pkg:/home/dammr/ros2_humble/install/ros2node:/home/dammr/ros2_humble/install/ros2multicast:/home/dammr/ros2_humble/install/ros2interface:/home/dammr/ros2_humble/install/ros2doctor:/home/dammr/ros2_humble/install/ros2action:/home/dammr/ros2_humble/install/ros2cli:/home/dammr/ros2_humble/install/quality_of_service_demo_py:/home/dammr/ros2_humble/install/lifecycle_py:/home/dammr/ros2_humble/install/launch_testing_ros:/home/dammr/ros2_humble/install/launch_ros:/home/dammr/ros2_humble/install/examples_rclpy_pointcloud_publisher:/home/dammr/ros2_humble/install/examples_rclpy_minimal_subscriber:/home/dammr/ros2_humble/install/examples_rclpy_minimal_service:/home/dammr/ros2_humble/install/examples_rclpy_minimal_publisher:/home/dammr/ros2_humble/install/examples_rclpy_minimal_client:/home/dammr/ros2_humble/install/examples_rclpy_minimal_action_server:/home/dammr/ros2_humble/install/examples_rclpy_minimal_action_client:/home/dammr/ros2_humble/install/examples_rclpy_guard_conditions:/home/dammr/ros2_humble/install/examples_rclpy_executors:/home/dammr/ros2_humble/install/demo_nodes_py:/home/dammr/ros2_humble/install/camera_info_manager_py:/home/dammr/ros2_humble/install/action_tutorials_py:/home/dammr/ros2_humble/install/ament_uncrustify:/home/dammr/ros2_humble/install/tracetools_trace:/home/dammr/ros2_humble/install/tracetools_read:/home/dammr/ros2_humble/install/test_tracetools_launch:/home/dammr/ros2_humble/install/test_launch_ros:/home/dammr/ros2_humble/install/sensor_msgs_py:/home/dammr/ros2_humble/install/rpyutils:/home/dammr/ros2_humble/install/rosidl_runtime_py:/home/dammr/ros2_humble/install/rosidl_cli:/home/dammr/ros2_humble/install/launch_pytest:/home/dammr/ros2_humble/install/launch_testing:/home/dammr/ros2_humble/install/launch_yaml:/home/dammr/ros2_humble/install/launch_xml:/home/dammr/ros2_humble/install/launch:/home/dammr/ros2_humble/install/osrf_pycommon:/home/dammr/ros2_humble/install/domain_coordinator:/home/dammr/ros2_humble/install/ament_xmllint:/home/dammr/ros2_humble/install/ament_pyflakes:/home/dammr/ros2_humble/install/ament_pycodestyle:/home/dammr/ros2_humble/install/ament_pep257:/home/dammr/ros2_humble/install/ament_pclint:/home/dammr/ros2_humble/install/ament_package:/home/dammr/ros2_humble/install/ament_mypy:/home/dammr/ros2_humble/install/ament_lint_cmake:/home/dammr/ros2_humble/install/ament_flake8:/home/dammr/ros2_humble/install/ament_copyright:/home/dammr/ros2_humble/install/ament_lint:/home/dammr/ros2_humble/install/ament_index_python:/home/dammr/ros2_humble/install/ament_cpplint:/home/dammr/ros2_humble/install/ament_cppcheck:/home/dammr/ros2_humble/install/ament_clang_tidy:/home/dammr/ros2_humble/install/ament_clang_format /usr/bin/cmake --install /home/dammr/Desktop/magister_ws/UC_SmartFarmRadar/build/robot_description
[1.329s] Level 1:colcon.colcon_core.environment:create_environment_scripts_only(robot_description)
[1.330s] DEBUG:colcon.colcon_core.event_handler.log_command:Invoked command in '/home/dammr/Desktop/magister_ws/UC_SmartFarmRadar/build/robot_description' returned '0': CMAKE_PREFIX_PATH=${CMAKE_PREFIX_PATH}:/opt/ros/humble:/home/dammr/ros2_humble/install/rqt_bag_plugins:/home/dammr/ros2_humble/install/rqt_bag:/home/dammr/ros2_humble/install/launch_testing_examples:/home/dammr/ros2_humble/install/ros2bag:/home/dammr/ros2_humble/install/tracetools_test:/home/dammr/ros2_humble/install/tracetools_launch:/home/dammr/ros2_humble/install/topic_monitor:/home/dammr/ros2_humble/install/tf2_tools:/home/dammr/ros2_humble/install/examples_tf2_py:/home/dammr/ros2_humble/install/tf2_ros_py:/home/dammr/ros2_humble/install/sros2:/home/dammr/ros2_humble/install/rqt_topic:/home/dammr/ros2_humble/install/rqt_srv:/home/dammr/ros2_humble/install/rqt_shell:/home/dammr/ros2_humble/install/rqt_service_caller:/home/dammr/ros2_humble/install/rqt_reconfigure:/home/dammr/ros2_humble/install/rqt_py_console:/home/dammr/ros2_humble/install/rqt_publisher:/home/dammr/ros2_humble/install/rqt_plot:/home/dammr/ros2_humble/install/rqt_action:/home/dammr/ros2_humble/install/rqt_msg:/home/dammr/ros2_humble/install/rqt_console:/home/dammr/ros2_humble/install/rqt:/home/dammr/ros2_humble/install/rqt_graph:/home/dammr/ros2_humble/install/rqt_gui_py:/home/dammr/ros2_humble/install/rqt_gui:/home/dammr/ros2_humble/install/ros2trace:/home/dammr/ros2_humble/install/ros2topic:/home/dammr/ros2_humble/install/ros2test:/home/dammr/ros2_humble/install/ros2component:/home/dammr/ros2_humble/install/ros2param:/home/dammr/ros2_humble/install/ros2lifecycle:/home/dammr/ros2_humble/install/ros2service:/home/dammr/ros2_humble/install/ros2run:/home/dammr/ros2_humble/install/ros2launch:/home/dammr/ros2_humble/install/ros2pkg:/home/dammr/ros2_humble/install/ros2node:/home/dammr/ros2_humble/install/ros2multicast:/home/dammr/ros2_humble/install/ros2interface:/home/dammr/ros2_humble/install/ros2doctor:/home/dammr/ros2_humble/install/ros2action:/home/dammr/ros2_humble/install/ros2cli:/home/dammr/ros2_humble/install/quality_of_service_demo_py:/home/dammr/ros2_humble/install/lifecycle_py:/home/dammr/ros2_humble/install/launch_testing_ros:/home/dammr/ros2_humble/install/launch_ros:/home/dammr/ros2_humble/install/examples_rclpy_pointcloud_publisher:/home/dammr/ros2_humble/install/examples_rclpy_minimal_subscriber:/home/dammr/ros2_humble/install/examples_rclpy_minimal_service:/home/dammr/ros2_humble/install/examples_rclpy_minimal_publisher:/home/dammr/ros2_humble/install/examples_rclpy_minimal_client:/home/dammr/ros2_humble/install/examples_rclpy_minimal_action_server:/home/dammr/ros2_humble/install/examples_rclpy_minimal_action_client:/home/dammr/ros2_humble/install/examples_rclpy_guard_conditions:/home/dammr/ros2_humble/install/examples_rclpy_executors:/home/dammr/ros2_humble/install/demo_nodes_py:/home/dammr/ros2_humble/install/camera_info_manager_py:/home/dammr/ros2_humble/install/action_tutorials_py:/home/dammr/ros2_humble/install/ament_uncrustify:/home/dammr/ros2_humble/install/tracetools_trace:/home/dammr/ros2_humble/install/tracetools_read:/home/dammr/ros2_humble/install/test_tracetools_launch:/home/dammr/ros2_humble/install/test_launch_ros:/home/dammr/ros2_humble/install/sensor_msgs_py:/home/dammr/ros2_humble/install/rpyutils:/home/dammr/ros2_humble/install/rosidl_runtime_py:/home/dammr/ros2_humble/install/rosidl_cli:/home/dammr/ros2_humble/install/launch_pytest:/home/dammr/ros2_humble/install/launch_testing:/home/dammr/ros2_humble/install/launch_yaml:/home/dammr/ros2_humble/install/launch_xml:/home/dammr/ros2_humble/install/launch:/home/dammr/ros2_humble/install/osrf_pycommon:/home/dammr/ros2_humble/install/domain_coordinator:/home/dammr/ros2_humble/install/ament_xmllint:/home/dammr/ros2_humble/install/ament_pyflakes:/home/dammr/ros2_humble/install/ament_pycodestyle:/home/dammr/ros2_humble/install/ament_pep257:/home/dammr/ros2_humble/install/ament_pclint:/home/dammr/ros2_humble/install/ament_package:/home/dammr/ros2_humble/install/ament_mypy:/home/dammr/ros2_humble/install/ament_lint_cmake:/home/dammr/ros2_humble/install/ament_flake8:/home/dammr/ros2_humble/install/ament_copyright:/home/dammr/ros2_humble/install/ament_lint:/home/dammr/ros2_humble/install/ament_index_python:/home/dammr/ros2_humble/install/ament_cpplint:/home/dammr/ros2_humble/install/ament_cppcheck:/home/dammr/ros2_humble/install/ament_clang_tidy:/home/dammr/ros2_humble/install/ament_clang_format /usr/bin/cmake --install /home/dammr/Desktop/magister_ws/UC_SmartFarmRadar/build/robot_description
[1.336s] Level 1:colcon.colcon_core.environment:checking '/home/dammr/Desktop/magister_ws/UC_SmartFarmRadar/install/robot_description' for CMake module files
[1.336s] Level 1:colcon.colcon_core.environment:checking '/home/dammr/Desktop/magister_ws/UC_SmartFarmRadar/install/robot_description' for CMake config files
[1.336s] Level 1:colcon.colcon_core.shell:create_environment_hook('robot_description', 'cmake_prefix_path')
[1.336s] INFO:colcon.colcon_core.shell:Creating environment hook '/home/dammr/Desktop/magister_ws/UC_SmartFarmRadar/install/robot_description/share/robot_description/hook/cmake_prefix_path.ps1'
[1.337s] INFO:colcon.colcon_core.shell:Creating environment descriptor '/home/dammr/Desktop/magister_ws/UC_SmartFarmRadar/install/robot_description/share/robot_description/hook/cmake_prefix_path.dsv'
[1.337s] INFO:colcon.colcon_core.shell:Creating environment hook '/home/dammr/Desktop/magister_ws/UC_SmartFarmRadar/install/robot_description/share/robot_description/hook/cmake_prefix_path.sh'
[1.338s] Level 1:colcon.colcon_core.environment:checking '/home/dammr/Desktop/magister_ws/UC_SmartFarmRadar/install/robot_description/bin'
[1.338s] Level 1:colcon.colcon_core.environment:checking '/home/dammr/Desktop/magister_ws/UC_SmartFarmRadar/install/robot_description/lib/pkgconfig/robot_description.pc'
[1.338s] Level 1:colcon.colcon_core.environment:checking '/home/dammr/Desktop/magister_ws/UC_SmartFarmRadar/install/robot_description/lib/python3.10/site-packages'
[1.338s] Level 1:colcon.colcon_core.environment:checking '/home/dammr/Desktop/magister_ws/UC_SmartFarmRadar/install/robot_description/bin'
[1.338s] INFO:colcon.colcon_core.shell:Creating package script '/home/dammr/Desktop/magister_ws/UC_SmartFarmRadar/install/robot_description/share/robot_description/package.ps1'
[1.339s] INFO:colcon.colcon_core.shell:Creating package descriptor '/home/dammr/Desktop/magister_ws/UC_SmartFarmRadar/install/robot_description/share/robot_description/package.dsv'
[1.339s] INFO:colcon.colcon_core.shell:Creating package script '/home/dammr/Desktop/magister_ws/UC_SmartFarmRadar/install/robot_description/share/robot_description/package.sh'
[1.340s] INFO:colcon.colcon_core.shell:Creating package script '/home/dammr/Desktop/magister_ws/UC_SmartFarmRadar/install/robot_description/share/robot_description/package.bash'
[1.341s] INFO:colcon.colcon_core.shell:Creating package script '/home/dammr/Desktop/magister_ws/UC_SmartFarmRadar/install/robot_description/share/robot_description/package.zsh'
[1.341s] Level 1:colcon.colcon_core.environment:create_file_with_runtime_dependencies(/home/dammr/Desktop/magister_ws/UC_SmartFarmRadar/install/robot_description/share/colcon-core/packages/robot_description)
[1.341s] Level 1:colcon.colcon_core.environment:create_environment_scripts_only(robot_description)
[1.342s] Level 1:colcon.colcon_core.environment:checking '/home/dammr/Desktop/magister_ws/UC_SmartFarmRadar/install/robot_description' for CMake module files
[1.342s] Level 1:colcon.colcon_core.environment:checking '/home/dammr/Desktop/magister_ws/UC_SmartFarmRadar/install/robot_description' for CMake config files
[1.342s] Level 1:colcon.colcon_core.shell:create_environment_hook('robot_description', 'cmake_prefix_path')
[1.342s] INFO:colcon.colcon_core.shell:Creating environment hook '/home/dammr/Desktop/magister_ws/UC_SmartFarmRadar/install/robot_description/share/robot_description/hook/cmake_prefix_path.ps1'
[1.342s] INFO:colcon.colcon_core.shell:Creating environment descriptor '/home/dammr/Desktop/magister_ws/UC_SmartFarmRadar/install/robot_description/share/robot_description/hook/cmake_prefix_path.dsv'
[1.343s] INFO:colcon.colcon_core.shell:Creating environment hook '/home/dammr/Desktop/magister_ws/UC_SmartFarmRadar/install/robot_description/share/robot_description/hook/cmake_prefix_path.sh'
[1.343s] Level 1:colcon.colcon_core.environment:checking '/home/dammr/Desktop/magister_ws/UC_SmartFarmRadar/install/robot_description/bin'
[1.343s] Level 1:colcon.colcon_core.environment:checking '/home/dammr/Desktop/magister_ws/UC_SmartFarmRadar/install/robot_description/lib/pkgconfig/robot_description.pc'
[1.343s] Level 1:colcon.colcon_core.environment:checking '/home/dammr/Desktop/magister_ws/UC_SmartFarmRadar/install/robot_description/lib/python3.10/site-packages'
[1.343s] Level 1:colcon.colcon_core.environment:checking '/home/dammr/Desktop/magister_ws/UC_SmartFarmRadar/install/robot_description/bin'
[1.343s] INFO:colcon.colcon_core.shell:Creating package script '/home/dammr/Desktop/magister_ws/UC_SmartFarmRadar/install/robot_description/share/robot_description/package.ps1'
[1.344s] INFO:colcon.colcon_core.shell:Creating package descriptor '/home/dammr/Desktop/magister_ws/UC_SmartFarmRadar/install/robot_description/share/robot_description/package.dsv'
[1.344s] INFO:colcon.colcon_core.shell:Creating package script '/home/dammr/Desktop/magister_ws/UC_SmartFarmRadar/install/robot_description/share/robot_description/package.sh'
[1.344s] INFO:colcon.colcon_core.shell:Creating package script '/home/dammr/Desktop/magister_ws/UC_SmartFarmRadar/install/robot_description/share/robot_description/package.bash'
[1.345s] INFO:colcon.colcon_core.shell:Creating package script '/home/dammr/Desktop/magister_ws/UC_SmartFarmRadar/install/robot_description/share/robot_description/package.zsh'
[1.345s] Level 1:colcon.colcon_core.environment:create_file_with_runtime_dependencies(/home/dammr/Desktop/magister_ws/UC_SmartFarmRadar/install/robot_description/share/colcon-core/packages/robot_description)
[1.401s] DEBUG:colcon.colcon_core.event_handler.log_command:Invoked command in '/home/dammr/Desktop/magister_ws/UC_SmartFarmRadar/build/ptu_driver' returned '0': CMAKE_PREFIX_PATH=${CMAKE_PREFIX_PATH}:/opt/ros/humble:/home/dammr/ros2_humble/install/rqt_bag_plugins:/home/dammr/ros2_humble/install/rqt_bag:/home/dammr/ros2_humble/install/launch_testing_examples:/home/dammr/ros2_humble/install/ros2bag:/home/dammr/ros2_humble/install/tracetools_test:/home/dammr/ros2_humble/install/tracetools_launch:/home/dammr/ros2_humble/install/topic_monitor:/home/dammr/ros2_humble/install/tf2_tools:/home/dammr/ros2_humble/install/examples_tf2_py:/home/dammr/ros2_humble/install/tf2_ros_py:/home/dammr/ros2_humble/install/sros2:/home/dammr/ros2_humble/install/rqt_topic:/home/dammr/ros2_humble/install/rqt_srv:/home/dammr/ros2_humble/install/rqt_shell:/home/dammr/ros2_humble/install/rqt_service_caller:/home/dammr/ros2_humble/install/rqt_reconfigure:/home/dammr/ros2_humble/install/rqt_py_console:/home/dammr/ros2_humble/install/rqt_publisher:/home/dammr/ros2_humble/install/rqt_plot:/home/dammr/ros2_humble/install/rqt_action:/home/dammr/ros2_humble/install/rqt_msg:/home/dammr/ros2_humble/install/rqt_console:/home/dammr/ros2_humble/install/rqt:/home/dammr/ros2_humble/install/rqt_graph:/home/dammr/ros2_humble/install/rqt_gui_py:/home/dammr/ros2_humble/install/rqt_gui:/home/dammr/ros2_humble/install/ros2trace:/home/dammr/ros2_humble/install/ros2topic:/home/dammr/ros2_humble/install/ros2test:/home/dammr/ros2_humble/install/ros2component:/home/dammr/ros2_humble/install/ros2param:/home/dammr/ros2_humble/install/ros2lifecycle:/home/dammr/ros2_humble/install/ros2service:/home/dammr/ros2_humble/install/ros2run:/home/dammr/ros2_humble/install/ros2launch:/home/dammr/ros2_humble/install/ros2pkg:/home/dammr/ros2_humble/install/ros2node:/home/dammr/ros2_humble/install/ros2multicast:/home/dammr/ros2_humble/install/ros2interface:/home/dammr/ros2_humble/install/ros2doctor:/home/dammr/ros2_humble/install/ros2action:/home/dammr/ros2_humble/install/ros2cli:/home/dammr/ros2_humble/install/quality_of_service_demo_py:/home/dammr/ros2_humble/install/lifecycle_py:/home/dammr/ros2_humble/install/launch_testing_ros:/home/dammr/ros2_humble/install/launch_ros:/home/dammr/ros2_humble/install/examples_rclpy_pointcloud_publisher:/home/dammr/ros2_humble/install/examples_rclpy_minimal_subscriber:/home/dammr/ros2_humble/install/examples_rclpy_minimal_service:/home/dammr/ros2_humble/install/examples_rclpy_minimal_publisher:/home/dammr/ros2_humble/install/examples_rclpy_minimal_client:/home/dammr/ros2_humble/install/examples_rclpy_minimal_action_server:/home/dammr/ros2_humble/install/examples_rclpy_minimal_action_client:/home/dammr/ros2_humble/install/examples_rclpy_guard_conditions:/home/dammr/ros2_humble/install/examples_rclpy_executors:/home/dammr/ros2_humble/install/demo_nodes_py:/home/dammr/ros2_humble/install/camera_info_manager_py:/home/dammr/ros2_humble/install/action_tutorials_py:/home/dammr/ros2_humble/install/ament_uncrustify:/home/dammr/ros2_humble/install/tracetools_trace:/home/dammr/ros2_humble/install/tracetools_read:/home/dammr/ros2_humble/install/test_tracetools_launch:/home/dammr/ros2_humble/install/test_launch_ros:/home/dammr/ros2_humble/install/sensor_msgs_py:/home/dammr/ros2_humble/install/rpyutils:/home/dammr/ros2_humble/install/rosidl_runtime_py:/home/dammr/ros2_humble/install/rosidl_cli:/home/dammr/ros2_humble/install/launch_pytest:/home/dammr/ros2_humble/install/launch_testing:/home/dammr/ros2_humble/install/launch_yaml:/home/dammr/ros2_humble/install/launch_xml:/home/dammr/ros2_humble/install/launch:/home/dammr/ros2_humble/install/osrf_pycommon:/home/dammr/ros2_humble/install/domain_coordinator:/home/dammr/ros2_humble/install/ament_xmllint:/home/dammr/ros2_humble/install/ament_pyflakes:/home/dammr/ros2_humble/install/ament_pycodestyle:/home/dammr/ros2_humble/install/ament_pep257:/home/dammr/ros2_humble/install/ament_pclint:/home/dammr/ros2_humble/install/ament_package:/home/dammr/ros2_humble/install/ament_mypy:/home/dammr/ros2_humble/install/ament_lint_cmake:/home/dammr/ros2_humble/install/ament_flake8:/home/dammr/ros2_humble/install/ament_copyright:/home/dammr/ros2_humble/install/ament_lint:/home/dammr/ros2_humble/install/ament_index_python:/home/dammr/ros2_humble/install/ament_cpplint:/home/dammr/ros2_humble/install/ament_cppcheck:/home/dammr/ros2_humble/install/ament_clang_tidy:/home/dammr/ros2_humble/install/ament_clang_format /usr/bin/cmake --build /home/dammr/Desktop/magister_ws/UC_SmartFarmRadar/build/ptu_driver -- -j12 -l12
[1.402s] DEBUG:colcon.colcon_core.event_handler.log_command:Invoking command in '/home/dammr/Desktop/magister_ws/UC_SmartFarmRadar/build/ptu_driver': CMAKE_PREFIX_PATH=${CMAKE_PREFIX_PATH}:/opt/ros/humble:/home/dammr/ros2_humble/install/rqt_bag_plugins:/home/dammr/ros2_humble/install/rqt_bag:/home/dammr/ros2_humble/install/launch_testing_examples:/home/dammr/ros2_humble/install/ros2bag:/home/dammr/ros2_humble/install/tracetools_test:/home/dammr/ros2_humble/install/tracetools_launch:/home/dammr/ros2_humble/install/topic_monitor:/home/dammr/ros2_humble/install/tf2_tools:/home/dammr/ros2_humble/install/examples_tf2_py:/home/dammr/ros2_humble/install/tf2_ros_py:/home/dammr/ros2_humble/install/sros2:/home/dammr/ros2_humble/install/rqt_topic:/home/dammr/ros2_humble/install/rqt_srv:/home/dammr/ros2_humble/install/rqt_shell:/home/dammr/ros2_humble/install/rqt_service_caller:/home/dammr/ros2_humble/install/rqt_reconfigure:/home/dammr/ros2_humble/install/rqt_py_console:/home/dammr/ros2_humble/install/rqt_publisher:/home/dammr/ros2_humble/install/rqt_plot:/home/dammr/ros2_humble/install/rqt_action:/home/dammr/ros2_humble/install/rqt_msg:/home/dammr/ros2_humble/install/rqt_console:/home/dammr/ros2_humble/install/rqt:/home/dammr/ros2_humble/install/rqt_graph:/home/dammr/ros2_humble/install/rqt_gui_py:/home/dammr/ros2_humble/install/rqt_gui:/home/dammr/ros2_humble/install/ros2trace:/home/dammr/ros2_humble/install/ros2topic:/home/dammr/ros2_humble/install/ros2test:/home/dammr/ros2_humble/install/ros2component:/home/dammr/ros2_humble/install/ros2param:/home/dammr/ros2_humble/install/ros2lifecycle:/home/dammr/ros2_humble/install/ros2service:/home/dammr/ros2_humble/install/ros2run:/home/dammr/ros2_humble/install/ros2launch:/home/dammr/ros2_humble/install/ros2pkg:/home/dammr/ros2_humble/install/ros2node:/home/dammr/ros2_humble/install/ros2multicast:/home/dammr/ros2_humble/install/ros2interface:/home/dammr/ros2_humble/install/ros2doctor:/home/dammr/ros2_humble/install/ros2action:/home/dammr/ros2_humble/install/ros2cli:/home/dammr/ros2_humble/install/quality_of_service_demo_py:/home/dammr/ros2_humble/install/lifecycle_py:/home/dammr/ros2_humble/install/launch_testing_ros:/home/dammr/ros2_humble/install/launch_ros:/home/dammr/ros2_humble/install/examples_rclpy_pointcloud_publisher:/home/dammr/ros2_humble/install/examples_rclpy_minimal_subscriber:/home/dammr/ros2_humble/install/examples_rclpy_minimal_service:/home/dammr/ros2_humble/install/examples_rclpy_minimal_publisher:/home/dammr/ros2_humble/install/examples_rclpy_minimal_client:/home/dammr/ros2_humble/install/examples_rclpy_minimal_action_server:/home/dammr/ros2_humble/install/examples_rclpy_minimal_action_client:/home/dammr/ros2_humble/install/examples_rclpy_guard_conditions:/home/dammr/ros2_humble/install/examples_rclpy_executors:/home/dammr/ros2_humble/install/demo_nodes_py:/home/dammr/ros2_humble/install/camera_info_manager_py:/home/dammr/ros2_humble/install/action_tutorials_py:/home/dammr/ros2_humble/install/ament_uncrustify:/home/dammr/ros2_humble/install/tracetools_trace:/home/dammr/ros2_humble/install/tracetools_read:/home/dammr/ros2_humble/install/test_tracetools_launch:/home/dammr/ros2_humble/install/test_launch_ros:/home/dammr/ros2_humble/install/sensor_msgs_py:/home/dammr/ros2_humble/install/rpyutils:/home/dammr/ros2_humble/install/rosidl_runtime_py:/home/dammr/ros2_humble/install/rosidl_cli:/home/dammr/ros2_humble/install/launch_pytest:/home/dammr/ros2_humble/install/launch_testing:/home/dammr/ros2_humble/install/launch_yaml:/home/dammr/ros2_humble/install/launch_xml:/home/dammr/ros2_humble/install/launch:/home/dammr/ros2_humble/install/osrf_pycommon:/home/dammr/ros2_humble/install/domain_coordinator:/home/dammr/ros2_humble/install/ament_xmllint:/home/dammr/ros2_humble/install/ament_pyflakes:/home/dammr/ros2_humble/install/ament_pycodestyle:/home/dammr/ros2_humble/install/ament_pep257:/home/dammr/ros2_humble/install/ament_pclint:/home/dammr/ros2_humble/install/ament_package:/home/dammr/ros2_humble/install/ament_mypy:/home/dammr/ros2_humble/install/ament_lint_cmake:/home/dammr/ros2_humble/install/ament_flake8:/home/dammr/ros2_humble/install/ament_copyright:/home/dammr/ros2_humble/install/ament_lint:/home/dammr/ros2_humble/install/ament_index_python:/home/dammr/ros2_humble/install/ament_cpplint:/home/dammr/ros2_humble/install/ament_cppcheck:/home/dammr/ros2_humble/install/ament_clang_tidy:/home/dammr/ros2_humble/install/ament_clang_format /usr/bin/cmake --install /home/dammr/Desktop/magister_ws/UC_SmartFarmRadar/build/ptu_driver
[1.421s] Level 1:colcon.colcon_core.environment:create_environment_scripts_only(ptu_driver)
[1.421s] Level 1:colcon.colcon_core.environment:checking '/home/dammr/Desktop/magister_ws/UC_SmartFarmRadar/install/ptu_driver' for CMake module files
[1.422s] DEBUG:colcon.colcon_core.event_handler.log_command:Invoked command in '/home/dammr/Desktop/magister_ws/UC_SmartFarmRadar/build/ptu_driver' returned '0': CMAKE_PREFIX_PATH=${CMAKE_PREFIX_PATH}:/opt/ros/humble:/home/dammr/ros2_humble/install/rqt_bag_plugins:/home/dammr/ros2_humble/install/rqt_bag:/home/dammr/ros2_humble/install/launch_testing_examples:/home/dammr/ros2_humble/install/ros2bag:/home/dammr/ros2_humble/install/tracetools_test:/home/dammr/ros2_humble/install/tracetools_launch:/home/dammr/ros2_humble/install/topic_monitor:/home/dammr/ros2_humble/install/tf2_tools:/home/dammr/ros2_humble/install/examples_tf2_py:/home/dammr/ros2_humble/install/tf2_ros_py:/home/dammr/ros2_humble/install/sros2:/home/dammr/ros2_humble/install/rqt_topic:/home/dammr/ros2_humble/install/rqt_srv:/home/dammr/ros2_humble/install/rqt_shell:/home/dammr/ros2_humble/install/rqt_service_caller:/home/dammr/ros2_humble/install/rqt_reconfigure:/home/dammr/ros2_humble/install/rqt_py_console:/home/dammr/ros2_humble/install/rqt_publisher:/home/dammr/ros2_humble/install/rqt_plot:/home/dammr/ros2_humble/install/rqt_action:/home/dammr/ros2_humble/install/rqt_msg:/home/dammr/ros2_humble/install/rqt_console:/home/dammr/ros2_humble/install/rqt:/home/dammr/ros2_humble/install/rqt_graph:/home/dammr/ros2_humble/install/rqt_gui_py:/home/dammr/ros2_humble/install/rqt_gui:/home/dammr/ros2_humble/install/ros2trace:/home/dammr/ros2_humble/install/ros2topic:/home/dammr/ros2_humble/install/ros2test:/home/dammr/ros2_humble/install/ros2component:/home/dammr/ros2_humble/install/ros2param:/home/dammr/ros2_humble/install/ros2lifecycle:/home/dammr/ros2_humble/install/ros2service:/home/dammr/ros2_humble/install/ros2run:/home/dammr/ros2_humble/install/ros2launch:/home/dammr/ros2_humble/install/ros2pkg:/home/dammr/ros2_humble/install/ros2node:/home/dammr/ros2_humble/install/ros2multicast:/home/dammr/ros2_humble/install/ros2interface:/home/dammr/ros2_humble/install/ros2doctor:/home/dammr/ros2_humble/install/ros2action:/home/dammr/ros2_humble/install/ros2cli:/home/dammr/ros2_humble/install/quality_of_service_demo_py:/home/dammr/ros2_humble/install/lifecycle_py:/home/dammr/ros2_humble/install/launch_testing_ros:/home/dammr/ros2_humble/install/launch_ros:/home/dammr/ros2_humble/install/examples_rclpy_pointcloud_publisher:/home/dammr/ros2_humble/install/examples_rclpy_minimal_subscriber:/home/dammr/ros2_humble/install/examples_rclpy_minimal_service:/home/dammr/ros2_humble/install/examples_rclpy_minimal_publisher:/home/dammr/ros2_humble/install/examples_rclpy_minimal_client:/home/dammr/ros2_humble/install/examples_rclpy_minimal_action_server:/home/dammr/ros2_humble/install/examples_rclpy_minimal_action_client:/home/dammr/ros2_humble/install/examples_rclpy_guard_conditions:/home/dammr/ros2_humble/install/examples_rclpy_executors:/home/dammr/ros2_humble/install/demo_nodes_py:/home/dammr/ros2_humble/install/camera_info_manager_py:/home/dammr/ros2_humble/install/action_tutorials_py:/home/dammr/ros2_humble/install/ament_uncrustify:/home/dammr/ros2_humble/install/tracetools_trace:/home/dammr/ros2_humble/install/tracetools_read:/home/dammr/ros2_humble/install/test_tracetools_launch:/home/dammr/ros2_humble/install/test_launch_ros:/home/dammr/ros2_humble/install/sensor_msgs_py:/home/dammr/ros2_humble/install/rpyutils:/home/dammr/ros2_humble/install/rosidl_runtime_py:/home/dammr/ros2_humble/install/rosidl_cli:/home/dammr/ros2_humble/install/launch_pytest:/home/dammr/ros2_humble/install/launch_testing:/home/dammr/ros2_humble/install/launch_yaml:/home/dammr/ros2_humble/install/launch_xml:/home/dammr/ros2_humble/install/launch:/home/dammr/ros2_humble/install/osrf_pycommon:/home/dammr/ros2_humble/install/domain_coordinator:/home/dammr/ros2_humble/install/ament_xmllint:/home/dammr/ros2_humble/install/ament_pyflakes:/home/dammr/ros2_humble/install/ament_pycodestyle:/home/dammr/ros2_humble/install/ament_pep257:/home/dammr/ros2_humble/install/ament_pclint:/home/dammr/ros2_humble/install/ament_package:/home/dammr/ros2_humble/install/ament_mypy:/home/dammr/ros2_humble/install/ament_lint_cmake:/home/dammr/ros2_humble/install/ament_flake8:/home/dammr/ros2_humble/install/ament_copyright:/home/dammr/ros2_humble/install/ament_lint:/home/dammr/ros2_humble/install/ament_index_python:/home/dammr/ros2_humble/install/ament_cpplint:/home/dammr/ros2_humble/install/ament_cppcheck:/home/dammr/ros2_humble/install/ament_clang_tidy:/home/dammr/ros2_humble/install/ament_clang_format /usr/bin/cmake --install /home/dammr/Desktop/magister_ws/UC_SmartFarmRadar/build/ptu_driver
[1.422s] Level 1:colcon.colcon_core.environment:checking '/home/dammr/Desktop/magister_ws/UC_SmartFarmRadar/install/ptu_driver' for CMake config files
[1.422s] Level 1:colcon.colcon_core.shell:create_environment_hook('ptu_driver', 'cmake_prefix_path')
[1.422s] INFO:colcon.colcon_core.shell:Creating environment hook '/home/dammr/Desktop/magister_ws/UC_SmartFarmRadar/install/ptu_driver/share/ptu_driver/hook/cmake_prefix_path.ps1'
[1.423s] INFO:colcon.colcon_core.shell:Creating environment descriptor '/home/dammr/Desktop/magister_ws/UC_SmartFarmRadar/install/ptu_driver/share/ptu_driver/hook/cmake_prefix_path.dsv'
[1.423s] INFO:colcon.colcon_core.shell:Creating environment hook '/home/dammr/Desktop/magister_ws/UC_SmartFarmRadar/install/ptu_driver/share/ptu_driver/hook/cmake_prefix_path.sh'
[1.423s] Level 1:colcon.colcon_core.environment:checking '/home/dammr/Desktop/magister_ws/UC_SmartFarmRadar/install/ptu_driver/lib'
[1.424s] Level 1:colcon.colcon_core.environment:checking '/home/dammr/Desktop/magister_ws/UC_SmartFarmRadar/install/ptu_driver/bin'
[1.424s] Level 1:colcon.colcon_core.environment:checking '/home/dammr/Desktop/magister_ws/UC_SmartFarmRadar/install/ptu_driver/lib/pkgconfig/ptu_driver.pc'
[1.424s] Level 1:colcon.colcon_core.environment:checking '/home/dammr/Desktop/magister_ws/UC_SmartFarmRadar/install/ptu_driver/lib/python3.10/site-packages'
[1.424s] Level 1:colcon.colcon_core.environment:checking '/home/dammr/Desktop/magister_ws/UC_SmartFarmRadar/install/ptu_driver/bin'
[1.424s] INFO:colcon.colcon_core.shell:Creating package script '/home/dammr/Desktop/magister_ws/UC_SmartFarmRadar/install/ptu_driver/share/ptu_driver/package.ps1'
[1.424s] INFO:colcon.colcon_core.shell:Creating package descriptor '/home/dammr/Desktop/magister_ws/UC_SmartFarmRadar/install/ptu_driver/share/ptu_driver/package.dsv'
[1.425s] INFO:colcon.colcon_core.shell:Creating package script '/home/dammr/Desktop/magister_ws/UC_SmartFarmRadar/install/ptu_driver/share/ptu_driver/package.sh'
[1.425s] INFO:colcon.colcon_core.shell:Creating package script '/home/dammr/Desktop/magister_ws/UC_SmartFarmRadar/install/ptu_driver/share/ptu_driver/package.bash'
[1.425s] INFO:colcon.colcon_core.shell:Creating package script '/home/dammr/Desktop/magister_ws/UC_SmartFarmRadar/install/ptu_driver/share/ptu_driver/package.zsh'
[1.425s] Level 1:colcon.colcon_core.environment:create_file_with_runtime_dependencies(/home/dammr/Desktop/magister_ws/UC_SmartFarmRadar/install/ptu_driver/share/colcon-core/packages/ptu_driver)
[1.426s] Level 1:colcon.colcon_core.environment:create_environment_scripts_only(ptu_driver)
[1.426s] Level 1:colcon.colcon_core.environment:checking '/home/dammr/Desktop/magister_ws/UC_SmartFarmRadar/install/ptu_driver' for CMake module files
[1.426s] Level 1:colcon.colcon_core.environment:checking '/home/dammr/Desktop/magister_ws/UC_SmartFarmRadar/install/ptu_driver' for CMake config files
[1.426s] Level 1:colcon.colcon_core.shell:create_environment_hook('ptu_driver', 'cmake_prefix_path')
[1.426s] INFO:colcon.colcon_core.shell:Creating environment hook '/home/dammr/Desktop/magister_ws/UC_SmartFarmRadar/install/ptu_driver/share/ptu_driver/hook/cmake_prefix_path.ps1'
[1.427s] INFO:colcon.colcon_core.shell:Creating environment descriptor '/home/dammr/Desktop/magister_ws/UC_SmartFarmRadar/install/ptu_driver/share/ptu_driver/hook/cmake_prefix_path.dsv'
[1.427s] INFO:colcon.colcon_core.shell:Creating environment hook '/home/dammr/Desktop/magister_ws/UC_SmartFarmRadar/install/ptu_driver/share/ptu_driver/hook/cmake_prefix_path.sh'
[1.427s] Level 1:colcon.colcon_core.environment:checking '/home/dammr/Desktop/magister_ws/UC_SmartFarmRadar/install/ptu_driver/lib'
[1.427s] Level 1:colcon.colcon_core.environment:checking '/home/dammr/Desktop/magister_ws/UC_SmartFarmRadar/install/ptu_driver/bin'
[1.427s] Level 1:colcon.colcon_core.environment:checking '/home/dammr/Desktop/magister_ws/UC_SmartFarmRadar/install/ptu_driver/lib/pkgconfig/ptu_driver.pc'
[1.428s] Level 1:colcon.colcon_core.environment:checking '/home/dammr/Desktop/magister_ws/UC_SmartFarmRadar/install/ptu_driver/lib/python3.10/site-packages'
[1.428s] Level 1:colcon.colcon_core.environment:checking '/home/dammr/Desktop/magister_ws/UC_SmartFarmRadar/install/ptu_driver/bin'
[1.428s] INFO:colcon.colcon_core.shell:Creating package script '/home/dammr/Desktop/magister_ws/UC_SmartFarmRadar/install/ptu_driver/share/ptu_driver/package.ps1'
[1.428s] INFO:colcon.colcon_core.shell:Creating package descriptor '/home/dammr/Desktop/magister_ws/UC_SmartFarmRadar/install/ptu_driver/share/ptu_driver/package.dsv'
[1.428s] INFO:colcon.colcon_core.shell:Creating package script '/home/dammr/Desktop/magister_ws/UC_SmartFarmRadar/install/ptu_driver/share/ptu_driver/package.sh'
[1.429s] INFO:colcon.colcon_core.shell:Creating package script '/home/dammr/Desktop/magister_ws/UC_SmartFarmRadar/install/ptu_driver/share/ptu_driver/package.bash'
[1.429s] INFO:colcon.colcon_core.shell:Creating package script '/home/dammr/Desktop/magister_ws/UC_SmartFarmRadar/install/ptu_driver/share/ptu_driver/package.zsh'
[1.429s] Level 1:colcon.colcon_core.environment:create_file_with_runtime_dependencies(/home/dammr/Desktop/magister_ws/UC_SmartFarmRadar/install/ptu_driver/share/colcon-core/packages/ptu_driver)
[1.846s] DEBUG:colcon.colcon_core.event_handler.log_command:Invoked command in '/home/dammr/Desktop/magister_ws/UC_SmartFarmRadar/build/radar_msg' returned '0': CMAKE_PREFIX_PATH=${CMAKE_PREFIX_PATH}:/opt/ros/humble:/home/dammr/ros2_humble/install/rqt_bag_plugins:/home/dammr/ros2_humble/install/rqt_bag:/home/dammr/ros2_humble/install/launch_testing_examples:/home/dammr/ros2_humble/install/ros2bag:/home/dammr/ros2_humble/install/tracetools_test:/home/dammr/ros2_humble/install/tracetools_launch:/home/dammr/ros2_humble/install/topic_monitor:/home/dammr/ros2_humble/install/tf2_tools:/home/dammr/ros2_humble/install/examples_tf2_py:/home/dammr/ros2_humble/install/tf2_ros_py:/home/dammr/ros2_humble/install/sros2:/home/dammr/ros2_humble/install/rqt_topic:/home/dammr/ros2_humble/install/rqt_srv:/home/dammr/ros2_humble/install/rqt_shell:/home/dammr/ros2_humble/install/rqt_service_caller:/home/dammr/ros2_humble/install/rqt_reconfigure:/home/dammr/ros2_humble/install/rqt_py_console:/home/dammr/ros2_humble/install/rqt_publisher:/home/dammr/ros2_humble/install/rqt_plot:/home/dammr/ros2_humble/install/rqt_action:/home/dammr/ros2_humble/install/rqt_msg:/home/dammr/ros2_humble/install/rqt_console:/home/dammr/ros2_humble/install/rqt:/home/dammr/ros2_humble/install/rqt_graph:/home/dammr/ros2_humble/install/rqt_gui_py:/home/dammr/ros2_humble/install/rqt_gui:/home/dammr/ros2_humble/install/ros2trace:/home/dammr/ros2_humble/install/ros2topic:/home/dammr/ros2_humble/install/ros2test:/home/dammr/ros2_humble/install/ros2component:/home/dammr/ros2_humble/install/ros2param:/home/dammr/ros2_humble/install/ros2lifecycle:/home/dammr/ros2_humble/install/ros2service:/home/dammr/ros2_humble/install/ros2run:/home/dammr/ros2_humble/install/ros2launch:/home/dammr/ros2_humble/install/ros2pkg:/home/dammr/ros2_humble/install/ros2node:/home/dammr/ros2_humble/install/ros2multicast:/home/dammr/ros2_humble/install/ros2interface:/home/dammr/ros2_humble/install/ros2doctor:/home/dammr/ros2_humble/install/ros2action:/home/dammr/ros2_humble/install/ros2cli:/home/dammr/ros2_humble/install/quality_of_service_demo_py:/home/dammr/ros2_humble/install/lifecycle_py:/home/dammr/ros2_humble/install/launch_testing_ros:/home/dammr/ros2_humble/install/launch_ros:/home/dammr/ros2_humble/install/examples_rclpy_pointcloud_publisher:/home/dammr/ros2_humble/install/examples_rclpy_minimal_subscriber:/home/dammr/ros2_humble/install/examples_rclpy_minimal_service:/home/dammr/ros2_humble/install/examples_rclpy_minimal_publisher:/home/dammr/ros2_humble/install/examples_rclpy_minimal_client:/home/dammr/ros2_humble/install/examples_rclpy_minimal_action_server:/home/dammr/ros2_humble/install/examples_rclpy_minimal_action_client:/home/dammr/ros2_humble/install/examples_rclpy_guard_conditions:/home/dammr/ros2_humble/install/examples_rclpy_executors:/home/dammr/ros2_humble/install/demo_nodes_py:/home/dammr/ros2_humble/install/camera_info_manager_py:/home/dammr/ros2_humble/install/action_tutorials_py:/home/dammr/ros2_humble/install/ament_uncrustify:/home/dammr/ros2_humble/install/tracetools_trace:/home/dammr/ros2_humble/install/tracetools_read:/home/dammr/ros2_humble/install/test_tracetools_launch:/home/dammr/ros2_humble/install/test_launch_ros:/home/dammr/ros2_humble/install/sensor_msgs_py:/home/dammr/ros2_humble/install/rpyutils:/home/dammr/ros2_humble/install/rosidl_runtime_py:/home/dammr/ros2_humble/install/rosidl_cli:/home/dammr/ros2_humble/install/launch_pytest:/home/dammr/ros2_humble/install/launch_testing:/home/dammr/ros2_humble/install/launch_yaml:/home/dammr/ros2_humble/install/launch_xml:/home/dammr/ros2_humble/install/launch:/home/dammr/ros2_humble/install/osrf_pycommon:/home/dammr/ros2_humble/install/domain_coordinator:/home/dammr/ros2_humble/install/ament_xmllint:/home/dammr/ros2_humble/install/ament_pyflakes:/home/dammr/ros2_humble/install/ament_pycodestyle:/home/dammr/ros2_humble/install/ament_pep257:/home/dammr/ros2_humble/install/ament_pclint:/home/dammr/ros2_humble/install/ament_package:/home/dammr/ros2_humble/install/ament_mypy:/home/dammr/ros2_humble/install/ament_lint_cmake:/home/dammr/ros2_humble/install/ament_flake8:/home/dammr/ros2_humble/install/ament_copyright:/home/dammr/ros2_humble/install/ament_lint:/home/dammr/ros2_humble/install/ament_index_python:/home/dammr/ros2_humble/install/ament_cpplint:/home/dammr/ros2_humble/install/ament_cppcheck:/home/dammr/ros2_humble/install/ament_clang_tidy:/home/dammr/ros2_humble/install/ament_clang_format /usr/bin/cmake --build /home/dammr/Desktop/magister_ws/UC_SmartFarmRadar/build/radar_msg -- -j12 -l12
[1.848s] DEBUG:colcon.colcon_core.event_handler.log_command:Invoking command in '/home/dammr/Desktop/magister_ws/UC_SmartFarmRadar/build/radar_msg': CMAKE_PREFIX_PATH=${CMAKE_PREFIX_PATH}:/opt/ros/humble:/home/dammr/ros2_humble/install/rqt_bag_plugins:/home/dammr/ros2_humble/install/rqt_bag:/home/dammr/ros2_humble/install/launch_testing_examples:/home/dammr/ros2_humble/install/ros2bag:/home/dammr/ros2_humble/install/tracetools_test:/home/dammr/ros2_humble/install/tracetools_launch:/home/dammr/ros2_humble/install/topic_monitor:/home/dammr/ros2_humble/install/tf2_tools:/home/dammr/ros2_humble/install/examples_tf2_py:/home/dammr/ros2_humble/install/tf2_ros_py:/home/dammr/ros2_humble/install/sros2:/home/dammr/ros2_humble/install/rqt_topic:/home/dammr/ros2_humble/install/rqt_srv:/home/dammr/ros2_humble/install/rqt_shell:/home/dammr/ros2_humble/install/rqt_service_caller:/home/dammr/ros2_humble/install/rqt_reconfigure:/home/dammr/ros2_humble/install/rqt_py_console:/home/dammr/ros2_humble/install/rqt_publisher:/home/dammr/ros2_humble/install/rqt_plot:/home/dammr/ros2_humble/install/rqt_action:/home/dammr/ros2_humble/install/rqt_msg:/home/dammr/ros2_humble/install/rqt_console:/home/dammr/ros2_humble/install/rqt:/home/dammr/ros2_humble/install/rqt_graph:/home/dammr/ros2_humble/install/rqt_gui_py:/home/dammr/ros2_humble/install/rqt_gui:/home/dammr/ros2_humble/install/ros2trace:/home/dammr/ros2_humble/install/ros2topic:/home/dammr/ros2_humble/install/ros2test:/home/dammr/ros2_humble/install/ros2component:/home/dammr/ros2_humble/install/ros2param:/home/dammr/ros2_humble/install/ros2lifecycle:/home/dammr/ros2_humble/install/ros2service:/home/dammr/ros2_humble/install/ros2run:/home/dammr/ros2_humble/install/ros2launch:/home/dammr/ros2_humble/install/ros2pkg:/home/dammr/ros2_humble/install/ros2node:/home/dammr/ros2_humble/install/ros2multicast:/home/dammr/ros2_humble/install/ros2interface:/home/dammr/ros2_humble/install/ros2doctor:/home/dammr/ros2_humble/install/ros2action:/home/dammr/ros2_humble/install/ros2cli:/home/dammr/ros2_humble/install/quality_of_service_demo_py:/home/dammr/ros2_humble/install/lifecycle_py:/home/dammr/ros2_humble/install/launch_testing_ros:/home/dammr/ros2_humble/install/launch_ros:/home/dammr/ros2_humble/install/examples_rclpy_pointcloud_publisher:/home/dammr/ros2_humble/install/examples_rclpy_minimal_subscriber:/home/dammr/ros2_humble/install/examples_rclpy_minimal_service:/home/dammr/ros2_humble/install/examples_rclpy_minimal_publisher:/home/dammr/ros2_humble/install/examples_rclpy_minimal_client:/home/dammr/ros2_humble/install/examples_rclpy_minimal_action_server:/home/dammr/ros2_humble/install/examples_rclpy_minimal_action_client:/home/dammr/ros2_humble/install/examples_rclpy_guard_conditions:/home/dammr/ros2_humble/install/examples_rclpy_executors:/home/dammr/ros2_humble/install/demo_nodes_py:/home/dammr/ros2_humble/install/camera_info_manager_py:/home/dammr/ros2_humble/install/action_tutorials_py:/home/dammr/ros2_humble/install/ament_uncrustify:/home/dammr/ros2_humble/install/tracetools_trace:/home/dammr/ros2_humble/install/tracetools_read:/home/dammr/ros2_humble/install/test_tracetools_launch:/home/dammr/ros2_humble/install/test_launch_ros:/home/dammr/ros2_humble/install/sensor_msgs_py:/home/dammr/ros2_humble/install/rpyutils:/home/dammr/ros2_humble/install/rosidl_runtime_py:/home/dammr/ros2_humble/install/rosidl_cli:/home/dammr/ros2_humble/install/launch_pytest:/home/dammr/ros2_humble/install/launch_testing:/home/dammr/ros2_humble/install/launch_yaml:/home/dammr/ros2_humble/install/launch_xml:/home/dammr/ros2_humble/install/launch:/home/dammr/ros2_humble/install/osrf_pycommon:/home/dammr/ros2_humble/install/domain_coordinator:/home/dammr/ros2_humble/install/ament_xmllint:/home/dammr/ros2_humble/install/ament_pyflakes:/home/dammr/ros2_humble/install/ament_pycodestyle:/home/dammr/ros2_humble/install/ament_pep257:/home/dammr/ros2_humble/install/ament_pclint:/home/dammr/ros2_humble/install/ament_package:/home/dammr/ros2_humble/install/ament_mypy:/home/dammr/ros2_humble/install/ament_lint_cmake:/home/dammr/ros2_humble/install/ament_flake8:/home/dammr/ros2_humble/install/ament_copyright:/home/dammr/ros2_humble/install/ament_lint:/home/dammr/ros2_humble/install/ament_index_python:/home/dammr/ros2_humble/install/ament_cpplint:/home/dammr/ros2_humble/install/ament_cppcheck:/home/dammr/ros2_humble/install/ament_clang_tidy:/home/dammr/ros2_humble/install/ament_clang_format /usr/bin/cmake --install /home/dammr/Desktop/magister_ws/UC_SmartFarmRadar/build/radar_msg
[1.992s] Level 1:colcon.colcon_core.environment:create_environment_scripts_only(radar_msg)
[1.993s] Level 1:colcon.colcon_core.environment:checking '/home/dammr/Desktop/magister_ws/UC_SmartFarmRadar/install/radar_msg' for CMake module files
[1.993s] DEBUG:colcon.colcon_core.event_handler.log_command:Invoked command in '/home/dammr/Desktop/magister_ws/UC_SmartFarmRadar/build/radar_msg' returned '0': CMAKE_PREFIX_PATH=${CMAKE_PREFIX_PATH}:/opt/ros/humble:/home/dammr/ros2_humble/install/rqt_bag_plugins:/home/dammr/ros2_humble/install/rqt_bag:/home/dammr/ros2_humble/install/launch_testing_examples:/home/dammr/ros2_humble/install/ros2bag:/home/dammr/ros2_humble/install/tracetools_test:/home/dammr/ros2_humble/install/tracetools_launch:/home/dammr/ros2_humble/install/topic_monitor:/home/dammr/ros2_humble/install/tf2_tools:/home/dammr/ros2_humble/install/examples_tf2_py:/home/dammr/ros2_humble/install/tf2_ros_py:/home/dammr/ros2_humble/install/sros2:/home/dammr/ros2_humble/install/rqt_topic:/home/dammr/ros2_humble/install/rqt_srv:/home/dammr/ros2_humble/install/rqt_shell:/home/dammr/ros2_humble/install/rqt_service_caller:/home/dammr/ros2_humble/install/rqt_reconfigure:/home/dammr/ros2_humble/install/rqt_py_console:/home/dammr/ros2_humble/install/rqt_publisher:/home/dammr/ros2_humble/install/rqt_plot:/home/dammr/ros2_humble/install/rqt_action:/home/dammr/ros2_humble/install/rqt_msg:/home/dammr/ros2_humble/install/rqt_console:/home/dammr/ros2_humble/install/rqt:/home/dammr/ros2_humble/install/rqt_graph:/home/dammr/ros2_humble/install/rqt_gui_py:/home/dammr/ros2_humble/install/rqt_gui:/home/dammr/ros2_humble/install/ros2trace:/home/dammr/ros2_humble/install/ros2topic:/home/dammr/ros2_humble/install/ros2test:/home/dammr/ros2_humble/install/ros2component:/home/dammr/ros2_humble/install/ros2param:/home/dammr/ros2_humble/install/ros2lifecycle:/home/dammr/ros2_humble/install/ros2service:/home/dammr/ros2_humble/install/ros2run:/home/dammr/ros2_humble/install/ros2launch:/home/dammr/ros2_humble/install/ros2pkg:/home/dammr/ros2_humble/install/ros2node:/home/dammr/ros2_humble/install/ros2multicast:/home/dammr/ros2_humble/install/ros2interface:/home/dammr/ros2_humble/install/ros2doctor:/home/dammr/ros2_humble/install/ros2action:/home/dammr/ros2_humble/install/ros2cli:/home/dammr/ros2_humble/install/quality_of_service_demo_py:/home/dammr/ros2_humble/install/lifecycle_py:/home/dammr/ros2_humble/install/launch_testing_ros:/home/dammr/ros2_humble/install/launch_ros:/home/dammr/ros2_humble/install/examples_rclpy_pointcloud_publisher:/home/dammr/ros2_humble/install/examples_rclpy_minimal_subscriber:/home/dammr/ros2_humble/install/examples_rclpy_minimal_service:/home/dammr/ros2_humble/install/examples_rclpy_minimal_publisher:/home/dammr/ros2_humble/install/examples_rclpy_minimal_client:/home/dammr/ros2_humble/install/examples_rclpy_minimal_action_server:/home/dammr/ros2_humble/install/examples_rclpy_minimal_action_client:/home/dammr/ros2_humble/install/examples_rclpy_guard_conditions:/home/dammr/ros2_humble/install/examples_rclpy_executors:/home/dammr/ros2_humble/install/demo_nodes_py:/home/dammr/ros2_humble/install/camera_info_manager_py:/home/dammr/ros2_humble/install/action_tutorials_py:/home/dammr/ros2_humble/install/ament_uncrustify:/home/dammr/ros2_humble/install/tracetools_trace:/home/dammr/ros2_humble/install/tracetools_read:/home/dammr/ros2_humble/install/test_tracetools_launch:/home/dammr/ros2_humble/install/test_launch_ros:/home/dammr/ros2_humble/install/sensor_msgs_py:/home/dammr/ros2_humble/install/rpyutils:/home/dammr/ros2_humble/install/rosidl_runtime_py:/home/dammr/ros2_humble/install/rosidl_cli:/home/dammr/ros2_humble/install/launch_pytest:/home/dammr/ros2_humble/install/launch_testing:/home/dammr/ros2_humble/install/launch_yaml:/home/dammr/ros2_humble/install/launch_xml:/home/dammr/ros2_humble/install/launch:/home/dammr/ros2_humble/install/osrf_pycommon:/home/dammr/ros2_humble/install/domain_coordinator:/home/dammr/ros2_humble/install/ament_xmllint:/home/dammr/ros2_humble/install/ament_pyflakes:/home/dammr/ros2_humble/install/ament_pycodestyle:/home/dammr/ros2_humble/install/ament_pep257:/home/dammr/ros2_humble/install/ament_pclint:/home/dammr/ros2_humble/install/ament_package:/home/dammr/ros2_humble/install/ament_mypy:/home/dammr/ros2_humble/install/ament_lint_cmake:/home/dammr/ros2_humble/install/ament_flake8:/home/dammr/ros2_humble/install/ament_copyright:/home/dammr/ros2_humble/install/ament_lint:/home/dammr/ros2_humble/install/ament_index_python:/home/dammr/ros2_humble/install/ament_cpplint:/home/dammr/ros2_humble/install/ament_cppcheck:/home/dammr/ros2_humble/install/ament_clang_tidy:/home/dammr/ros2_humble/install/ament_clang_format /usr/bin/cmake --install /home/dammr/Desktop/magister_ws/UC_SmartFarmRadar/build/radar_msg
[1.994s] Level 1:colcon.colcon_core.environment:checking '/home/dammr/Desktop/magister_ws/UC_SmartFarmRadar/install/radar_msg' for CMake config files
[1.994s] Level 1:colcon.colcon_core.shell:create_environment_hook('radar_msg', 'cmake_prefix_path')
[1.994s] INFO:colcon.colcon_core.shell:Creating environment hook '/home/dammr/Desktop/magister_ws/UC_SmartFarmRadar/install/radar_msg/share/radar_msg/hook/cmake_prefix_path.ps1'
[1.995s] INFO:colcon.colcon_core.shell:Creating environment descriptor '/home/dammr/Desktop/magister_ws/UC_SmartFarmRadar/install/radar_msg/share/radar_msg/hook/cmake_prefix_path.dsv'
[1.995s] INFO:colcon.colcon_core.shell:Creating environment hook '/home/dammr/Desktop/magister_ws/UC_SmartFarmRadar/install/radar_msg/share/radar_msg/hook/cmake_prefix_path.sh'
[1.995s] Level 1:colcon.colcon_core.environment:checking '/home/dammr/Desktop/magister_ws/UC_SmartFarmRadar/install/radar_msg/lib'
[1.996s] Level 1:colcon.colcon_core.shell:create_environment_hook('radar_msg', 'ld_library_path_lib')
[1.996s] INFO:colcon.colcon_core.shell:Creating environment hook '/home/dammr/Desktop/magister_ws/UC_SmartFarmRadar/install/radar_msg/share/radar_msg/hook/ld_library_path_lib.ps1'
[1.996s] INFO:colcon.colcon_core.shell:Creating environment descriptor '/home/dammr/Desktop/magister_ws/UC_SmartFarmRadar/install/radar_msg/share/radar_msg/hook/ld_library_path_lib.dsv'
[1.996s] INFO:colcon.colcon_core.shell:Creating environment hook '/home/dammr/Desktop/magister_ws/UC_SmartFarmRadar/install/radar_msg/share/radar_msg/hook/ld_library_path_lib.sh'
[1.996s] Level 1:colcon.colcon_core.environment:checking '/home/dammr/Desktop/magister_ws/UC_SmartFarmRadar/install/radar_msg/bin'
[1.996s] Level 1:colcon.colcon_core.environment:checking '/home/dammr/Desktop/magister_ws/UC_SmartFarmRadar/install/radar_msg/lib/pkgconfig/radar_msg.pc'
[1.997s] Level 1:colcon.colcon_core.environment:checking '/home/dammr/Desktop/magister_ws/UC_SmartFarmRadar/install/radar_msg/lib/python3.10/site-packages'
[1.997s] Level 1:colcon.colcon_core.environment:checking '/home/dammr/Desktop/magister_ws/UC_SmartFarmRadar/install/radar_msg/bin'
[1.997s] INFO:colcon.colcon_core.shell:Creating package script '/home/dammr/Desktop/magister_ws/UC_SmartFarmRadar/install/radar_msg/share/radar_msg/package.ps1'
[1.997s] INFO:colcon.colcon_core.shell:Creating package descriptor '/home/dammr/Desktop/magister_ws/UC_SmartFarmRadar/install/radar_msg/share/radar_msg/package.dsv'
[1.998s] INFO:colcon.colcon_core.shell:Creating package script '/home/dammr/Desktop/magister_ws/UC_SmartFarmRadar/install/radar_msg/share/radar_msg/package.sh'
[1.998s] INFO:colcon.colcon_core.shell:Creating package script '/home/dammr/Desktop/magister_ws/UC_SmartFarmRadar/install/radar_msg/share/radar_msg/package.bash'
[1.998s] INFO:colcon.colcon_core.shell:Creating package script '/home/dammr/Desktop/magister_ws/UC_SmartFarmRadar/install/radar_msg/share/radar_msg/package.zsh'
[1.998s] Level 1:colcon.colcon_core.environment:create_file_with_runtime_dependencies(/home/dammr/Desktop/magister_ws/UC_SmartFarmRadar/install/radar_msg/share/colcon-core/packages/radar_msg)
[1.999s] Level 1:colcon.colcon_core.environment:create_environment_scripts_only(radar_msg)
[1.999s] Level 1:colcon.colcon_core.environment:checking '/home/dammr/Desktop/magister_ws/UC_SmartFarmRadar/install/radar_msg' for CMake module files
[1.999s] Level 1:colcon.colcon_core.environment:checking '/home/dammr/Desktop/magister_ws/UC_SmartFarmRadar/install/radar_msg' for CMake config files
[2.000s] Level 1:colcon.colcon_core.shell:create_environment_hook('radar_msg', 'cmake_prefix_path')
[2.000s] INFO:colcon.colcon_core.shell:Creating environment hook '/home/dammr/Desktop/magister_ws/UC_SmartFarmRadar/install/radar_msg/share/radar_msg/hook/cmake_prefix_path.ps1'
[2.000s] INFO:colcon.colcon_core.shell:Creating environment descriptor '/home/dammr/Desktop/magister_ws/UC_SmartFarmRadar/install/radar_msg/share/radar_msg/hook/cmake_prefix_path.dsv'
[2.000s] INFO:colcon.colcon_core.shell:Creating environment hook '/home/dammr/Desktop/magister_ws/UC_SmartFarmRadar/install/radar_msg/share/radar_msg/hook/cmake_prefix_path.sh'
[2.001s] Level 1:colcon.colcon_core.environment:checking '/home/dammr/Desktop/magister_ws/UC_SmartFarmRadar/install/radar_msg/lib'
[2.001s] Level 1:colcon.colcon_core.shell:create_environment_hook('radar_msg', 'ld_library_path_lib')
[2.001s] INFO:colcon.colcon_core.shell:Creating environment hook '/home/dammr/Desktop/magister_ws/UC_SmartFarmRadar/install/radar_msg/share/radar_msg/hook/ld_library_path_lib.ps1'
[2.001s] INFO:colcon.colcon_core.shell:Creating environment descriptor '/home/dammr/Desktop/magister_ws/UC_SmartFarmRadar/install/radar_msg/share/radar_msg/hook/ld_library_path_lib.dsv'
[2.002s] INFO:colcon.colcon_core.shell:Creating environment hook '/home/dammr/Desktop/magister_ws/UC_SmartFarmRadar/install/radar_msg/share/radar_msg/hook/ld_library_path_lib.sh'
[2.002s] Level 1:colcon.colcon_core.environment:checking '/home/dammr/Desktop/magister_ws/UC_SmartFarmRadar/install/radar_msg/bin'
[2.002s] Level 1:colcon.colcon_core.environment:checking '/home/dammr/Desktop/magister_ws/UC_SmartFarmRadar/install/radar_msg/lib/pkgconfig/radar_msg.pc'
[2.002s] Level 1:colcon.colcon_core.environment:checking '/home/dammr/Desktop/magister_ws/UC_SmartFarmRadar/install/radar_msg/lib/python3.10/site-packages'
[2.002s] Level 1:colcon.colcon_core.environment:checking '/home/dammr/Desktop/magister_ws/UC_SmartFarmRadar/install/radar_msg/bin'
[2.003s] INFO:colcon.colcon_core.shell:Creating package script '/home/dammr/Desktop/magister_ws/UC_SmartFarmRadar/install/radar_msg/share/radar_msg/package.ps1'
[2.003s] INFO:colcon.colcon_core.shell:Creating package descriptor '/home/dammr/Desktop/magister_ws/UC_SmartFarmRadar/install/radar_msg/share/radar_msg/package.dsv'
[2.004s] INFO:colcon.colcon_core.shell:Creating package script '/home/dammr/Desktop/magister_ws/UC_SmartFarmRadar/install/radar_msg/share/radar_msg/package.sh'
[2.004s] INFO:colcon.colcon_core.shell:Creating package script '/home/dammr/Desktop/magister_ws/UC_SmartFarmRadar/install/radar_msg/share/radar_msg/package.bash'
[2.005s] INFO:colcon.colcon_core.shell:Creating package script '/home/dammr/Desktop/magister_ws/UC_SmartFarmRadar/install/radar_msg/share/radar_msg/package.zsh'
[2.005s] Level 1:colcon.colcon_core.environment:create_file_with_runtime_dependencies(/home/dammr/Desktop/magister_ws/UC_SmartFarmRadar/install/radar_msg/share/colcon-core/packages/radar_msg)
[2.005s] INFO:colcon.colcon_ros.task.ament_python.build:Building ROS package in '/home/dammr/Desktop/magister_ws/UC_SmartFarmRadar/ptu_package' with build type 'ament_python'
[2.005s] Level 1:colcon.colcon_core.shell:create_environment_hook('ptu_package', 'ament_prefix_path')
[2.005s] INFO:colcon.colcon_core.shell:Creating environment hook '/home/dammr/Desktop/magister_ws/UC_SmartFarmRadar/install/ptu_package/share/ptu_package/hook/ament_prefix_path.ps1'
[2.006s] INFO:colcon.colcon_core.shell:Creating environment descriptor '/home/dammr/Desktop/magister_ws/UC_SmartFarmRadar/install/ptu_package/share/ptu_package/hook/ament_prefix_path.dsv'
[2.007s] INFO:colcon.colcon_core.shell:Creating environment hook '/home/dammr/Desktop/magister_ws/UC_SmartFarmRadar/install/ptu_package/share/ptu_package/hook/ament_prefix_path.sh'
[2.007s] INFO:colcon.colcon_core.shell:Skip shell extension 'powershell' for command environment: Not usable outside of PowerShell
[2.007s] DEBUG:colcon.colcon_core.shell:Skip shell extension 'dsv' for command environment
[2.024s] INFO:colcon.colcon_ros.task.ament_python.build:Building ROS package in '/home/dammr/Desktop/magister_ws/UC_SmartFarmRadar/radar_package' with build type 'ament_python'
[2.024s] Level 1:colcon.colcon_core.shell:create_environment_hook('radar_package', 'ament_prefix_path')
[2.025s] INFO:colcon.colcon_core.shell:Creating environment hook '/home/dammr/Desktop/magister_ws/UC_SmartFarmRadar/install/radar_package/share/radar_package/hook/ament_prefix_path.ps1'
[2.025s] INFO:colcon.colcon_core.shell:Creating environment descriptor '/home/dammr/Desktop/magister_ws/UC_SmartFarmRadar/install/radar_package/share/radar_package/hook/ament_prefix_path.dsv'
[2.025s] INFO:colcon.colcon_core.shell:Creating environment hook '/home/dammr/Desktop/magister_ws/UC_SmartFarmRadar/install/radar_package/share/radar_package/hook/ament_prefix_path.sh'
[2.026s] INFO:colcon.colcon_core.shell:Skip shell extension 'powershell' for command environment: Not usable outside of PowerShell
[2.026s] DEBUG:colcon.colcon_core.shell:Skip shell extension 'dsv' for command environment
[2.042s] INFO:colcon.colcon_ros.task.ament_python.build:Building ROS package in '/home/dammr/Desktop/magister_ws/UC_SmartFarmRadar/state_machine' with build type 'ament_python'
[2.042s] Level 1:colcon.colcon_core.shell:create_environment_hook('state_machine', 'ament_prefix_path')
[2.042s] INFO:colcon.colcon_core.shell:Creating environment hook '/home/dammr/Desktop/magister_ws/UC_SmartFarmRadar/install/state_machine/share/state_machine/hook/ament_prefix_path.ps1'
[2.043s] INFO:colcon.colcon_core.shell:Creating environment descriptor '/home/dammr/Desktop/magister_ws/UC_SmartFarmRadar/install/state_machine/share/state_machine/hook/ament_prefix_path.dsv'
[2.043s] INFO:colcon.colcon_core.shell:Creating environment hook '/home/dammr/Desktop/magister_ws/UC_SmartFarmRadar/install/state_machine/share/state_machine/hook/ament_prefix_path.sh'
[2.044s] INFO:colcon.colcon_core.shell:Skip shell extension 'powershell' for command environment: Not usable outside of PowerShell
[2.044s] DEBUG:colcon.colcon_core.shell:Skip shell extension 'dsv' for command environment
[2.432s] INFO:colcon.colcon_core.task.python.build:Building Python package in '/home/dammr/Desktop/magister_ws/UC_SmartFarmRadar/ptu_package'
[2.432s] INFO:colcon.colcon_core.shell:Skip shell extension 'powershell' for command environment: Not usable outside of PowerShell
[2.432s] DEBUG:colcon.colcon_core.shell:Skip shell extension 'dsv' for command environment
[2.819s] INFO:colcon.colcon_core.task.python.build:Building Python package in '/home/dammr/Desktop/magister_ws/UC_SmartFarmRadar/radar_package'
[2.820s] INFO:colcon.colcon_core.shell:Skip shell extension 'powershell' for command environment: Not usable outside of PowerShell
[2.820s] DEBUG:colcon.colcon_core.shell:Skip shell extension 'dsv' for command environment
[3.205s] INFO:colcon.colcon_core.task.python.build:Building Python package in '/home/dammr/Desktop/magister_ws/UC_SmartFarmRadar/state_machine'
[3.206s] INFO:colcon.colcon_core.shell:Skip shell extension 'powershell' for command environment: Not usable outside of PowerShell
[3.206s] DEBUG:colcon.colcon_core.shell:Skip shell extension 'dsv' for command environment
[3.736s] DEBUG:colcon.colcon_core.event_handler.log_command:Invoking command in '/home/dammr/Desktop/magister_ws/UC_SmartFarmRadar/ptu_package': AMENT_PREFIX_PATH=/home/dammr/Desktop/magister_ws/UC_SmartFarmRadar/install/radar_msg:${AMENT_PREFIX_PATH} CMAKE_PREFIX_PATH=/home/dammr/Desktop/magister_ws/UC_SmartFarmRadar/install/radar_msg:${CMAKE_PREFIX_PATH} LD_LIBRARY_PATH=/home/dammr/Desktop/magister_ws/UC_SmartFarmRadar/install/radar_msg/lib:${LD_LIBRARY_PATH} PYTHONPATH=/home/dammr/Desktop/magister_ws/UC_SmartFarmRadar/build/ptu_package/prefix_override:/usr/lib/python3/dist-packages/colcon_core/task/python/colcon_distutils_commands:/home/dammr/Desktop/magister_ws/UC_SmartFarmRadar/install/ptu_package/lib/python3.10/site-packages:/home/dammr/Desktop/magister_ws/UC_SmartFarmRadar/install/radar_msg/local/lib/python3.10/dist-packages:${PYTHONPATH} /usr/bin/python3 -W ignore:setup.py install is deprecated -W ignore:easy_install command is deprecated setup.py egg_info --egg-base ../build/ptu_package build --build-base /home/dammr/Desktop/magister_ws/UC_SmartFarmRadar/build/ptu_package/build install --record /home/dammr/Desktop/magister_ws/UC_SmartFarmRadar/build/ptu_package/install.log --single-version-externally-managed install_data
[3.738s] DEBUG:colcon.colcon_core.event_handler.log_command:Invoking command in '/home/dammr/Desktop/magister_ws/UC_SmartFarmRadar/radar_package': AMENT_PREFIX_PATH=/home/dammr/Desktop/magister_ws/UC_SmartFarmRadar/install/radar_msg:${AMENT_PREFIX_PATH} CMAKE_PREFIX_PATH=/home/dammr/Desktop/magister_ws/UC_SmartFarmRadar/install/radar_msg:${CMAKE_PREFIX_PATH} LD_LIBRARY_PATH=/home/dammr/Desktop/magister_ws/UC_SmartFarmRadar/install/radar_msg/lib:${LD_LIBRARY_PATH} PYTHONPATH=/home/dammr/Desktop/magister_ws/UC_SmartFarmRadar/build/radar_package/prefix_override:/usr/lib/python3/dist-packages/colcon_core/task/python/colcon_distutils_commands:/home/dammr/Desktop/magister_ws/UC_SmartFarmRadar/install/radar_package/lib/python3.10/site-packages:/home/dammr/Desktop/magister_ws/UC_SmartFarmRadar/install/radar_msg/local/lib/python3.10/dist-packages:${PYTHONPATH} /usr/bin/python3 -W ignore:setup.py install is deprecated -W ignore:easy_install command is deprecated setup.py egg_info --egg-base ../build/radar_package build --build-base /home/dammr/Desktop/magister_ws/UC_SmartFarmRadar/build/radar_package/build install --record /home/dammr/Desktop/magister_ws/UC_SmartFarmRadar/build/radar_package/install.log --single-version-externally-managed install_data
[3.739s] DEBUG:colcon.colcon_core.event_handler.log_command:Invoking command in '/home/dammr/Desktop/magister_ws/UC_SmartFarmRadar/state_machine': AMENT_PREFIX_PATH=/home/dammr/Desktop/magister_ws/UC_SmartFarmRadar/install/radar_msg:${AMENT_PREFIX_PATH} CMAKE_PREFIX_PATH=/home/dammr/Desktop/magister_ws/UC_SmartFarmRadar/install/radar_msg:${CMAKE_PREFIX_PATH} LD_LIBRARY_PATH=/home/dammr/Desktop/magister_ws/UC_SmartFarmRadar/install/radar_msg/lib:${LD_LIBRARY_PATH} PYTHONPATH=/home/dammr/Desktop/magister_ws/UC_SmartFarmRadar/build/state_machine/prefix_override:/usr/lib/python3/dist-packages/colcon_core/task/python/colcon_distutils_commands:/home/dammr/Desktop/magister_ws/UC_SmartFarmRadar/install/state_machine/lib/python3.10/site-packages:/home/dammr/Desktop/magister_ws/UC_SmartFarmRadar/install/radar_msg/local/lib/python3.10/dist-packages:${PYTHONPATH} /usr/bin/python3 -W ignore:setup.py install is deprecated -W ignore:easy_install command is deprecated setup.py egg_info --egg-base ../build/state_machine build --build-base /home/dammr/Desktop/magister_ws/UC_SmartFarmRadar/build/state_machine/build install --record /home/dammr/Desktop/magister_ws/UC_SmartFarmRadar/build/state_machine/install.log --single-version-externally-managed install_data
[4.155s] Level 1:colcon.colcon_core.environment:checking '/home/dammr/Desktop/magister_ws/UC_SmartFarmRadar/install/ptu_package' for CMake module files
[4.155s] DEBUG:colcon.colcon_core.event_handler.log_command:Invoked command in '/home/dammr/Desktop/magister_ws/UC_SmartFarmRadar/ptu_package' returned '0': AMENT_PREFIX_PATH=/home/dammr/Desktop/magister_ws/UC_SmartFarmRadar/install/radar_msg:${AMENT_PREFIX_PATH} CMAKE_PREFIX_PATH=/home/dammr/Desktop/magister_ws/UC_SmartFarmRadar/install/radar_msg:${CMAKE_PREFIX_PATH} LD_LIBRARY_PATH=/home/dammr/Desktop/magister_ws/UC_SmartFarmRadar/install/radar_msg/lib:${LD_LIBRARY_PATH} PYTHONPATH=/home/dammr/Desktop/magister_ws/UC_SmartFarmRadar/build/ptu_package/prefix_override:/usr/lib/python3/dist-packages/colcon_core/task/python/colcon_distutils_commands:/home/dammr/Desktop/magister_ws/UC_SmartFarmRadar/install/ptu_package/lib/python3.10/site-packages:/home/dammr/Desktop/magister_ws/UC_SmartFarmRadar/install/radar_msg/local/lib/python3.10/dist-packages:${PYTHONPATH} /usr/bin/python3 -W ignore:setup.py install is deprecated -W ignore:easy_install command is deprecated setup.py egg_info --egg-base ../build/ptu_package build --build-base /home/dammr/Desktop/magister_ws/UC_SmartFarmRadar/build/ptu_package/build install --record /home/dammr/Desktop/magister_ws/UC_SmartFarmRadar/build/ptu_package/install.log --single-version-externally-managed install_data
[4.156s] Level 1:colcon.colcon_core.environment:checking '/home/dammr/Desktop/magister_ws/UC_SmartFarmRadar/install/ptu_package' for CMake config files
[4.156s] Level 1:colcon.colcon_core.environment:checking '/home/dammr/Desktop/magister_ws/UC_SmartFarmRadar/install/ptu_package/lib'
[4.156s] Level 1:colcon.colcon_core.environment:checking '/home/dammr/Desktop/magister_ws/UC_SmartFarmRadar/install/ptu_package/bin'
[4.156s] Level 1:colcon.colcon_core.environment:checking '/home/dammr/Desktop/magister_ws/UC_SmartFarmRadar/install/ptu_package/lib/pkgconfig/ptu_package.pc'
[4.157s] Level 1:colcon.colcon_core.environment:checking '/home/dammr/Desktop/magister_ws/UC_SmartFarmRadar/install/ptu_package/lib/python3.10/site-packages'
[4.157s] Level 1:colcon.colcon_core.shell:create_environment_hook('ptu_package', 'pythonpath')
[4.157s] INFO:colcon.colcon_core.shell:Creating environment hook '/home/dammr/Desktop/magister_ws/UC_SmartFarmRadar/install/ptu_package/share/ptu_package/hook/pythonpath.ps1'
[4.157s] INFO:colcon.colcon_core.shell:Creating environment descriptor '/home/dammr/Desktop/magister_ws/UC_SmartFarmRadar/install/ptu_package/share/ptu_package/hook/pythonpath.dsv'
[4.158s] INFO:colcon.colcon_core.shell:Creating environment hook '/home/dammr/Desktop/magister_ws/UC_SmartFarmRadar/install/ptu_package/share/ptu_package/hook/pythonpath.sh'
[4.158s] Level 1:colcon.colcon_core.environment:checking '/home/dammr/Desktop/magister_ws/UC_SmartFarmRadar/install/ptu_package/bin'
[4.158s] Level 1:colcon.colcon_core.environment:create_environment_scripts_only(ptu_package)
[4.158s] INFO:colcon.colcon_core.shell:Creating package script '/home/dammr/Desktop/magister_ws/UC_SmartFarmRadar/install/ptu_package/share/ptu_package/package.ps1'
[4.159s] INFO:colcon.colcon_core.shell:Creating package descriptor '/home/dammr/Desktop/magister_ws/UC_SmartFarmRadar/install/ptu_package/share/ptu_package/package.dsv'
[4.159s] INFO:colcon.colcon_core.shell:Creating package script '/home/dammr/Desktop/magister_ws/UC_SmartFarmRadar/install/ptu_package/share/ptu_package/package.sh'
[4.159s] INFO:colcon.colcon_core.shell:Creating package script '/home/dammr/Desktop/magister_ws/UC_SmartFarmRadar/install/ptu_package/share/ptu_package/package.bash'
[4.159s] INFO:colcon.colcon_core.shell:Creating package script '/home/dammr/Desktop/magister_ws/UC_SmartFarmRadar/install/ptu_package/share/ptu_package/package.zsh'
[4.160s] Level 1:colcon.colcon_core.environment:create_file_with_runtime_dependencies(/home/dammr/Desktop/magister_ws/UC_SmartFarmRadar/install/ptu_package/share/colcon-core/packages/ptu_package)
[4.161s] Level 1:colcon.colcon_core.environment:checking '/home/dammr/Desktop/magister_ws/UC_SmartFarmRadar/install/state_machine' for CMake module files
[4.161s] DEBUG:colcon.colcon_core.event_handler.log_command:Invoked command in '/home/dammr/Desktop/magister_ws/UC_SmartFarmRadar/state_machine' returned '0': AMENT_PREFIX_PATH=/home/dammr/Desktop/magister_ws/UC_SmartFarmRadar/install/radar_msg:${AMENT_PREFIX_PATH} CMAKE_PREFIX_PATH=/home/dammr/Desktop/magister_ws/UC_SmartFarmRadar/install/radar_msg:${CMAKE_PREFIX_PATH} LD_LIBRARY_PATH=/home/dammr/Desktop/magister_ws/UC_SmartFarmRadar/install/radar_msg/lib:${LD_LIBRARY_PATH} PYTHONPATH=/home/dammr/Desktop/magister_ws/UC_SmartFarmRadar/build/state_machine/prefix_override:/usr/lib/python3/dist-packages/colcon_core/task/python/colcon_distutils_commands:/home/dammr/Desktop/magister_ws/UC_SmartFarmRadar/install/state_machine/lib/python3.10/site-packages:/home/dammr/Desktop/magister_ws/UC_SmartFarmRadar/install/radar_msg/local/lib/python3.10/dist-packages:${PYTHONPATH} /usr/bin/python3 -W ignore:setup.py install is deprecated -W ignore:easy_install command is deprecated setup.py egg_info --egg-base ../build/state_machine build --build-base /home/dammr/Desktop/magister_ws/UC_SmartFarmRadar/build/state_machine/build install --record /home/dammr/Desktop/magister_ws/UC_SmartFarmRadar/build/state_machine/install.log --single-version-externally-managed install_data
[4.162s] Level 1:colcon.colcon_core.environment:checking '/home/dammr/Desktop/magister_ws/UC_SmartFarmRadar/install/state_machine' for CMake config files
[4.162s] Level 1:colcon.colcon_core.environment:checking '/home/dammr/Desktop/magister_ws/UC_SmartFarmRadar/install/state_machine/lib'
[4.162s] Level 1:colcon.colcon_core.environment:checking '/home/dammr/Desktop/magister_ws/UC_SmartFarmRadar/install/state_machine/bin'
[4.162s] Level 1:colcon.colcon_core.environment:checking '/home/dammr/Desktop/magister_ws/UC_SmartFarmRadar/install/state_machine/lib/pkgconfig/state_machine.pc'
[4.162s] Level 1:colcon.colcon_core.environment:checking '/home/dammr/Desktop/magister_ws/UC_SmartFarmRadar/install/state_machine/lib/python3.10/site-packages'
[4.162s] Level 1:colcon.colcon_core.shell:create_environment_hook('state_machine', 'pythonpath')
[4.162s] INFO:colcon.colcon_core.shell:Creating environment hook '/home/dammr/Desktop/magister_ws/UC_SmartFarmRadar/install/state_machine/share/state_machine/hook/pythonpath.ps1'
[4.163s] INFO:colcon.colcon_core.shell:Creating environment descriptor '/home/dammr/Desktop/magister_ws/UC_SmartFarmRadar/install/state_machine/share/state_machine/hook/pythonpath.dsv'
[4.163s] INFO:colcon.colcon_core.shell:Creating environment hook '/home/dammr/Desktop/magister_ws/UC_SmartFarmRadar/install/state_machine/share/state_machine/hook/pythonpath.sh'
[4.163s] Level 1:colcon.colcon_core.environment:checking '/home/dammr/Desktop/magister_ws/UC_SmartFarmRadar/install/state_machine/bin'
[4.163s] Level 1:colcon.colcon_core.environment:create_environment_scripts_only(state_machine)
[4.163s] INFO:colcon.colcon_core.shell:Creating package script '/home/dammr/Desktop/magister_ws/UC_SmartFarmRadar/install/state_machine/share/state_machine/package.ps1'
[4.164s] INFO:colcon.colcon_core.shell:Creating package descriptor '/home/dammr/Desktop/magister_ws/UC_SmartFarmRadar/install/state_machine/share/state_machine/package.dsv'
[4.164s] INFO:colcon.colcon_core.shell:Creating package script '/home/dammr/Desktop/magister_ws/UC_SmartFarmRadar/install/state_machine/share/state_machine/package.sh'
[4.164s] INFO:colcon.colcon_core.shell:Creating package script '/home/dammr/Desktop/magister_ws/UC_SmartFarmRadar/install/state_machine/share/state_machine/package.bash'
[4.165s] INFO:colcon.colcon_core.shell:Creating package script '/home/dammr/Desktop/magister_ws/UC_SmartFarmRadar/install/state_machine/share/state_machine/package.zsh'
[4.165s] Level 1:colcon.colcon_core.environment:create_file_with_runtime_dependencies(/home/dammr/Desktop/magister_ws/UC_SmartFarmRadar/install/state_machine/share/colcon-core/packages/state_machine)
[4.165s] Level 1:colcon.colcon_core.environment:checking '/home/dammr/Desktop/magister_ws/UC_SmartFarmRadar/install/radar_package' for CMake module files
[4.166s] DEBUG:colcon.colcon_core.event_handler.log_command:Invoked command in '/home/dammr/Desktop/magister_ws/UC_SmartFarmRadar/radar_package' returned '0': AMENT_PREFIX_PATH=/home/dammr/Desktop/magister_ws/UC_SmartFarmRadar/install/radar_msg:${AMENT_PREFIX_PATH} CMAKE_PREFIX_PATH=/home/dammr/Desktop/magister_ws/UC_SmartFarmRadar/install/radar_msg:${CMAKE_PREFIX_PATH} LD_LIBRARY_PATH=/home/dammr/Desktop/magister_ws/UC_SmartFarmRadar/install/radar_msg/lib:${LD_LIBRARY_PATH} PYTHONPATH=/home/dammr/Desktop/magister_ws/UC_SmartFarmRadar/build/radar_package/prefix_override:/usr/lib/python3/dist-packages/colcon_core/task/python/colcon_distutils_commands:/home/dammr/Desktop/magister_ws/UC_SmartFarmRadar/install/radar_package/lib/python3.10/site-packages:/home/dammr/Desktop/magister_ws/UC_SmartFarmRadar/install/radar_msg/local/lib/python3.10/dist-packages:${PYTHONPATH} /usr/bin/python3 -W ignore:setup.py install is deprecated -W ignore:easy_install command is deprecated setup.py egg_info --egg-base ../build/radar_package build --build-base /home/dammr/Desktop/magister_ws/UC_SmartFarmRadar/build/radar_package/build install --record /home/dammr/Desktop/magister_ws/UC_SmartFarmRadar/build/radar_package/install.log --single-version-externally-managed install_data
[4.166s] Level 1:colcon.colcon_core.environment:checking '/home/dammr/Desktop/magister_ws/UC_SmartFarmRadar/install/radar_package' for CMake config files
[4.167s] Level 1:colcon.colcon_core.environment:checking '/home/dammr/Desktop/magister_ws/UC_SmartFarmRadar/install/radar_package/lib'
[4.167s] Level 1:colcon.colcon_core.environment:checking '/home/dammr/Desktop/magister_ws/UC_SmartFarmRadar/install/radar_package/bin'
[4.167s] Level 1:colcon.colcon_core.environment:checking '/home/dammr/Desktop/magister_ws/UC_SmartFarmRadar/install/radar_package/lib/pkgconfig/radar_package.pc'
[4.167s] Level 1:colcon.colcon_core.environment:checking '/home/dammr/Desktop/magister_ws/UC_SmartFarmRadar/install/radar_package/lib/python3.10/site-packages'
[4.167s] Level 1:colcon.colcon_core.shell:create_environment_hook('radar_package', 'pythonpath')
[4.167s] INFO:colcon.colcon_core.shell:Creating environment hook '/home/dammr/Desktop/magister_ws/UC_SmartFarmRadar/install/radar_package/share/radar_package/hook/pythonpath.ps1'
[4.167s] INFO:colcon.colcon_core.shell:Creating environment descriptor '/home/dammr/Desktop/magister_ws/UC_SmartFarmRadar/install/radar_package/share/radar_package/hook/pythonpath.dsv'
[4.168s] INFO:colcon.colcon_core.shell:Creating environment hook '/home/dammr/Desktop/magister_ws/UC_SmartFarmRadar/install/radar_package/share/radar_package/hook/pythonpath.sh'
[4.168s] Level 1:colcon.colcon_core.environment:checking '/home/dammr/Desktop/magister_ws/UC_SmartFarmRadar/install/radar_package/bin'
[4.168s] Level 1:colcon.colcon_core.environment:create_environment_scripts_only(radar_package)
[4.168s] INFO:colcon.colcon_core.shell:Creating package script '/home/dammr/Desktop/magister_ws/UC_SmartFarmRadar/install/radar_package/share/radar_package/package.ps1'
[4.169s] INFO:colcon.colcon_core.shell:Creating package descriptor '/home/dammr/Desktop/magister_ws/UC_SmartFarmRadar/install/radar_package/share/radar_package/package.dsv'
[4.169s] INFO:colcon.colcon_core.shell:Creating package script '/home/dammr/Desktop/magister_ws/UC_SmartFarmRadar/install/radar_package/share/radar_package/package.sh'
[4.170s] INFO:colcon.colcon_core.shell:Creating package script '/home/dammr/Desktop/magister_ws/UC_SmartFarmRadar/install/radar_package/share/radar_package/package.bash'
[4.170s] INFO:colcon.colcon_core.shell:Creating package script '/home/dammr/Desktop/magister_ws/UC_SmartFarmRadar/install/radar_package/share/radar_package/package.zsh'
[4.170s] Level 1:colcon.colcon_core.environment:create_file_with_runtime_dependencies(/home/dammr/Desktop/magister_ws/UC_SmartFarmRadar/install/radar_package/share/colcon-core/packages/radar_package)
[4.171s] DEBUG:colcon.colcon_parallel_executor.executor.parallel:closing loop
[4.171s] DEBUG:colcon.colcon_parallel_executor.executor.parallel:loop closed
[4.171s] DEBUG:colcon.colcon_parallel_executor.executor.parallel:run_until_complete finished with '0'
[4.171s] DEBUG:colcon.colcon_core.event_reactor:joining thread
[4.183s] INFO:colcon.colcon_core.plugin_system:Skipping extension 'colcon_notification.desktop_notification.terminal_notifier': Not used on non-Darwin systems
[4.183s] INFO:colcon.colcon_core.plugin_system:Skipping extension 'colcon_notification.desktop_notification.win32': Not used on non-Windows systems
[4.183s] INFO:colcon.colcon_notification.desktop_notification:Sending desktop notification using 'notify2'
[4.194s] DEBUG:colcon.colcon_core.event_reactor:joined thread
[4.194s] INFO:colcon.colcon_core.shell:Creating prefix script '/home/dammr/Desktop/magister_ws/UC_SmartFarmRadar/install/local_setup.ps1'
[4.195s] INFO:colcon.colcon_core.shell:Creating prefix util module '/home/dammr/Desktop/magister_ws/UC_SmartFarmRadar/install/_local_setup_util_ps1.py'
[4.197s] INFO:colcon.colcon_core.shell:Creating prefix chain script '/home/dammr/Desktop/magister_ws/UC_SmartFarmRadar/install/setup.ps1'
[4.206s] INFO:colcon.colcon_core.shell:Creating prefix script '/home/dammr/Desktop/magister_ws/UC_SmartFarmRadar/install/local_setup.sh'
[4.207s] INFO:colcon.colcon_core.shell:Creating prefix util module '/home/dammr/Desktop/magister_ws/UC_SmartFarmRadar/install/_local_setup_util_sh.py'
[4.207s] INFO:colcon.colcon_core.shell:Creating prefix chain script '/home/dammr/Desktop/magister_ws/UC_SmartFarmRadar/install/setup.sh'
[4.216s] INFO:colcon.colcon_core.shell:Creating prefix script '/home/dammr/Desktop/magister_ws/UC_SmartFarmRadar/install/local_setup.bash'
[4.217s] INFO:colcon.colcon_core.shell:Creating prefix chain script '/home/dammr/Desktop/magister_ws/UC_SmartFarmRadar/install/setup.bash'
[4.226s] INFO:colcon.colcon_core.shell:Creating prefix script '/home/dammr/Desktop/magister_ws/UC_SmartFarmRadar/install/local_setup.zsh'
[4.226s] INFO:colcon.colcon_core.shell:Creating prefix chain script '/home/dammr/Desktop/magister_ws/UC_SmartFarmRadar/install/setup.zsh'
